"ID","Description","GeneRatio","BgRatio","RichFactor","FoldEnrichment","zScore","pvalue","p.adjust","qvalue","geneID","Count","category","subcategory","network"
"GO:0001704","formation of primary germ layer","7/86","90/18842",0.0777777777777778,17.0405684754522,10.3287627408086,1.77089586104273e-07,0.000292551996244258,0.000254263363627608,"6657/3975/3678/2139/3909/3675/3624",7,"GO_BP",NA,"blue_hpv_neg"
"GO:2000811","negative regulation of anoikis","4/86","18/18842",0.222222222222222,48.687338501292,13.7061180595542,1.17877432149178e-06,0.000973667589552214,0.000846235881323576,"4915/3678/857/1048",4,"GO_BP",NA,"blue_hpv_neg"
"GO:0007369","gastrulation","7/86","127/18842",0.0551181102362205,12.0759934078008,8.48048561302317,1.84892251264581e-06,0.00101813999696363,0.000884887827104874,"6657/3975/3678/2139/3909/3675/3624",7,"GO_BP",NA,"blue_hpv_neg"
"GO:0030856","regulation of epithelial cell differentiation","7/86","139/18842",0.0503597122302158,11.0334616028108,8.03958524705572,3.37815012271381e-06,0.00110373111213359,0.000959276944660518,"8842/634/3975/1594/10406/857/5054",7,"GO_BP",NA,"blue_hpv_neg"
"GO:0001706","endoderm formation","5/86","51/18842",0.0980392156862745,21.4797081623347,9.9166501900281,3.50717553530609e-06,0.00110373111213359,0.000959276944660518,"6657/3975/3678/3909/3624",5,"GO_BP",NA,"blue_hpv_neg"
"GO:2000209","regulation of anoikis","4/86","24/18842",0.166666666666667,36.515503875969,11.7887554254112,4.00870863971038e-06,0.00110373111213359,0.000959276944660518,"4915/3678/857/1048",4,"GO_BP",NA,"blue_hpv_neg"
"GO:0007492","endoderm development","5/86","57/18842",0.087719298245614,19.21868625051,9.32781605735116,6.11857387228567e-06,0.00144398343385942,0.001254997708541,"6657/3975/3678/3909/3624",5,"GO_BP",NA,"blue_hpv_neg"
"GO:0120254","olefinic compound metabolic process","7/86","165/18842",0.0424242424242424,9.29485553206483,7.24650051810856,1.04515607241935e-05,0.00215301572113148,0.00187123323794019,"216/66002/1571/2938/131/1056/4051",7,"GO_BP",NA,"blue_hpv_neg"
"GO:0030858","positive regulation of epithelial cell differentiation","5/86","65/18842",0.0769230769230769,16.8533094812165,8.66951098785414,1.17295045340093e-05,0.00215301572113148,0.00187123323794019,"8842/3975/1594/10406/5054",5,"GO_BP",NA,"blue_hpv_neg"
"GO:0043276","anoikis","4/86","32/18842",0.125,27.3866279069767,10.1156914187452,1.31936148239561e-05,0.00217958516891754,0.00189432532840801,"4915/3678/857/1048",4,"GO_BP",NA,"blue_hpv_neg"
"GO:0042363","fat-soluble vitamin catabolic process","3/86","14/18842",0.214285714285714,46.9485049833887,11.6456677832511,3.22246899433636e-05,0.0048395625260397,0.00420617005576535,"66002/1594/4051",3,"GO_BP",NA,"blue_hpv_neg"
"GO:0035987","endodermal cell differentiation","4/86","44/18842",0.0909090909090909,19.9175475687104,8.50680423622816,4.7771678214377e-05,0.00625854223460777,0.00543943647763795,"6657/3678/3909/3624",4,"GO_BP",NA,"blue_hpv_neg"
"GO:0009111","vitamin catabolic process","3/86","16/18842",0.1875,41.0799418604651,10.8602328127669,4.92500296912234e-05,0.00625854223460777,0.00543943647763795,"66002/1594/4051",3,"GO_BP",NA,"blue_hpv_neg"
"GO:0010842","retina layer formation","3/86","19/18842",0.157894736842105,34.593635250918,9.9202009639246,8.43802604597154e-05,0.00995687073424642,0.0086537349824851,"8842/3975/1826",3,"GO_BP",NA,"blue_hpv_neg"
"GO:0001654","eye development","7/86","261/18842",0.0268199233716475,5.87605809498352,5.37137745119095,0.000191110204674886,0.0210476038748608,0.0182929346790557,"8842/6657/3975/1826/1365/5087/3624",7,"GO_BP",NA,"blue_hpv_neg"
"GO:0150063","visual system development","7/86","265/18842",0.0264150943396226,5.78736287845546,5.31450209650492,0.000209748887081989,0.0216565725912153,0.0188222027618311,"8842/6657/3975/1826/1365/5087/3624",7,"GO_BP",NA,"blue_hpv_neg"
"GO:0048880","sensory system development","7/86","271/18842",0.025830258302583,5.65922938299151,5.23133077245553,0.000240437493692459,0.022759490710542,0.0197807731165919,"8842/6657/3975/1826/1365/5087/3624",7,"GO_BP",NA,"blue_hpv_neg"
"GO:0001894","tissue homeostasis","6/86","194/18842",0.0309278350515464,6.77607288420043,5.47581147757261,0.000261761697034079,0.022759490710542,0.0197807731165919,"8842/216/27134/4585/1365/286676",6,"GO_BP",NA,"blue_hpv_neg"
"GO:0060249","anatomical structure homeostasis","6/86","194/18842",0.0309278350515464,6.77607288420043,5.47581147757261,0.000261761697034079,0.022759490710542,0.0197807731165919,"8842/216/27134/4585/1365/286676",6,"GO_BP",NA,"blue_hpv_neg"
"GO:0010817","regulation of hormone levels","9/86","487/18842",0.0184804928131417,4.04894704168855,4.61602609806414,0.000376983566670014,0.0301688530374466,0.0262204126055035,"54097/83539/216/51085/131/131177/1056/286676/3624",9,"GO_BP",NA,"blue_hpv_neg"
"GO:0006805","xenobiotic metabolic process","5/86","135/18842",0.037037037037037,8.114556416882,5.61750835573167,0.000383502369120084,0.0301688530374466,0.0262204126055035,"66002/1571/2938/6579/10057",5,"GO_BP",NA,"blue_hpv_neg"
"GO:0006631","fatty acid metabolic process","8/86","390/18842",0.0205128205128205,4.49421586165772,4.72162400066229,0.000407434073437011,0.0305945949689974,0.0265904342664155,"634/66002/1571/2938/51085/131/857/4051",8,"GO_BP",NA,"blue_hpv_neg"
"GO:0006766","vitamin metabolic process","3/86","38/18842",0.0789473684210526,17.296817625459,6.80927024776949,0.000690027749738581,0.0495619931551363,0.0430754165054199,"66002/1594/4051",3,"GO_BP",NA,"blue_hpv_neg"
"HALLMARK_EPITHELIAL_MESENCHYMAL_TRANSITION","HALLMARK_EPITHELIAL_MESENCHYMAL_TRANSITION","6/29","200/4384",0.03,4.5351724137931,4.17561466439209,0.0016459358973387,0.0411483974334675,0.032918717946774,"ITGA5/SERPINE1/LAMA3/TGFBI/INHBA/VEGFC",6,"MSigDB_H",NA,"blue_hpv_neg"
"GO:0006805","xenobiotic metabolic process","9/158","135/18842",0.0666666666666667,7.95021097046414,7.45260987595827,2.07204674737579e-06,0.00269161725608851,0.000342457720064655,"1557/13/66002/1564/1571/6579/218/10057/1572",9,"GO_BP",NA,"blue_hpv_pos"
"GO:0071466","cellular response to xenobiotic stimulus","10/158","179/18842",0.0558659217877095,6.66218796407609,6.99947809402395,2.76772982631209e-06,0.00269161725608851,0.000342457720064655,"1557/13/66002/1564/1571/6579/218/10057/5972/1572",10,"GO_BP",NA,"blue_hpv_pos"
"GO:0001676","long-chain fatty acid metabolic process","8/158","111/18842",0.0720720720720721,8.59482267077204,7.37979392271454,4.35080760941592e-06,0.00282077360010465,0.00035889043797936,"1557/66002/1564/1571/10998/219970/4051/1572",8,"GO_BP",NA,"blue_hpv_pos"
"GO:0001704","formation of primary germ layer","7/158","90/18842",0.0777777777777778,9.27524613220816,7.23642335224459,1.06423451292599e-05,0.00390740559995505,0.000497143942030245,"6657/3678/3675/3909/3975/2139/3624",7,"GO_BP",NA,"blue_hpv_pos"
"GO:0019369","arachidonate metabolic process","6/158","60/18842",0.1,11.9253164556962,7.79442928673242,1.08893121244654e-05,0.00390740559995505,0.000497143942030245,"1557/66002/1564/1571/4051/1572",6,"GO_BP",NA,"blue_hpv_pos"
"GO:0019373","epoxygenase P450 pathway","4/158","18/18842",0.222222222222222,26.5007032348804,9.95355089831473,1.32901741465669e-05,0.00390740559995505,0.000497143942030245,"1557/66002/1571/1572",4,"GO_BP",NA,"blue_hpv_pos"
"GO:0009410","response to xenobiotic stimulus","13/158","368/18842",0.0353260869565217,4.21274766097964,5.7235521564044,1.4062642262049e-05,0.00390740559995505,0.000497143942030245,"1557/7356/13/66002/1564/1571/6579/7424/10512/218/10057/5972/1572",13,"GO_BP",NA,"blue_hpv_pos"
"GO:0001706","endoderm formation","5/158","51/18842",0.0980392156862745,11.6914867212708,7.03062334078354,6.69599332078694e-05,0.0162796337611632,0.00207127750006973,"6657/3678/3909/3975/3624",5,"GO_BP",NA,"blue_hpv_pos"
"GO:0120254","olefinic compound metabolic process","8/158","165/18842",0.0484848484848485,5.78197161488301,5.67336853279377,7.71939116852967e-05,0.0166824620253224,0.00212252982749834,"1557/66002/1564/1056/1571/131/4051/1572",8,"GO_BP",NA,"blue_hpv_pos"
"GO:0007369","gastrulation","7/158","127/18842",0.0551181102362205,6.57300907006877,5.79485113240648,9.82848873987198e-05,0.019116410599051,0.00243220404935446,"6657/3678/3675/3909/3975/2139/3624",7,"GO_BP",NA,"blue_hpv_pos"
"GO:0007492","endoderm development","5/158","57/18842",0.087719298245614,10.4608039085054,6.57817553428888,0.000114623191702052,0.0202674643509538,0.00257865401086249,"6657/3678/3909/3975/3624",5,"GO_BP",NA,"blue_hpv_pos"
"GO:1903251","multi-ciliated epithelial cell differentiation","3/158","13/18842",0.230769230769231,27.5199610516066,8.79582376779949,0.000155560289541988,0.0252137302632639,0.00320797340734489,"2302/124093/10406",3,"GO_BP",NA,"blue_hpv_pos"
"GO:0048598","embryonic morphogenesis","11/158","354/18842",0.0310734463276836,3.70560680826718,4.72570858344128,0.000202767812804725,0.0282753876063286,0.00359751177538494,"6657/5357/3678/3675/3909/388591/3975/161497/2304/2139/3624",11,"GO_BP",NA,"blue_hpv_pos"
"GO:0035036","sperm-egg recognition","4/158","35/18842",0.114285714285714,13.6289330922242,6.87680185915586,0.000203524640868175,0.0282753876063286,0.00359751177538494,"149095/171169/5047/127579",4,"GO_BP",NA,"blue_hpv_pos"
"hsa00980","Metabolism of xenobiotics by cytochrome P450","6/73","79/9424",0.0759493670886076,9.80475117045258,6.94333271999058,3.11890334649642e-05,0.0058323492579483,0.00548270377752528,"1564/1571/131/218/246181/1572",6,"KEGG","Xenobiotics biodegradation and metabolism","blue_hpv_pos"
"hsa00982","Drug metabolism - cytochrome P450","5/73","73/9424",0.0684931506849315,8.84218427472321,5.94287289521102,0.000242184235051894,0.0226442259773521,0.0212867196071928,"1557/1564/1571/131/218",5,"KEGG","Xenobiotics biodegradation and metabolism","blue_hpv_pos"
"GO:0002449","lymphocyte mediated immunity","118/580","339/18842",0.348082595870207,11.3078832265283,34.1302969611766,4.28562549012364e-93,1.24754558017499e-89,1.24754558017499e-89,"972/3071/50943/6504/3503/3635/28464/59067/3542/2208/3581/28409/201633/28424/28466/3805/3002/28445/914/28385/28400/102723169/114836/1439/5133/925/100423062/28434/3561/3824/28834/28454/28432/30009/939/28420/51311/10859/3538/3560/7133/28455/28386/3495/3539/28394/151888/3502/3594/3501/9437/28396/2209/28395/5788/102723168/1378/3902/3494/3543/28439/28378/7409/28388/28414/28448/28426/28429/28401/28408/3493/28467/1380/924/714/2529/10538/57823/10666/7305/28410/4818/3123/102723170/28412/28452/7454/28423/259307/28392/3500/259197/56253/28444/28449/959/28457/11006/3122/2213/2207/28450/5551/28473/441168/28442/28468/28461/84174/50615/28391/3820/3514/84868/2214/930/729230/116449",118,"GO_BP",NA,"turquoise_hpv_neg"
"GO:0002443","leukocyte mediated immunity","125/580","429/18842",0.291375291375291,9.46567800016076,31.6096667700041,5.5231811101862e-88,8.03899010587601e-85,8.03899010587601e-85,"3689/972/3071/50943/6504/3503/3635/28464/59067/3542/2208/3581/28409/201633/28424/28466/3805/3002/28445/914/28385/28400/102723169/114836/1439/5133/925/1524/100423062/28434/3561/3824/28834/28454/28432/284021/30009/939/28420/51311/10859/3538/3560/7133/28455/28386/3495/5294/3539/28394/151888/3502/3594/3501/9437/28396/2209/28395/5788/102723168/1378/3902/8832/3494/3543/28439/28378/7409/28388/28414/26228/28448/28426/28429/28401/28408/3493/28467/1380/924/714/2529/10538/57823/10666/7305/28410/4818/3123/102723170/28412/28452/7454/28423/259307/28392/3500/259197/56253/28444/28449/959/28457/11006/3122/2213/2207/28450/5551/28473/441168/28442/28468/388325/28461/84174/50615/28391/3820/3514/84868/2214/930/729230/116449",125,"GO_BP",NA,"turquoise_hpv_neg"
"GO:0002460","adaptive immune response based on somatic recombination of immune receptors built from immunoglobulin superfamily domains","112/580","377/18842",0.297082228116711,9.65107472788804,30.2383357515612,1.59519999368263e-79,1.54787572720337e-76,1.54787572720337e-76,"972/3071/50943/6504/3503/28464/59067/3542/2208/3581/28409/28424/28466/28445/28385/28400/102723169/114836/1439/5133/925/100423062/28434/3561/3824/28834/28454/28432/30009/939/28420/51311/10859/3538/3560/7133/28455/28386/3495/3539/28394/151888/3502/920/7099/4063/3594/3662/3501/28396/2209/28395/5788/102723168/1378/3902/3494/6693/3543/28439/28378/28388/28414/28448/28426/28429/28401/28408/3493/28467/1380/924/969/714/2529/10538/10666/8807/28410/3123/102723170/28412/28452/7454/28423/259307/28392/3500/28444/28449/959/28457/11006/6363/3122/2213/2207/28450/5551/28473/28442/28468/28461/84174/50615/28391/3514/84868/2214/930/729230/10563",112,"GO_BP",NA,"turquoise_hpv_neg"
"GO:0019724","B cell mediated immunity","79/580","177/18842",0.446327683615819,14.4994934736022,32.1574728503825,5.0881053691449e-72,3.7028686823952e-69,3.7028686823952e-69,"972/3503/28464/59067/3542/2208/3581/28409/28424/28466/28445/28385/28400/102723169/1439/100423062/28434/3561/28834/28454/28432/939/28420/51311/3538/3560/28455/28386/3495/3539/28394/3502/3501/28396/2209/28395/102723168/1378/3494/3543/28439/28378/28388/28414/28448/28426/28429/28401/28408/3493/28467/1380/714/10538/10666/28410/102723170/28412/28452/28423/28392/3500/28444/28449/959/28457/2213/2207/28450/28473/28442/28468/28461/84174/50615/28391/3514/2214/930",79,"GO_BP",NA,"turquoise_hpv_neg"
"GO:0016064","immunoglobulin mediated immune response","77/580","172/18842",0.447674418604651,14.5432437850842,31.7984947986345,2.61118058996666e-70,1.52022933947859e-67,1.52022933947859e-67,"972/3503/28464/59067/3542/3581/28409/28424/28466/28445/28385/28400/102723169/1439/100423062/28434/3561/28834/28454/28432/939/28420/51311/3538/3560/28455/28386/3495/3539/28394/3502/3501/28396/2209/28395/102723168/1378/3494/3543/28439/28378/28388/28414/28448/28426/28429/28401/28408/3493/28467/1380/714/10538/10666/28410/102723170/28412/28452/28423/28392/3500/28444/28449/959/28457/2213/2207/28450/28473/28442/28468/28461/50615/28391/3514/2214/930",77,"GO_BP",NA,"turquoise_hpv_neg"
"GO:0002768","immune response-regulating cell surface receptor signaling pathway","94/580","392/18842",0.239795918367347,7.79005981703026,24.2108619189704,3.97683438666133e-57,1.92942748326185e-54,1.92942748326185e-54,"3071/3503/257101/3635/3812/6966/53347/3542/2208/84106/3805/28639/933/5133/925/3824/28755/28834/2359/150372/945/10859/926/3495/3539/919/921/54900/151888/11024/3502/28638/920/7099/3501/9437/4068/7294/2209/115352/5788/1378/387357/3902/940/3494/931/719/974/1236/3903/7409/26228/1493/26191/640/3493/1380/1240/131450/8631/915/10666/7305/596/3123/23547/3500/259197/917/916/7535/973/11006/2213/2207/3702/6967/28526/3115/5063/388325/3458/84174/50852/9840/5579/3514/2214/930/7805/3937/3507/4332",94,"GO_BP",NA,"turquoise_hpv_neg"
"GO:0050851","antigen receptor-mediated signaling pathway","67/580","206/18842",0.325242718446602,10.5659022430532,24.6022597812336,3.93458662960277e-50,1.63622595411052e-47,1.63622595411052e-47,"3071/3503/257101/3635/6966/53347/3542/84106/28639/933/5133/925/28755/28834/150372/926/3495/3539/919/921/54900/3502/28638/920/3501/4068/7294/115352/5788/387357/3902/940/3494/931/974/1236/26228/1493/26191/640/3493/8631/915/10666/596/3123/3500/917/916/7535/973/11006/2213/3702/6967/28526/3115/84174/50852/9840/5579/3514/930/7805/3937/3507/4332",67,"GO_BP",NA,"turquoise_hpv_neg"
"GO:0002429","immune response-activating cell surface receptor signaling pathway","81/580","336/18842",0.241071428571429,7.83149630541872,22.5175429567472,2.59631337618111e-49,9.44733529757903e-47,9.44733529757903e-47,"3071/3503/257101/3635/6966/53347/3542/2208/84106/28639/933/5133/925/3824/28755/28834/2359/150372/926/3495/3539/919/921/54900/3502/28638/920/7099/3501/4068/7294/115352/5788/1378/387357/3902/940/3494/931/719/974/1236/7409/26228/1493/26191/640/3493/1380/1240/8631/915/10666/7305/596/3123/3500/259197/917/916/7535/973/11006/2213/3702/6967/28526/3115/5063/388325/3458/84174/50852/9840/5579/3514/930/7805/3937/3507/4332",81,"GO_BP",NA,"turquoise_hpv_neg"
"GO:0051249","regulation of lymphocyte activation","85/580","453/18842",0.187637969094923,6.09564588566644,19.5641546283338,1.48836232673464e-42,4.81402525902726e-40,4.81402525902726e-40,"972/3071/923/50943/6504/257101/3127/3635/6869/59067/201633/3659/914/933/54440/23495/5133/3561/3824/9750/150372/30009/939/6347/10859/27240/7133/921/54900/151888/8477/920/3594/3662/115352/5788/1378/3902/940/51237/11326/6693/1236/3111/3113/7409/3108/22806/1493/26191/969/3117/10538/7305/596/3123/56833/259307/3109/56253/916/959/7535/11006/6363/3122/2213/160365/26279/55423/399/3115/7412/10673/9840/944/84868/2214/930/7805/64926/729230/29851/4332/116449",85,"GO_BP",NA,"turquoise_hpv_neg"
"GO:0070661","leukocyte proliferation","66/580","261/18842",0.252873563218391,8.2149028933809,20.9174146007748,1.35472191259511e-41,3.94359548756437e-39,3.94359548756437e-39,"972/3071/923/50943/6504/6869/2322/59067/3659/933/3385/54440/1439/23495/3561/9750/10859/3560/7133/5294/151888/920/3594/115352/5788/1378/940/51237/11326/6693/931/3113/7409/22806/3568/1493/26191/1380/7305/596/3123/4064/259307/3109/56253/1436/916/959/973/11006/6363/2213/160365/26279/3115/7412/10673/202309/944/84868/2214/930/7805/64926/729230/4332",66,"GO_BP",NA,"turquoise_hpv_neg"
"GO:0046651","lymphocyte proliferation","61/580","227/18842",0.268722466960352,8.72977365942579,20.8804564368998,3.66154968907957e-40,9.68979194991874e-38,9.68979194991874e-38,"972/3071/923/50943/6504/6869/2322/59067/3659/933/3385/54440/23495/9750/10859/7133/5294/151888/920/3594/115352/5788/1378/940/51237/11326/6693/931/3113/7409/22806/1493/26191/1380/7305/596/3123/4064/259307/3109/56253/916/959/973/11006/6363/2213/160365/26279/3115/7412/10673/202309/944/84868/2214/930/7805/64926/729230/4332",61,"GO_BP",NA,"turquoise_hpv_neg"
"GO:0032943","mononuclear cell proliferation","61/580","230/18842",0.265217391304348,8.61590704647676,20.7100350159917,8.532261599592e-40,2.06978445970103e-37,2.06978445970103e-37,"972/3071/923/50943/6504/6869/2322/59067/3659/933/3385/54440/23495/9750/10859/7133/5294/151888/920/3594/115352/5788/1378/940/51237/11326/6693/931/3113/7409/22806/1493/26191/1380/7305/596/3123/4064/259307/3109/56253/916/959/973/11006/6363/2213/160365/26279/3115/7412/10673/202309/944/84868/2214/930/7805/64926/729230/4332",61,"GO_BP",NA,"turquoise_hpv_neg"
"GO:0030098","lymphocyte differentiation","69/580","356/18842",0.193820224719101,6.29648392096087,17.9797225267861,1.7987525806999e-35,4.02782212493647e-33,4.02782212493647e-33,"972/3071/50943/6504/257101/3635/2322/59067/3659/914/8320/114836/925/3561/10320/150372/30009/939/8477/920/4063/3594/3662/115352/5788/1378/387357/3902/940/6693/6689/931/974/1236/22806/1493/26191/1380/969/10538/915/8807/3123/56833/5450/259307/56253/171558/917/916/7535/973/11006/6363/3122/2213/3702/399/7412/10673/3676/9840/944/930/7805/729230/29851/3394/3507",69,"GO_BP",NA,"turquoise_hpv_neg"
"GO:0070663","regulation of leukocyte proliferation","56/580","224/18842",0.25,8.12155172413793,19.1083827341069,4.44129122334535e-35,9.23471339368451e-33,9.23471339368451e-33,"972/3071/923/50943/6504/6869/59067/3659/933/54440/1439/23495/3561/9750/10859/3560/7133/151888/920/3594/115352/5788/1378/940/51237/11326/6693/3113/22806/3568/1493/26191/7305/596/3123/259307/3109/56253/1436/916/959/11006/6363/2213/160365/26279/3115/7412/10673/944/84868/2214/7805/64926/729230/4332",56,"GO_BP",NA,"turquoise_hpv_neg"
"GO:1903131","mononuclear cell differentiation","74/580","439/18842",0.168564920273349,5.47603487550075,16.9111527033783,9.10149449890982e-34,1.76629669908843e-31,1.76629669908843e-31,"972/3071/50943/6504/257101/3635/2322/59067/3659/914/8320/114836/925/3561/10320/150372/30009/939/10859/8477/920/4063/3594/3662/115352/5788/1378/387357/3902/940/6693/6689/931/974/1236/22806/1493/26191/1380/969/714/10538/915/55365/8807/3123/56833/5450/259307/56253/171558/917/1436/916/7535/973/11006/6363/3122/2213/3702/399/3458/7412/10673/3676/9840/944/930/7805/729230/29851/3394/3507",74,"GO_BP",NA,"turquoise_hpv_neg"
"GO:0007159","leukocyte cell-cell adhesion","70/580","402/18842",0.174129353233831,5.65680219591697,16.8194643849871,7.0719368110765e-33,1.28665050356523e-30,1.28665050356523e-30,"3689/3071/923/50943/6504/3127/83706/59067/201633/6403/3659/3385/5133/1524/3561/9750/30009/939/6347/10859/921/54900/151888/8477/920/3594/5788/1378/3902/940/11326/6693/3683/1236/3111/3113/7409/3108/1493/26191/969/2529/3117/8631/3123/3695/259307/3109/56253/916/959/7535/11006/6363/3122/160365/26279/55423/399/3115/7412/3676/9840/84868/6401/7805/64926/729230/29851/6402",70,"GO_BP",NA,"turquoise_hpv_neg"
"GO:0050670","regulation of lymphocyte proliferation","51/580","198/18842",0.257575757575758,8.36765935214211,18.5730996198665,1.05964671118396e-32,1.81448916250382e-30,1.81448916250382e-30,"972/3071/923/50943/6504/6869/59067/3659/933/54440/23495/9750/10859/7133/151888/920/3594/115352/5788/1378/940/51237/11326/6693/3113/22806/1493/26191/7305/596/3123/259307/3109/56253/916/959/11006/6363/2213/160365/26279/3115/7412/10673/944/84868/2214/7805/64926/729230/4332",51,"GO_BP",NA,"turquoise_hpv_neg"
"GO:0050863","regulation of T cell activation","65/580","346/18842",0.187861271676301,6.10290013952561,17.0729281610843,1.37709009681503e-32,2.22706070657142e-30,2.22706070657142e-30,"3071/923/50943/6504/257101/3127/59067/201633/3659/914/5133/3561/9750/30009/939/6347/10859/27240/7133/921/54900/151888/8477/920/3594/3662/5788/1378/3902/940/11326/6693/1236/3111/3113/7409/3108/1493/26191/969/3117/10538/3123/259307/3109/56253/916/959/7535/11006/6363/3122/160365/26279/55423/399/3115/7412/9840/944/84868/7805/64926/729230/29851",65,"GO_BP",NA,"turquoise_hpv_neg"
"GO:0032944","regulation of mononuclear cell proliferation","51/580","200/18842",0.255,8.28398275862069,18.4556547607694,1.80770594858988e-32,2.76959579807639e-30,2.76959579807639e-30,"972/3071/923/50943/6504/6869/59067/3659/933/54440/23495/9750/10859/7133/151888/920/3594/115352/5788/1378/940/51237/11326/6693/3113/22806/1493/26191/7305/596/3123/259307/3109/56253/916/959/11006/6363/2213/160365/26279/3115/7412/10673/944/84868/2214/7805/64926/729230/4332",51,"GO_BP",NA,"turquoise_hpv_neg"
"GO:1903037","regulation of leukocyte cell-cell adhesion","64/580","359/18842",0.178272980501393,5.79141292863318,16.3348968082051,1.04158196235201e-30,1.51602254620335e-28,1.51602254620335e-28,"3689/3071/923/50943/6504/3127/59067/201633/6403/3659/5133/3561/9750/30009/939/6347/10859/921/54900/151888/8477/920/3594/5788/1378/3902/940/11326/6693/1236/3111/3113/7409/3108/1493/26191/969/2529/3117/8631/3123/259307/3109/56253/916/959/7535/11006/6363/3122/160365/26279/55423/399/3115/7412/3676/9840/84868/6401/7805/64926/729230/29851",64,"GO_BP",NA,"turquoise_hpv_neg"
"GO:0050853","B cell receptor signaling pathway","31/580","74/18842",0.418918918918919,13.6090866728798,19.3678893295947,1.20540075737029e-27,1.67091504985948e-25,1.67091504985948e-25,"3071/3503/3542/933/28834/150372/3495/3539/921/3502/3501/115352/5788/3494/931/974/26228/1493/26191/640/3493/596/3500/973/2213/3702/5579/3514/930/3507/4332",31,"GO_BP",NA,"turquoise_hpv_neg"
"GO:0022407","regulation of cell-cell adhesion","67/580","472/18842",0.141949152542373,4.61138953828171,14.1606294710152,4.50557743025233e-26,5.96169813612024e-24,5.96169813612024e-24,"3689/3071/923/50943/6504/3127/83706/59067/201633/6403/3659/10272/5133/3561/9750/30009/939/6347/10859/921/54900/151888/8477/920/3594/5788/1378/3902/940/11326/6693/1236/3111/3113/7409/3108/1493/26191/969/2529/3117/8631/3123/259307/3109/56253/916/959/7535/11006/6363/3122/160365/26279/55423/399/3115/7412/3676/9840/84868/6401/7805/64926/729230/29851/10563",67,"GO_BP",NA,"turquoise_hpv_neg"
"GO:0050852","T cell receptor signaling pathway","39/580","145/18842",0.268965517241379,8.7376694411415,16.6686340436616,5.22301272606708e-26,6.61051741112229e-24,6.61051741112229e-24,"257101/3635/6966/53347/84106/28639/5133/925/28755/926/919/28638/920/4068/7294/5788/387357/3902/940/1236/1493/26191/8631/915/10666/3123/917/916/7535/11006/3702/6967/28526/3115/84174/50852/9840/7805/3937",39,"GO_BP",NA,"turquoise_hpv_neg"
"GO:0050867","positive regulation of cell activation","57/580","345/18842",0.165217391304348,5.36728635682159,14.5902378068418,1.15203373555959e-25,1.39732091842249e-23,1.39732091842249e-23,"972/3071/923/50943/6504/3127/3635/6869/59067/6403/5341/914/54440/3561/939/6347/921/8477/3603/920/7099/3594/115352/5788/1378/940/1236/3111/3113/7409/3108/26228/3117/10666/7305/596/3123/259307/3109/916/959/7535/11006/6363/3122/160365/55423/399/3115/7412/10673/9840/84868/2214/64926/729230/29851",57,"GO_BP",NA,"turquoise_hpv_neg"
"GO:0002696","positive regulation of leukocyte activation","55/580","325/18842",0.169230769230769,5.49766578249337,14.5758989834968,2.53687320219863e-25,2.95393515664008e-23,2.95393515664008e-23,"972/3071/923/50943/6504/3127/3635/6869/59067/914/54440/3561/939/6347/921/8477/3603/920/7099/3594/115352/5788/1378/940/1236/3111/3113/7409/3108/26228/3117/10666/7305/596/3123/259307/3109/916/959/7535/11006/6363/3122/160365/55423/399/3115/7412/10673/9840/84868/2214/64926/729230/29851",55,"GO_BP",NA,"turquoise_hpv_neg"
"GO:0042113","B cell activation","47/580","238/18842",0.197478991596639,6.4153433787308,14.9831495816436,9.32413331813246e-25,1.0439443111186e-22,1.0439443111186e-22,"115350/972/3071/3635/2322/59067/933/643/54440/23495/150372/939/83416/54900/151888/115352/5788/1378/51237/6689/931/974/7409/22806/1493/1380/10538/7305/596/4064/56833/5450/259307/959/7535/973/2213/7412/10673/3676/202309/5579/930/7805/3394/3507/4332",47,"GO_BP",NA,"turquoise_hpv_neg"
"GO:0002697","regulation of immune effector process","56/580","347/18842",0.161383285302594,5.24273079598529,14.2159159893012,1.05223293730676e-24,1.13446299277777e-22,1.13446299277777e-22,"3689/972/3071/50943/6504/3635/59067/201633/3805/933/114836/54440/5133/1524/3824/30009/10859/7133/151888/653361/3594/9437/115352/5788/1378/3902/8832/51237/11326/26228/51744/1380/924/969/2529/10538/10666/7305/3123/7454/56833/259307/3109/259197/56253/11006/6363/3122/2213/441168/388325/3820/84868/7805/729230/116449",56,"GO_BP",NA,"turquoise_hpv_neg"
"GO:1903039","positive regulation of leukocyte cell-cell adhesion","47/580","250/18842",0.188,6.10740689655172,14.4876921784394,8.60096387466812e-24,8.94193065684246e-22,8.94193065684246e-22,"3689/3071/923/50943/6504/3127/59067/6403/3561/939/6347/921/8477/920/3594/5788/1378/940/1236/3111/3113/7409/3108/2529/3117/8631/3123/259307/3109/916/959/7535/11006/6363/3122/160365/55423/399/3115/7412/3676/9840/84868/6401/64926/729230/29851",47,"GO_BP",NA,"turquoise_hpv_neg"
"GO:0051251","positive regulation of lymphocyte activation","50/580","289/18842",0.173010380622837,5.62045102016466,14.1064593668155,1.51344030136726e-23,1.48883277664599e-21,1.48883277664599e-21,"972/3071/923/50943/6504/3127/3635/6869/59067/54440/3561/939/6347/921/8477/920/3594/115352/5788/1378/940/1236/3111/3113/7409/3108/3117/7305/596/3123/259307/3109/916/959/7535/11006/6363/3122/160365/55423/399/3115/7412/10673/9840/84868/2214/64926/729230/29851",50,"GO_BP",NA,"turquoise_hpv_neg"
"GO:0030217","T cell differentiation","48/580","265/18842",0.181132075471698,5.88429407937541,14.2701570690109,1.53435188249329e-23,1.48883277664599e-21,1.48883277664599e-21,"972/3071/50943/257101/59067/3659/914/8320/114836/925/3561/30009/939/8477/920/4063/3594/3662/5788/1378/387357/3902/940/6693/1236/22806/1493/26191/969/10538/915/8807/3123/259307/56253/171558/917/916/7535/11006/6363/3122/3702/399/9840/944/729230/29851",48,"GO_BP",NA,"turquoise_hpv_neg"
"GO:0042098","T cell proliferation","38/580","162/18842",0.234567901234568,7.62022137079608,15.0811127045712,4.89603596994688e-23,4.59753571242431e-21,4.59753571242431e-21,"3071/923/50943/6504/59067/3659/3385/9750/10859/7133/5294/151888/920/3594/5788/1378/940/11326/6693/3113/1493/3123/259307/3109/56253/916/959/11006/6363/160365/26279/3115/7412/944/84868/7805/64926/729230",38,"GO_BP",NA,"turquoise_hpv_neg"
"GO:0042129","regulation of T cell proliferation","36/580","148/18842",0.243243243243243,7.90205032618826,15.0227576950528,1.82974558515771e-22,1.66449668699816e-20,1.66449668699816e-20,"3071/923/50943/6504/59067/3659/9750/10859/7133/151888/920/3594/5788/1378/940/11326/6693/3113/1493/3123/259307/3109/56253/916/959/11006/6363/160365/26279/3115/7412/944/84868/7805/64926/729230",36,"GO_BP",NA,"turquoise_hpv_neg"
"GO:0022409","positive regulation of cell-cell adhesion","49/580","297/18842",0.164983164983165,5.35967723209103,13.4961826061728,3.69348197469587e-22,3.25809879646657e-20,3.25809879646657e-20,"3689/3071/923/50943/6504/3127/59067/6403/10272/3561/939/6347/921/8477/920/3594/5788/1378/940/1236/3111/3113/7409/3108/2529/3117/8631/3123/259307/3109/916/959/7535/11006/6363/3122/160365/55423/399/3115/7412/3676/9840/84868/6401/64926/729230/29851/10563",49,"GO_BP",NA,"turquoise_hpv_neg"
"GO:0002703","regulation of leukocyte mediated immunity","42/580","219/18842",0.191780821917808,6.23023145961266,13.8742637685872,1.01371190495831e-21,8.6791628098048e-20,8.6791628098048e-20,"3689/3071/50943/6504/3635/59067/201633/3805/114836/5133/1524/3824/30009/10859/7133/151888/3594/9437/5788/1378/3902/8832/26228/1380/924/2529/10666/7305/3123/7454/259307/259197/56253/11006/3122/2213/441168/388325/3820/84868/729230/116449",42,"GO_BP",NA,"turquoise_hpv_neg"
"GO:0002706","regulation of lymphocyte mediated immunity","36/580","169/18842",0.21301775147929,6.92013874719445,13.7771691723759,2.22274826184655e-20,1.84869148292437e-18,1.84869148292437e-18,"3071/50943/6504/3635/59067/201633/3805/114836/5133/3824/30009/10859/7133/151888/3594/9437/5788/1378/3902/1380/924/2529/10666/3123/7454/259307/259197/56253/11006/3122/2213/441168/3820/84868/729230/116449",36,"GO_BP",NA,"turquoise_hpv_neg"
"GO:0050870","positive regulation of T cell activation","41/580","226/18842",0.18141592920354,5.89351541043638,13.1893622694234,2.73678869726583e-20,2.21299774937245e-18,2.21299774937245e-18,"3071/923/50943/6504/3127/59067/3561/939/6347/921/8477/920/3594/5788/1378/940/1236/3111/3113/7409/3108/3117/3123/259307/3109/916/959/7535/11006/6363/3122/160365/55423/399/3115/7412/9840/84868/64926/729230/29851",41,"GO_BP",NA,"turquoise_hpv_neg"
"GO:0046631","alpha-beta T cell activation","37/580","183/18842",0.202185792349727,6.56824948181647,13.4893756866246,4.31650445680702e-20,3.39603904696358e-18,3.39603904696358e-18,"3071/50943/257101/59067/3659/8320/28639/114836/28755/30009/10859/919/8477/28638/4063/3594/3662/6693/969/10538/915/8807/4818/3123/259197/56253/171558/917/916/11006/6363/3122/3702/944/64926/729230/29851",37,"GO_BP",NA,"turquoise_hpv_neg"
"GO:0042100","B cell proliferation","25/580","75/18842",0.333333333333333,10.8287356321839,15.1992675843467,1.20957855312343e-19,9.26600833721655e-18,9.26600833721655e-18,"972/3071/59067/933/54440/23495/151888/115352/5788/51237/931/7409/22806/1493/1380/7305/596/4064/959/973/2213/10673/202309/930/4332",25,"GO_BP",NA,"turquoise_hpv_neg"
"GO:0002366","leukocyte activation involved in immune response","44/580","274/18842",0.160583941605839,5.21676315127108,12.5303651808695,1.56533733264481e-19,1.16838383982796e-17,1.16838383982796e-17,"3689/972/3071/50943/6504/59067/8320/114836/1524/284021/30009/10859/5294/4063/3594/3662/1378/8832/6693/1794/3683/51744/969/10538/8807/7305/4818/3123/4064/5450/3109/959/6363/3122/2213/2207/3458/202309/84868/2214/930/729230/3394/116449",44,"GO_BP",NA,"turquoise_hpv_neg"
"GO:0002263","cell activation involved in immune response","44/580","279/18842",0.157706093189964,5.12327277221604,12.3655058670097,3.2234714294253e-19,2.34588133276426e-17,2.34588133276426e-17,"3689/972/3071/50943/6504/59067/8320/114836/1524/284021/30009/10859/5294/4063/3594/3662/1378/8832/6693/1794/3683/51744/969/10538/8807/7305/4818/3123/4064/5450/3109/959/6363/3122/2213/2207/3458/202309/84868/2214/930/729230/3394/116449",44,"GO_BP",NA,"turquoise_hpv_neg"
"GO:1902105","regulation of leukocyte differentiation","45/580","295/18842",0.152542372881356,4.95552308591467,12.2030923498181,4.81316577147701e-19,3.41734769774868e-17,3.41734769774868e-17,"972/3071/9290/50943/257101/3635/3659/914/10272/3561/150372/30009/939/10859/3560/1230/8477/920/7099/3594/3662/115352/1378/3902/22806/1493/969/714/10538/55365/7305/3123/56833/259307/56253/7535/11006/6363/3122/2213/2124/399/3458/9840/729230",45,"GO_BP",NA,"turquoise_hpv_neg"
"GO:0001909","leukocyte mediated cytotoxicity","31/580","134/18842",0.23134328358209,7.5154657745754,13.4888830313371,7.90607683457171e-19,5.37863253032334e-17,5.37863253032334e-17,"3071/3635/59067/201633/3805/3002/914/114836/1524/3824/10859/3594/9437/2209/5788/7409/26228/57823/10666/7305/4818/3123/3500/259197/56253/3122/2213/5551/3820/84868/2214",31,"GO_BP",NA,"turquoise_hpv_neg"
"GO:0002695","negative regulation of leukocyte activation","35/580","176/18842",0.198863636363636,6.46032523510972,12.9700310865547,7.9450772519376e-19,5.37863253032334e-17,5.37863253032334e-17,"50943/146722/201633/3659/23495/5133/1269/9750/284021/945/30009/10859/54900/151888/5788/1378/3902/8832/11326/6693/8530/1493/26191/969/7305/3123/259307/56253/11006/2213/26279/84868/7805/4332/116449",35,"GO_BP",NA,"turquoise_hpv_neg"
"GO:0001906","cell killing","40/580","238/18842",0.168067226890756,5.45986670530281,12.3395406877053,1.38819008754311e-18,9.18413942008632e-17,9.18413942008632e-17,"3071/3635/59067/201633/3805/3002/914/2999/114836/1524/3824/10859/3004/3594/9437/2209/5788/1378/4283/7409/26228/57823/10666/7305/4818/3123/3500/4069/259197/56253/3001/6363/3122/2213/5551/3820/115362/84868/2214/10563",40,"GO_BP",NA,"turquoise_hpv_neg"
"GO:0070665","positive regulation of leukocyte proliferation","31/580","138/18842",0.22463768115942,7.29762618690655,13.2324717943844,1.9751110347452e-18,1.27767738269851e-16,1.27767738269851e-16,"972/3071/923/6504/6869/59067/54440/1439/3561/3560/920/3594/115352/5788/940/3113/3568/596/3109/1436/916/959/6363/160365/3115/7412/10673/84868/2214/64926/729230",31,"GO_BP",NA,"turquoise_hpv_neg"
"GO:0001819","positive regulation of cytokine production","58/580","499/18842",0.11623246492986,3.77595190380762,11.2000208041915,2.20728792014793e-18,1.39682937729361e-16,1.39682937729361e-16,"972/923/6504/59067/201633/3805/3659/914/114836/51284/150372/30009/51311/10859/3495/5294/8477/3603/920/7099/4063/3594/3662/7294/2209/5788/940/6693/719/1236/3113/26191/51744/924/10538/4671/10666/8807/7305/5450/56253/1436/959/6363/2213/160365/2207/3702/1536/3115/388325/3458/115362/84868/2214/7805/729230/116449",58,"GO_BP",NA,"turquoise_hpv_neg"
"GO:0002704","negative regulation of leukocyte mediated immunity","22/580","65/18842",0.338461538461538,10.9953315649867,14.3857524480535,1.31831273821213e-17,8.1651242147564e-16,8.1651242147564e-16,"3071/50943/6504/3635/201633/3805/5133/1524/3824/30009/10859/151888/5788/1378/3902/8832/1380/259307/11006/2213/84868/729230",22,"GO_BP",NA,"turquoise_hpv_neg"
"GO:0002698","negative regulation of immune effector process","27/580","108/18842",0.25,8.12155172413793,13.2270518223876,1.71914617156823e-17,1.04259052196565e-15,1.04259052196565e-15,"3071/50943/6504/3635/201633/3805/933/5133/1524/3824/30009/10859/151888/115352/5788/1378/3902/8832/11326/1380/969/56833/259307/11006/2213/84868/729230",27,"GO_BP",NA,"turquoise_hpv_neg"
"GO:0050866","negative regulation of cell activation","35/580","198/18842",0.176767676767677,5.74251132009753,11.9553756473426,4.00721320807155e-17,2.38061176504006e-15,2.38061176504006e-15,"50943/146722/201633/3659/23495/5133/1269/9750/284021/945/30009/10859/54900/151888/5788/1378/3902/8832/11326/6693/8530/1493/26191/969/7305/3123/259307/56253/11006/2213/26279/84868/7805/4332/116449",35,"GO_BP",NA,"turquoise_hpv_neg"
"GO:0045785","positive regulation of cell adhesion","51/580","437/18842",0.116704805491991,3.79129645703464,10.5213283495405,2.36336971286469e-16,1.37595384682982e-14,1.37595384682982e-14,"3689/3071/923/50943/6504/3127/59067/6403/10272/3561/939/6347/921/8477/920/3594/5788/1378/940/57091/1236/3111/3113/7409/3108/2529/3117/8631/3123/259307/3109/916/959/7535/11006/6363/3122/160365/55423/399/3115/3458/7412/3676/9840/84868/6401/64926/729230/29851/10563",51,"GO_BP",NA,"turquoise_hpv_neg"
"GO:0050854","regulation of antigen receptor-mediated signaling pathway","22/580","74/18842",0.297297297297297,9.65806150978565,13.299010585043,3.05721359945677e-16,1.74500956627817e-14,1.74500956627817e-14,"53347/933/5133/150372/921/4068/115352/5788/3902/940/1236/26228/1493/26191/10666/11006/2213/84174/50852/9840/930/7805",22,"GO_BP",NA,"turquoise_hpv_neg"
"GO:0002285","lymphocyte activation involved in immune response","33/580","191/18842",0.172774869109948,5.6128001444304,11.4188419948938,6.53086204967412e-16,3.65602681280795e-14,3.65602681280795e-14,"972/3071/50943/59067/8320/114836/30009/10859/4063/3594/3662/1378/6693/3683/51744/969/10538/8807/7305/4818/3123/4064/5450/3109/959/6363/3122/2213/202309/84868/2214/930/3394",33,"GO_BP",NA,"turquoise_hpv_neg"
"GO:0030183","B cell differentiation","26/580","114/18842",0.228070175438596,7.4091349062311,12.2320131934975,7.73021857317956e-16,4.24578608802372e-14,4.24578608802372e-14,"3071/3635/2322/59067/150372/939/115352/5788/1378/6689/931/974/22806/1380/56833/5450/259307/973/2213/7412/10673/3676/930/7805/3394/3507",26,"GO_BP",NA,"turquoise_hpv_neg"
"GO:0050864","regulation of B cell activation","25/580","107/18842",0.233644859813084,7.59023525620368,12.1830986450757,1.52332977216543e-15,8.21187586439551e-14,8.21187586439551e-14,"972/3071/3635/59067/933/54440/23495/150372/939/151888/115352/5788/1378/51237/22806/1493/7305/596/56833/259307/2213/10673/930/7805/4332",25,"GO_BP",NA,"turquoise_hpv_neg"
"GO:0031341","regulation of cell killing","24/580","99/18842",0.242424242424242,7.87544409613375,12.2233599870919,2.29861334848002e-15,1.21659335589551e-13,1.21659335589551e-13,"3071/3635/59067/201633/3805/114836/1524/3824/10859/3594/9437/5788/1378/26228/10666/7305/3123/259197/56253/3122/2213/5551/3820/84868",24,"GO_BP",NA,"turquoise_hpv_neg"
"GO:0050671","positive regulation of lymphocyte proliferation","26/580","120/18842",0.216666666666667,7.03867816091954,11.8262808627209,2.91793416005814e-15,1.51680470355879e-13,1.5168047035588e-13,"972/3071/923/6504/6869/59067/54440/920/3594/115352/5788/940/3113/596/3109/916/959/6363/160365/3115/7412/10673/84868/2214/64926/729230",26,"GO_BP",NA,"turquoise_hpv_neg"
"GO:0032946","positive regulation of mononuclear cell proliferation","26/580","121/18842",0.214876033057851,6.98050726702764,11.7613720495185,3.61108639242218e-15,1.84418815584929e-13,1.84418815584929e-13,"972/3071/923/6504/6869/59067/54440/920/3594/115352/5788/940/3113/596/3109/916/959/6363/160365/3115/7412/10673/84868/2214/64926/729230",26,"GO_BP",NA,"turquoise_hpv_neg"
"GO:0002819","regulation of adaptive immune response","32/580","190/18842",0.168421052631579,5.4713611615245,11.0394045710966,3.86050284389027e-15,1.93757306526976e-13,1.93757306526976e-13,"3071/50943/6504/3659/54440/5133/3824/30009/10859/7133/151888/920/3594/5788/1378/3902/1380/924/969/2529/10538/8631/10666/3123/7454/259307/11006/6363/3122/2213/84868/729230",32,"GO_BP",NA,"turquoise_hpv_neg"
"GO:0002707","negative regulation of lymphocyte mediated immunity","19/580","58/18842",0.327586206896552,10.642033293698,13.1063084943267,4.39014517569709e-15,2.16605298414478e-13,2.16605298414478e-13,"3071/50943/6504/3635/201633/3805/5133/3824/30009/10859/151888/5788/1378/3902/1380/259307/11006/2213/84868",19,"GO_BP",NA,"turquoise_hpv_neg"
"GO:0002228","natural killer cell mediated immunity","22/580","83/18842",0.265060240963855,8.61080182800166,12.3838710352263,4.47326652030143e-15,2.17027980676625e-13,2.17027980676625e-13,"3635/59067/201633/3805/3002/914/114836/3824/10859/9437/7409/57823/10666/7305/4818/259197/56253/441168/3820/84868/2214/116449",22,"GO_BP",NA,"turquoise_hpv_neg"
"GO:1903706","regulation of hemopoiesis","45/580","382/18842",0.117801047120419,3.82690918938437,9.94762701410703,1.04685278589934e-14,4.9957187864803e-13,4.9957187864803e-13,"972/3071/9290/50943/257101/3635/3659/914/10272/3561/150372/30009/939/10859/3560/1230/8477/920/7099/3594/3662/115352/1378/3902/22806/1493/969/714/10538/55365/7305/3123/56833/259307/56253/7535/11006/6363/3122/2213/2124/399/3458/9840/729230",45,"GO_BP",NA,"turquoise_hpv_neg"
"GO:0051250","negative regulation of lymphocyte activation","28/580","149/18842",0.187919463087248,6.10479055774126,11.1486777348981,1.17658374790365e-14,5.52425046797987e-13,5.52425046797987e-13,"50943/201633/3659/23495/5133/9750/30009/10859/54900/151888/1378/3902/11326/6693/1493/26191/969/7305/3123/259307/56253/11006/2213/26279/84868/7805/4332/116449",28,"GO_BP",NA,"turquoise_hpv_neg"
"GO:0032609","type II interferon production","25/580","117/18842",0.213675213675214,6.94149720011789,11.4886689913089,1.41312133999726e-14,6.42749409489377e-13,6.42749409489377e-13,"50943/6504/257101/59067/914/114836/51284/51311/10859/7099/3594/7294/1378/1236/3113/26191/51744/8807/3123/56253/11006/3115/84868/7805/729230",25,"GO_BP",NA,"turquoise_hpv_neg"
"GO:0032649","regulation of type II interferon production","25/580","117/18842",0.213675213675214,6.94149720011789,11.4886689913089,1.41312133999726e-14,6.42749409489377e-13,6.42749409489377e-13,"50943/6504/257101/59067/914/114836/51284/51311/10859/7099/3594/7294/1378/1236/3113/26191/51744/8807/3123/56253/11006/3115/84868/7805/729230",25,"GO_BP",NA,"turquoise_hpv_neg"
"GO:0001910","regulation of leukocyte mediated cytotoxicity","22/580","89/18842",0.247191011235955,8.03029833397908,11.847458163182,2.19201717762022e-14,9.81686462161917e-13,9.81686462161917e-13,"3071/3635/59067/201633/3805/114836/1524/3824/10859/3594/9437/5788/26228/10666/7305/3123/259197/56253/3122/2213/3820/84868",22,"GO_BP",NA,"turquoise_hpv_neg"
"GO:0045619","regulation of lymphocyte differentiation","31/580","193/18842",0.160621761658031,5.21799178131142,10.4965942948944,4.01265076900105e-14,1.76982218008516e-12,1.76982218008516e-12,"3071/50943/257101/3635/3659/914/3561/150372/30009/939/8477/3594/3662/115352/1378/3902/22806/1493/969/10538/3123/56833/259307/56253/7535/11006/6363/3122/399/9840/729230",31,"GO_BP",NA,"turquoise_hpv_neg"
"GO:0002456","T cell mediated immunity","25/580","124/18842",0.201612903225806,6.54963848720801,11.0493725490684,5.84164250484405e-14,2.51345472684675e-12,2.51345472684675e-12,"3071/50943/6504/5133/925/3824/30009/10859/7133/151888/3594/5788/1378/3902/1380/924/2529/3123/7454/259307/11006/3122/2213/5551/729230",25,"GO_BP",NA,"turquoise_hpv_neg"
"GO:0030101","natural killer cell activation","22/580","93/18842",0.236559139784946,7.68490915832406,11.517009685445,5.87134735230434e-14,2.51345472684675e-12,2.51345472684675e-12,"6504/257101/59067/962/914/3561/3824/3594/9437/4068/5788/7409/26191/51744/57823/7305/4818/259197/50615/84868/2214/116449",22,"GO_BP",NA,"turquoise_hpv_neg"
"GO:0006968","cellular defense response","17/580","51/18842",0.333333333333333,10.8287356321839,12.5256305534932,8.87309253116792e-14,3.74341628380142e-12,3.74341628380142e-12,"3812/3805/1234/1524/653361/9437/4068/10871/6693/4283/7305/3702/5551/50852/10219/729230/4332",17,"GO_BP",NA,"turquoise_hpv_neg"
"GO:0002822","regulation of adaptive immune response based on somatic recombination of immune receptors built from immunoglobulin superfamily domains","29/580","178/18842",0.162921348314607,5.29269662921348,10.2548576918765,1.85270274401093e-13,7.70459669687973e-12,7.70459669687973e-12,"3071/50943/6504/5133/3824/30009/10859/7133/151888/920/3594/5788/1378/3902/1380/924/969/2529/10538/10666/3123/7454/259307/11006/6363/3122/2213/84868/729230",29,"GO_BP",NA,"turquoise_hpv_neg"
"GO:0050672","negative regulation of lymphocyte proliferation","19/580","70/18842",0.271428571428571,8.81768472906404,11.6778717621899,2.08520212877438e-13,8.54932872797496e-12,8.54932872797496e-12,"50943/23495/9750/10859/151888/1378/11326/6693/1493/7305/3123/259307/56253/11006/2213/26279/84868/7805/4332",19,"GO_BP",NA,"turquoise_hpv_neg"
"GO:0032945","negative regulation of mononuclear cell proliferation","19/580","71/18842",0.267605633802817,8.69349198640117,11.5744610451812,2.76660501439485e-13,1.11855377734769e-11,1.11855377734769e-11,"50943/23495/9750/10859/151888/1378/11326/6693/1493/7305/3123/259307/56253/11006/2213/26279/84868/7805/4332",19,"GO_BP",NA,"turquoise_hpv_neg"
"GO:0002274","myeloid leukocyte activation","32/580","222/18842",0.144144144144144,4.68269648959304,9.83658567826957,3.40833150746133e-13,1.35913055044108e-11,1.35913055044108e-11,"3689/972/6504/2208/146722/914/1524/1269/284021/945/5294/3603/7099/5788/8832/11326/1794/8530/26228/10538/10666/7305/11006/2213/2207/399/3458/84868/2214/729230/3937/116449",32,"GO_BP",NA,"turquoise_hpv_neg"
"GO:0030888","regulation of B cell proliferation","17/580","58/18842",0.293103448275862,9.5218192627824,11.5836140354257,9.71358374115345e-13,3.82111382033753e-11,3.82111382033753e-11,"972/3071/59067/933/54440/23495/151888/115352/5788/51237/22806/1493/7305/596/2213/10673/4332",17,"GO_BP",NA,"turquoise_hpv_neg"
"GO:0050900","leukocyte migration","40/580","352/18842",0.113636363636364,3.6916144200627,9.08463587441593,1.07530282537625e-12,4.17360869956037e-11,4.17360869956037e-11,"2838/3689/972/3071/6869/6403/1234/1524/9750/30009/6347/5294/1230/3603/920/6693/3683/719/4283/1236/26228/1240/969/2529/131450/3695/2848/56833/120425/56253/1436/7535/6363/2833/7412/3676/6401/729230/6402/10563",40,"GO_BP",NA,"turquoise_hpv_neg"
"GO:0042267","natural killer cell mediated cytotoxicity","19/580","77/18842",0.246753246753247,8.01607702642186,10.9940378767583,1.36442492978456e-12,5.22610654026693e-11,5.22610654026693e-11,"3635/59067/201633/3805/3002/914/114836/3824/10859/9437/7409/57823/10666/4818/259197/56253/3820/84868/2214",19,"GO_BP",NA,"turquoise_hpv_neg"
"GO:0002710","negative regulation of T cell mediated immunity","13/580","30/18842",0.433333333333333,14.0773563218391,12.7748233046198,1.44536654768581e-12,5.4642363900174e-11,5.4642363900174e-11,"3071/50943/6504/5133/3824/30009/10859/151888/5788/3902/259307/11006/2213",13,"GO_BP",NA,"turquoise_hpv_neg"
"GO:0070664","negative regulation of leukocyte proliferation","19/580","79/18842",0.240506329113924,7.8131383675251,10.8143748173043,2.24265572324868e-12,8.36970616714988e-11,8.36970616714988e-11,"50943/23495/9750/10859/151888/1378/11326/6693/1493/7305/3123/259307/56253/11006/2213/26279/84868/7805/4332",19,"GO_BP",NA,"turquoise_hpv_neg"
"GO:0002709","regulation of T cell mediated immunity","21/580","100/18842",0.21,6.82210344827586,10.4031234797852,2.6536531724491e-12,9.77820808227763e-11,9.77820808227763e-11,"3071/50943/6504/5133/3824/30009/10859/7133/151888/3594/5788/3902/924/2529/3123/7454/259307/11006/3122/2213/729230",21,"GO_BP",NA,"turquoise_hpv_neg"
"GO:0002823","negative regulation of adaptive immune response based on somatic recombination of immune receptors built from immunoglobulin superfamily domains","17/580","62/18842",0.274193548387097,8.90750834260289,11.1142333778451,3.24373492092262e-12,1.17381652086935e-10,1.17381652086935e-10,"3071/50943/6504/5133/3824/30009/10859/151888/5788/1378/3902/1380/969/259307/11006/2213/84868",17,"GO_BP",NA,"turquoise_hpv_neg"
"GO:0002700","regulation of production of molecular mediator of immune response","25/580","147/18842",0.170068027210884,5.52486511846118,9.81506935705104,3.26620193027885e-12,1.17381652086935e-10,1.17381652086935e-10,"972/50943/6504/59067/3805/933/54440/30009/10859/7133/151888/115352/5788/1378/51237/51744/924/10666/11006/2213/441168/388325/7805/729230/116449",25,"GO_BP",NA,"turquoise_hpv_neg"
"GO:0046632","alpha-beta T cell differentiation","23/580","125/18842",0.184,5.97746206896552,9.95031083629138,4.46463252879215e-12,1.56584883027879e-10,1.56584883027879e-10,"3071/50943/257101/59067/8320/114836/30009/8477/4063/3594/3662/6693/969/10538/8807/3123/171558/11006/6363/3122/3702/944/29851",23,"GO_BP",NA,"turquoise_hpv_neg"
"GO:0050868","negative regulation of T cell activation","23/580","125/18842",0.184,5.97746206896552,9.95031083629138,4.46463252879215e-12,1.56584883027879e-10,1.56584883027879e-10,"50943/201633/3659/5133/9750/30009/10859/54900/151888/1378/3902/11326/6693/1493/26191/969/3123/259307/56253/11006/26279/84868/7805",23,"GO_BP",NA,"turquoise_hpv_neg"
"GO:0045058","T cell selection","17/580","64/18842",0.265625,8.62914870689655,10.8951497084778,5.71315703659744e-12,1.97988096827799e-10,1.97988096827799e-10,"972/50943/114836/30009/920/4063/3594/3662/387357/6693/1236/969/10538/915/917/916/7535",17,"GO_BP",NA,"turquoise_hpv_neg"
"GO:0019882","antigen processing and presentation","21/580","104/18842",0.201923076923077,6.55971485411141,10.1320977916217,5.91934708054005e-12,2.02720227664142e-10,2.02720227664142e-10,"972/3127/2208/925/1236/3111/3113/8530/3108/57705/1520/115827/3117/3123/7454/3109/6363/3122/2213/3115/219972",21,"GO_BP",NA,"turquoise_hpv_neg"
"GO:0043368","positive T cell selection","14/580","40/18842",0.35,11.3701724137931,11.7005358291886,6.51999818751619e-12,2.20694357254182e-10,2.20694357254182e-10,"50943/114836/30009/4063/3594/3662/387357/6693/969/10538/915/917/916/7535",14,"GO_BP",NA,"turquoise_hpv_neg"
"GO:0002820","negative regulation of adaptive immune response","17/580","65/18842",0.261538461538462,8.4963925729443,10.7891616307724,7.51851847590951e-12,2.5156789980888e-10,2.5156789980888e-10,"3071/50943/6504/5133/3824/30009/10859/151888/5788/1378/3902/1380/969/259307/11006/2213/84868",17,"GO_BP",NA,"turquoise_hpv_neg"
"GO:0032729","positive regulation of type II interferon production","18/580","76/18842",0.236842105263158,7.69410163339383,10.4208955817134,1.13014431946447e-11,3.73846603859211e-10,3.73846603859211e-10,"6504/59067/914/114836/51284/51311/10859/7099/3594/7294/3113/26191/51744/8807/56253/3115/84868/729230",18,"GO_BP",NA,"turquoise_hpv_neg"
"GO:0002440","production of molecular mediator of immune response","27/580","182/18842",0.148351648351648,4.81938234179614,9.2270911860775,1.23571946961165e-11,4.04177457981969e-10,4.04177457981969e-10,"972/50943/6504/59067/3805/933/54440/30009/10859/7133/151888/115352/5788/1378/51237/51744/924/10538/10666/959/11006/2213/441168/388325/7805/729230/116449",27,"GO_BP",NA,"turquoise_hpv_neg"
"GO:0045580","regulation of T cell differentiation","26/580","169/18842",0.153846153846154,4.99787798408488,9.30374162993338,1.28223081338704e-11,4.14730433085518e-10,4.14730433085518e-10,"3071/50943/257101/3659/914/3561/30009/939/8477/3594/3662/1378/3902/1493/969/10538/3123/259307/56253/7535/11006/6363/3122/399/9840/729230",26,"GO_BP",NA,"turquoise_hpv_neg"
"GO:0042102","positive regulation of T cell proliferation","19/580","87/18842",0.218390804597701,7.09468886246532,10.1541700910743,1.40947969739231e-11,4.50878615286704e-10,4.50878615286704e-10,"3071/923/6504/59067/920/3594/5788/940/3113/3109/916/959/6363/160365/3115/7412/84868/64926/729230",19,"GO_BP",NA,"turquoise_hpv_neg"
"GO:0002286","T cell activation involved in immune response","22/580","123/18842",0.178861788617886,5.81054107092795,9.53887071874475,2.34844673338344e-11,7.43079178356435e-10,7.43079178356435e-10,"972/3071/50943/8320/114836/30009/10859/4063/3594/3662/6693/3683/969/10538/8807/7305/3123/3109/6363/3122/2213/84868",22,"GO_BP",NA,"turquoise_hpv_neg"
"GO:0050856","regulation of T cell receptor signaling pathway","15/580","54/18842",0.277777777777778,9.02394636015326,10.5229237451709,5.03687350164624e-11,1.5765955659454e-09,1.5765955659454e-09,"53347/5133/4068/5788/3902/940/1236/1493/26191/10666/11006/84174/50852/9840/7805",15,"GO_BP",NA,"turquoise_hpv_neg"
"GO:0002715","regulation of natural killer cell mediated immunity","15/580","55/18842",0.272727272727273,8.85987460815047,10.4030346978835,6.73138965212935e-11,2.08458247631368e-09,2.08458247631368e-09,"3635/59067/201633/3805/114836/3824/10859/9437/10666/259197/56253/441168/3820/84868/116449",15,"GO_BP",NA,"turquoise_hpv_neg"
"GO:0071674","mononuclear cell migration","28/580","212/18842",0.132075471698113,4.29063109954457,8.58682284875602,8.66309830698294e-11,2.65455570227656e-09,2.65455570227656e-09,"2838/1234/1524/9750/30009/6347/5294/1230/6693/3683/719/1236/26228/1240/969/2529/131450/2848/56833/120425/56253/1436/7535/6363/2833/3676/729230/10563",28,"GO_BP",NA,"turquoise_hpv_neg"
"GO:1903038","negative regulation of leukocyte cell-cell adhesion","23/580","144/18842",0.159722222222222,5.18876915708812,8.99211593777625,9.05377150895389e-11,2.7453675898505e-09,2.7453675898505e-09,"50943/201633/3659/5133/9750/30009/10859/54900/151888/1378/3902/11326/6693/1493/26191/969/3123/259307/56253/11006/26279/84868/7805",23,"GO_BP",NA,"turquoise_hpv_neg"
"GO:0045123","cellular extravasation","16/580","66/18842",0.242424242424242,7.87544409613375,9.9715572497908,1.08864761609609e-10,3.26706516541825e-09,3.26706516541825e-09,"3689/6403/1524/9750/6347/5294/6693/3683/2529/3695/120425/7412/3676/6401/729230/6402",16,"GO_BP",NA,"turquoise_hpv_neg"
"GO:0019886","antigen processing and presentation of exogenous peptide antigen via MHC class II","11/580","27/18842",0.407407407407407,13.2351213282248,11.3378277174551,1.78401767127921e-10,5.29926065417734e-09,5.29926065417734e-09,"3127/3111/3113/3108/1520/3117/3123/3109/3122/2213/3115",11,"GO_BP",NA,"turquoise_hpv_neg"
"GO:0042130","negative regulation of T cell proliferation","15/580","59/18842",0.254237288135593,8.25920514319112,9.95232153445311,2.01403633357545e-10,5.9220805727658e-09,5.9220805727658e-09,"50943/9750/10859/151888/1378/11326/6693/1493/3123/259307/56253/11006/26279/84868/7805",15,"GO_BP",NA,"turquoise_hpv_neg"
"GO:0002699","positive regulation of immune effector process","29/580","235/18842",0.123404255319149,4.00893617021277,8.27180960638865,2.08709856867651e-10,6.07554393341732e-09,6.07554393341732e-09,"3689/972/6504/59067/3805/114836/54440/3824/30009/10859/3594/5788/1378/51237/26228/51744/924/10666/7305/3123/3109/259197/56253/6363/3122/388325/7805/729230/116449",29,"GO_BP",NA,"turquoise_hpv_neg"
"GO:0002399","MHC class II protein complex assembly","9/580","16/18842",0.5625,18.2734913793103,12.3183600573935,2.20205982800707e-10,6.28450603855744e-09,6.28450603855744e-09,"3127/3111/3113/3108/3117/3123/3109/3122/3115",9,"GO_BP",NA,"turquoise_hpv_neg"
"GO:0002503","peptide antigen assembly with MHC class II protein complex","9/580","16/18842",0.5625,18.2734913793103,12.3183600573935,2.20205982800707e-10,6.28450603855744e-09,6.28450603855744e-09,"3127/3111/3113/3108/3117/3123/3109/3122/3115",9,"GO_BP",NA,"turquoise_hpv_neg"
"GO:0045088","regulation of innate immune response","43/580","482/18842",0.0892116182572614,2.89814708828159,7.5233080718515,4.33673715692666e-10,1.22565454988481e-08,1.22565454988481e-08,"3635/59067/146722/201633/3805/3659/114836/51284/149628/3824/51311/10859/653361/7099/9437/7294/23098/115352/10871/81793/1378/11326/26191/1520/4671/10666/7305/81030/56833/23547/259197/56253/4481/2213/441168/5063/388325/3820/115362/84868/497189/4332/116449",43,"GO_BP",NA,"turquoise_hpv_neg"
"GO:0050858","negative regulation of antigen receptor-mediated signaling pathway","13/580","45/18842",0.288888888888889,9.38490421455939,10.0357976077959,5.7642665665473e-10,1.61344038223262e-08,1.61344038223262e-08,"53347/933/5133/921/4068/115352/3902/1493/26191/11006/2213/84174/7805",13,"GO_BP",NA,"turquoise_hpv_neg"
"GO:0002478","antigen processing and presentation of exogenous peptide antigen","12/580","39/18842",0.307692307692308,9.99575596816976,10.0218569279079,1.18323291739795e-09,3.28037240242422e-08,3.28037240242422e-08,"3127/3111/3113/3108/1520/3117/3123/3109/3122/2213/3115/219972",12,"GO_BP",NA,"turquoise_hpv_neg"
"GO:0046634","regulation of alpha-beta T cell activation","18/580","100/18842",0.18,5.84751724137931,8.66170120137434,1.39195648937058e-09,3.82262767977147e-08,3.82262767977147e-08,"3071/50943/257101/3659/30009/10859/8477/3594/3662/969/10538/3123/56253/11006/6363/3122/64926/729230",18,"GO_BP",NA,"turquoise_hpv_neg"
"GO:0002495","antigen processing and presentation of peptide antigen via MHC class II","11/580","32/18842",0.34375,11.1671336206897,10.2581944001819,1.53477407450755e-09,4.1754461036369e-08,4.1754461036369e-08,"3127/3111/3113/3108/1520/3117/3123/3109/3122/2213/3115",11,"GO_BP",NA,"turquoise_hpv_neg"
"GO:0042269","regulation of natural killer cell mediated cytotoxicity","13/580","49/18842",0.26530612244898,8.61878958479944,9.51651124036572,1.85176321075775e-09,4.99118769121834e-08,4.99118769121834e-08,"3635/59067/201633/3805/114836/3824/10859/9437/10666/259197/56253/3820/84868",13,"GO_BP",NA,"turquoise_hpv_neg"
"GO:0072676","lymphocyte migration","18/580","103/18842",0.174757281553398,5.67720120522263,8.48248815789701,2.28746691925809e-09,5.99893351527955e-08,5.99893351527955e-08,"2838/9750/30009/6347/5294/6693/3683/1236/969/2529/131450/2848/56253/7535/2833/3676/729230/10563",18,"GO_BP",NA,"turquoise_hpv_neg"
"GO:1990868","response to chemokine","18/580","103/18842",0.174757281553398,5.67720120522263,8.48248815789701,2.28746691925809e-09,5.99893351527955e-08,5.99893351527955e-08,"643/1234/1524/9750/6347/1230/2532/4283/1236/10663/1240/2848/1237/6363/2833/1233/729230/10563",18,"GO_BP",NA,"turquoise_hpv_neg"
"GO:1990869","cellular response to chemokine","18/580","103/18842",0.174757281553398,5.67720120522263,8.48248815789701,2.28746691925809e-09,5.99893351527955e-08,5.99893351527955e-08,"643/1234/1524/9750/6347/1230/2532/4283/1236/10663/1240/2848/1237/6363/2833/1233/729230/10563",18,"GO_BP",NA,"turquoise_hpv_neg"
"GO:1902107","positive regulation of leukocyte differentiation","23/580","170/18842",0.135294117647059,4.39519269776876,7.92474454969483,2.62787664965606e-09,6.76968931606088e-08,6.76968931606088e-08,"972/3071/50943/3635/3561/939/3560/1230/8477/920/3594/1378/7305/3123/259307/7535/11006/6363/3122/2124/399/3458/9840",23,"GO_BP",NA,"turquoise_hpv_neg"
"GO:1903708","positive regulation of hemopoiesis","23/580","170/18842",0.135294117647059,4.39519269776876,7.92474454969483,2.62787664965606e-09,6.76968931606088e-08,6.76968931606088e-08,"972/3071/50943/3635/3561/939/3560/1230/8477/920/3594/1378/7305/3123/259307/7535/11006/6363/3122/2124/399/3458/9840",23,"GO_BP",NA,"turquoise_hpv_neg"
"GO:0002504","antigen processing and presentation of peptide or polysaccharide antigen via MHC class II","11/580","34/18842",0.323529411764706,10.5102434077079,9.89125926048609,3.2179065366671e-09,8.14550080716342e-08,8.14550080716342e-08,"3127/3111/3113/3108/1520/3117/3123/3109/3122/2213/3115",11,"GO_BP",NA,"turquoise_hpv_neg"
"GO:0031342","negative regulation of cell killing","11/580","34/18842",0.323529411764706,10.5102434077079,9.89125926048609,3.2179065366671e-09,8.14550080716342e-08,8.14550080716342e-08,"3071/3635/201633/3805/1524/3824/10859/5788/1378/2213/84868",11,"GO_BP",NA,"turquoise_hpv_neg"
"GO:0050777","negative regulation of immune response","25/580","202/18842",0.123762376237624,4.02057016046432,7.69189701325815,3.50812762603649e-09,8.8035857925795e-08,8.8035857925795e-08,"3071/50943/6504/3635/201633/3805/5133/3824/30009/10859/151888/5788/1378/3902/11326/5577/1380/969/3123/56833/259307/11006/2213/84868/729230",25,"GO_BP",NA,"turquoise_hpv_neg"
"GO:0070098","chemokine-mediated signaling pathway","17/580","95/18842",0.178947368421053,5.81332123411978,8.3817086796526,4.38179390183926e-09,1.09020530326958e-07,1.09020530326958e-07,"643/1234/1524/6347/1230/2532/4283/1236/10663/1240/2848/1237/6363/2833/1233/729230/10563",17,"GO_BP",NA,"turquoise_hpv_neg"
"GO:0002396","MHC protein complex assembly","9/580","21/18842",0.428571428571429,13.9226600985222,10.5592245041877,4.92835454276311e-09,1.2055831994944e-07,1.2055831994944e-07,"3127/3111/3113/3108/3117/3123/3109/3122/3115",9,"GO_BP",NA,"turquoise_hpv_neg"
"GO:0002501","peptide antigen assembly with MHC protein complex","9/580","21/18842",0.428571428571429,13.9226600985222,10.5592245041877,4.92835454276311e-09,1.2055831994944e-07,1.2055831994944e-07,"3127/3111/3113/3108/3117/3123/3109/3122/3115",9,"GO_BP",NA,"turquoise_hpv_neg"
"GO:0019884","antigen processing and presentation of exogenous antigen","12/580","45/18842",0.266666666666667,8.66298850574713,9.1717448102758,7.35016615228007e-09,1.78302780577394e-07,1.78302780577394e-07,"3127/3111/3113/3108/1520/3117/3123/3109/3122/2213/3115/219972",12,"GO_BP",NA,"turquoise_hpv_neg"
"GO:0001911","negative regulation of leukocyte mediated cytotoxicity","10/580","29/18842",0.344827586206897,11.2021403091558,9.79835264127893,8.35640934164616e-09,2.01037252839107e-07,2.01037252839107e-07,"3071/3635/201633/3805/1524/3824/10859/5788/2213/84868",10,"GO_BP",NA,"turquoise_hpv_neg"
"GO:0032703","negative regulation of interleukin-2 production","9/580","24/18842",0.375,12.1823275862069,9.76883787079465,2.01822849224855e-08,4.815625525357e-07,4.815625525357e-07,"50943/84636/30009/5788/1378/11326/11006/84868/7805",9,"GO_BP",NA,"turquoise_hpv_neg"
"GO:0007204","positive regulation of cytosolic calcium ion concentration","21/580","160/18842",0.13125,4.26381465517241,7.38865856469174,2.22900792252724e-08,5.27531874998114e-07,5.27531874998114e-07,"5732/6869/643/1234/1524/2359/6347/1230/920/10800/719/1236/10663/6546/1240/1043/1237/2833/1233/729230/10563",21,"GO_BP",NA,"turquoise_hpv_neg"
"GO:0042093","T-helper cell differentiation","16/580","94/18842",0.170212765957447,5.52956713132795,7.84575888497078,2.63044915502728e-08,6.17519152442292e-07,6.17519152442292e-07,"50943/59067/114836/30009/8477/4063/3594/3662/6693/969/10538/8807/3123/6363/3122/29851",16,"GO_BP",NA,"turquoise_hpv_neg"
"GO:0043367","CD4-positive, alpha-beta T cell differentiation","17/580","107/18842",0.158878504672897,5.1613599742185,7.69293615365996,2.8160410176331e-08,6.55799632186397e-07,6.55799632186397e-07,"3071/50943/59067/114836/30009/8477/4063/3594/3662/6693/969/10538/8807/3123/6363/3122/29851",17,"GO_BP",NA,"turquoise_hpv_neg"
"GO:0022408","negative regulation of cell-cell adhesion","23/580","194/18842",0.118556701030928,3.85145751866335,7.11448458718999,3.36199731140016e-08,7.76728109006814e-07,7.76728109006814e-07,"50943/201633/3659/5133/9750/30009/10859/54900/151888/1378/3902/11326/6693/1493/26191/969/3123/259307/56253/11006/26279/84868/7805",23,"GO_BP",NA,"turquoise_hpv_neg"
"GO:0002685","regulation of leukocyte migration","24/580","210/18842",0.114285714285714,3.71270935960591,7.04490235134108,3.46450020454806e-08,7.94107094129087e-07,7.94107094129087e-07,"972/3071/6869/6403/1524/9750/6347/1230/6693/719/1236/26228/1240/969/2529/131450/56833/1436/6363/2833/3676/6401/729230/10563",24,"GO_BP",NA,"turquoise_hpv_neg"
"GO:0060326","cell chemotaxis","30/580","311/18842",0.0964630225080386,3.13371770706287,6.76175654598818,3.54189583866947e-08,8.02953569069861e-07,8.02953569069861e-07,"3689/972/3071/643/1234/1524/9750/6347/5294/1230/3603/920/51411/719/4283/1236/10663/26228/1240/2848/56833/120425/1436/1237/6363/2833/7412/1233/729230/10563",30,"GO_BP",NA,"turquoise_hpv_neg"
"GO:0002367","cytokine production involved in immune response","16/580","96/18842",0.166666666666667,5.41436781609195,7.72754654030531,3.58584555063833e-08,8.02953569069861e-07,8.02953569069861e-07,"972/50943/6504/3805/30009/10859/7133/151888/924/10666/11006/441168/388325/7805/729230/116449",16,"GO_BP",NA,"turquoise_hpv_neg"
"GO:0002718","regulation of cytokine production involved in immune response","16/580","96/18842",0.166666666666667,5.41436781609195,7.72754654030531,3.58584555063833e-08,8.02953569069861e-07,8.02953569069861e-07,"972/50943/6504/3805/30009/10859/7133/151888/924/10666/11006/441168/388325/7805/729230/116449",16,"GO_BP",NA,"turquoise_hpv_neg"
"GO:0006909","phagocytosis","25/580","228/18842",0.109649122807018,3.56208408953418,6.93637797524041,4.1179700679843e-08,9.15069531900938e-07,9.15069531900938e-07,"3689/3071/6504/2208/146722/3385/3561/6347/3560/7099/2209/5788/1794/51411/3683/7409/26228/122618/91937/7305/3003/4481/2213/55423/3458",25,"GO_BP",NA,"turquoise_hpv_neg"
"GO:0006959","humoral immune response","29/580","296/18842",0.097972972972973,3.18277027027027,6.74559961589406,4.26827668663394e-08,9.4128435112056e-07,9.4128435112056e-07,"3503/3512/5133/6347/3495/3502/3501/1378/940/3494/11326/931/4283/1236/3493/1380/714/28912/596/3123/3003/5450/3500/4069/6363/2213/3458/3507/10563",29,"GO_BP",NA,"turquoise_hpv_neg"
"GO:0046629","gamma-delta T cell activation","8/580","19/18842",0.421052631578947,13.6784029038113,9.85345938239821,4.30404527561708e-08,9.42035774234685e-07,9.42035774234685e-07,"3071/6966/919/120425/917/916/3702/28526",8,"GO_BP",NA,"turquoise_hpv_neg"
"GO:0045577","regulation of B cell differentiation","9/580","26/18842",0.346153846153846,11.245225464191,9.31614725126593,4.56432299246381e-08,9.91548076944936e-07,9.91548076944936e-07,"3071/3635/150372/939/115352/1378/22806/56833/259307",9,"GO_BP",NA,"turquoise_hpv_neg"
"GO:0002701","negative regulation of production of molecular mediator of immune response","10/580","34/18842",0.294117647058824,9.55476673427992,8.89750262471342,4.7610353378637e-08,1.02662028655713e-06,1.02662028655713e-06,"50943/6504/933/30009/10859/151888/115352/1378/11006/2213",10,"GO_BP",NA,"turquoise_hpv_neg"
"GO:0032615","interleukin-12 production","12/580","53/18842",0.226415094339623,7.35536759921926,8.25692955676112,5.44549211033617e-08,1.15706770315245e-06,1.15706770315245e-06,"6504/201633/10859/3603/7099/1236/1240/959/6363/388325/3458/7805",12,"GO_BP",NA,"turquoise_hpv_neg"
"GO:0032655","regulation of interleukin-12 production","12/580","53/18842",0.226415094339623,7.35536759921926,8.25692955676112,5.44549211033617e-08,1.15706770315245e-06,1.15706770315245e-06,"6504/201633/10859/3603/7099/1236/1240/959/6363/388325/3458/7805",12,"GO_BP",NA,"turquoise_hpv_neg"
"GO:0032623","interleukin-2 production","13/580","64/18842",0.203125,6.59876077586207,7.99556270017762,6.06625613991841e-08,1.27042241894263e-06,1.27042241894263e-06,"50943/84636/30009/920/3662/5788/1378/940/11326/11006/84868/7805/729230",13,"GO_BP",NA,"turquoise_hpv_neg"
"GO:0032663","regulation of interleukin-2 production","13/580","64/18842",0.203125,6.59876077586207,7.99556270017762,6.06625613991841e-08,1.27042241894263e-06,1.27042241894263e-06,"50943/84636/30009/920/3662/5788/1378/940/11326/11006/84868/7805/729230",13,"GO_BP",NA,"turquoise_hpv_neg"
"GO:0002237","response to molecule of bacterial origin","30/580","319/18842",0.0940438871473354,3.0551291752243,6.59736641332113,6.25718262019636e-08,1.30104704338511e-06,1.30104704338511e-06,"923/50943/6403/1439/1234/1524/1269/6347/10859/7133/7099/356/81793/4283/1236/26228/26191/8807/4049/4064/388325/9450/7412/3587/1728/389643/115362/84868/6401/10563",30,"GO_BP",NA,"turquoise_hpv_neg"
"GO:0030595","leukocyte chemotaxis","24/580","217/18842",0.110599078341014,3.59294454155411,6.84647074326449,6.51563094570366e-08,1.33699788776108e-06,1.33699788776108e-06,"3689/972/3071/1234/1524/9750/6347/5294/1230/3603/920/719/4283/1236/26228/1240/2848/56833/120425/1436/6363/2833/729230/10563",24,"GO_BP",NA,"turquoise_hpv_neg"
"GO:0002455","humoral immune response mediated by circulating immunoglobulin","11/580","44/18842",0.25,8.12155172413793,8.42824110501664,6.52194091590773e-08,1.33699788776108e-06,1.33699788776108e-06,"3503/3495/3502/3501/1378/3494/3493/1380/714/3500/2213",11,"GO_BP",NA,"turquoise_hpv_neg"
"GO:0032496","response to lipopolysaccharide","29/580","302/18842",0.0960264900662252,3.11953642384106,6.61730714637773,6.61661373793263e-08,1.34692046091761e-06,1.34692046091761e-06,"923/50943/6403/1439/1234/1524/1269/6347/10859/7133/7099/356/4283/1236/26228/26191/8807/4049/4064/388325/9450/7412/3587/1728/389643/115362/84868/6401/10563",29,"GO_BP",NA,"turquoise_hpv_neg"
"GO:0035710","CD4-positive, alpha-beta T cell activation","18/580","127/18842",0.141732283464567,4.60434428455064,7.26315002531702,6.83944833771864e-08,1.38261347993743e-06,1.38261347993743e-06,"3071/50943/59067/114836/30009/8477/4063/3594/3662/6693/969/10538/8807/4818/3123/6363/3122/29851",18,"GO_BP",NA,"turquoise_hpv_neg"
"GO:0045730","respiratory burst","10/580","36/18842",0.277777777777778,9.02394636015326,8.58781842862935,8.73058686288818e-08,1.75274057640465e-06,1.75274057640465e-06,"3512/5294/653361/3494/3493/56833/1043/654817/654816/1536",10,"GO_BP",NA,"turquoise_hpv_neg"
"GO:0046637","regulation of alpha-beta T cell differentiation","13/580","66/18842",0.196969696969697,6.39879832810867,7.82995626989143,8.92503045520726e-08,1.77950435993893e-06,1.77950435993893e-06,"3071/50943/257101/30009/8477/3594/3662/969/10538/3123/11006/6363/3122",13,"GO_BP",NA,"turquoise_hpv_neg"
"GO:0002705","positive regulation of leukocyte mediated immunity","18/580","130/18842",0.138461538461538,4.49809018567639,7.13237840007213,9.85452222707483e-08,1.9514635512255e-06,1.9514635512255e-06,"3689/6504/59067/3805/114836/3824/30009/3594/26228/924/10666/7305/3123/259197/56253/3122/388325/116449",18,"GO_BP",NA,"turquoise_hpv_neg"
"GO:0002577","regulation of antigen processing and presentation","8/580","21/18842",0.380952380952381,12.375697865353,9.29518742552146,1.0972762816231e-07,2.15822382148975e-06,2.15822382148975e-06,"972/1236/3111/8530/1520/7454/6363/2213",8,"GO_BP",NA,"turquoise_hpv_neg"
"GO:0072678","T cell migration","13/580","68/18842",0.191176470588235,6.21059837728195,7.67106127496104,1.29405962736779e-07,2.52819300353533e-06,2.52819300353533e-06,"2838/9750/6347/5294/6693/3683/969/131450/7535/2833/3676/729230/10563",13,"GO_BP",NA,"turquoise_hpv_neg"
"GO:0002468","dendritic cell antigen processing and presentation","7/580","15/18842",0.466666666666667,15.1602298850575,9.77726023240236,1.3114386388309e-07,2.54506525175783e-06,2.54506525175783e-06,"972/1236/3123/6363/3122/2213/219972",7,"GO_BP",NA,"turquoise_hpv_neg"
"GO:0033631","cell-cell adhesion mediated by integrin","9/580","29/18842",0.310344827586207,10.0819262782402,8.72247524928022,1.34696360158405e-07,2.59669605576898e-06,2.59669605576898e-06,"3689/83706/3385/3683/8631/916/7412/3676/10563",9,"GO_BP",NA,"turquoise_hpv_neg"
"GO:0032689","negative regulation of type II interferon production","10/580","38/18842",0.263157894736842,8.54900181488203,8.30133631942394,1.53603915858088e-07,2.94171709909799e-06,2.94171709909799e-06,"50943/6504/257101/10859/7099/1378/3123/11006/84868/7805",10,"GO_BP",NA,"turquoise_hpv_neg"
"GO:0050901","leukocyte tethering or rolling","9/580","30/18842",0.3,9.74586206896552,8.54353432207303,1.87198658329107e-07,3.56166859082372e-06,3.56166859082372e-06,"6403/1524/6693/2529/3695/7412/3676/6401/6402",9,"GO_BP",NA,"turquoise_hpv_neg"
"GO:0002418","immune response to tumor cell","10/580","39/18842",0.256410256410256,8.32979664014147,8.16586993890005,2.00918775648487e-07,3.77338423169513e-06,3.77338423169513e-06,"5133/151888/3902/10666/4818/3123/259307/56253/5551/84868",10,"GO_BP",NA,"turquoise_hpv_neg"
"GO:0006958","complement activation, classical pathway","10/580","39/18842",0.256410256410256,8.32979664014147,8.16586993890005,2.00918775648487e-07,3.77338423169513e-06,3.77338423169513e-06,"3503/3495/3502/3501/1378/3494/3493/1380/714/3500",10,"GO_BP",NA,"turquoise_hpv_neg"
"GO:1902106","negative regulation of leukocyte differentiation","16/580","109/18842",0.146788990825688,4.76861752609934,7.03207425885643,2.23188006822086e-07,4.16474543499418e-06,4.16474543499418e-06,"9290/50943/3635/3659/10272/30009/10859/7099/1378/3902/1493/969/714/55365/11006/2213",16,"GO_BP",NA,"turquoise_hpv_neg"
"GO:0050855","regulation of B cell receptor signaling pathway","8/580","23/18842",0.347826086956522,11.2995502248876,8.80796761109128,2.50366985263606e-07,4.64215473950547e-06,4.64215473950547e-06,"933/150372/921/115352/26228/26191/2213/930",8,"GO_BP",NA,"turquoise_hpv_neg"
"GO:0043373","CD4-positive, alpha-beta T cell lineage commitment","9/580","31/18842",0.290322580645161,9.43147942157953,8.37279565323675,2.56619609723654e-07,4.72797268294656e-06,4.72797268294656e-06,"50943/114836/30009/4063/3594/3662/6693/969/10538",9,"GO_BP",NA,"turquoise_hpv_neg"
"GO:0140507","granzyme-mediated programmed cell death signaling pathway","6/580","11/18842",0.545454545454545,17.7197492163009,9.88510330495686,3.35825077546867e-07,6.14834465873541e-06,6.14834465873541e-06,"3002/4818/5552/3003/3001/5551",6,"GO_BP",NA,"turquoise_hpv_neg"
"GO:0031343","positive regulation of cell killing","12/580","62/18842",0.193548387096774,6.28765294771969,7.43195028519723,3.42509576554064e-07,6.20322993232069e-06,6.20322993232069e-06,"59067/114836/3824/3594/26228/10666/7305/3123/259197/56253/3122/5551",12,"GO_BP",NA,"turquoise_hpv_neg"
"GO:0002292","T cell differentiation involved in immune response","14/580","86/18842",0.162790697674419,5.28845228548516,7.1034854999582,3.46374444270589e-07,6.20322993232069e-06,6.20322993232069e-06,"50943/8320/114836/30009/4063/3594/3662/6693/969/10538/8807/3123/6363/3122",14,"GO_BP",NA,"turquoise_hpv_neg"
"GO:0002363","alpha-beta T cell lineage commitment","9/580","32/18842",0.28125,9.13674568965517,8.20962152985486,3.4734678082043e-07,6.20322993232069e-06,6.20322993232069e-06,"50943/114836/30009/4063/3594/3662/6693/969/10538",9,"GO_BP",NA,"turquoise_hpv_neg"
"GO:0043369","CD4-positive or CD8-positive, alpha-beta T cell lineage commitment","9/580","32/18842",0.28125,9.13674568965517,8.20962152985486,3.4734678082043e-07,6.20322993232069e-06,6.20322993232069e-06,"50943/114836/30009/4063/3594/3662/6693/969/10538",9,"GO_BP",NA,"turquoise_hpv_neg"
"GO:0050857","positive regulation of antigen receptor-mediated signaling pathway","8/580","24/18842",0.333333333333333,10.8287356321839,8.58634520635393,3.65459335434168e-07,6.48690320395649e-06,6.48690320395649e-06,"150372/5788/940/1236/26228/10666/50852/9840",8,"GO_BP",NA,"turquoise_hpv_neg"
"GO:0002833","positive regulation of response to biotic stimulus","34/580","424/18842",0.080188679245283,2.60502602472349,5.95710938868868,3.8999446013713e-07,6.88044771793446e-06,6.88044771793446e-06,"59067/146722/3805/3659/114836/51284/149628/3824/51311/7099/7294/23098/115352/81793/26191/1520/4671/10666/7305/81030/3123/4064/23547/259197/56253/4481/5063/388325/9450/115362/84868/497189/4332/116449",34,"GO_BP",NA,"turquoise_hpv_neg"
"GO:1903707","negative regulation of hemopoiesis","16/580","114/18842",0.140350877192982,4.55946763460375,6.79334351754248,4.18565296751417e-07,7.34002155929744e-06,7.34002155929744e-06,"9290/50943/3635/3659/10272/30009/10859/7099/1378/3902/1493/969/714/55365/11006/2213",16,"GO_BP",NA,"turquoise_hpv_neg"
"GO:0045621","positive regulation of lymphocyte differentiation","16/580","115/18842",0.139130434782609,4.51982008995502,6.74725436651088,4.72594138698282e-07,8.23785351946527e-06,8.23785351946526e-06,"3071/50943/3635/3561/939/8477/3594/1378/3123/259307/7535/11006/6363/3122/399/9840",16,"GO_BP",NA,"turquoise_hpv_neg"
"GO:0050727","regulation of inflammatory response","34/580","429/18842",0.0792540792540792,2.57466441604373,5.87957839464011,5.11329193950228e-07,8.85999573564948e-06,8.85999573564949e-06,"59067/89790/51284/5133/7133/313/1230/3603/920/653361/7099/5788/1236/5577/8530/26228/3957/1240/969/2529/131450/4671/4818/81030/3123/3003/56833/2213/26279/3458/3587/115362/6401/729230",34,"GO_BP",NA,"turquoise_hpv_neg"
"GO:0045582","positive regulation of T cell differentiation","15/580","102/18842",0.147058823529412,4.77738336713996,6.81707635900851,5.19423278377084e-07,8.9469891322822e-06,8.9469891322822e-06,"3071/50943/3561/939/8477/3594/1378/3123/259307/7535/11006/6363/3122/399/9840",15,"GO_BP",NA,"turquoise_hpv_neg"
"GO:0045622","regulation of T-helper cell differentiation","10/580","43/18842",0.232558139534884,7.55493183640738,7.66878983679032,5.4233608900196e-07,9.28670797108651e-06,9.2867079710865e-06,"50943/30009/8477/3594/3662/969/10538/3123/6363/3122",10,"GO_BP",NA,"turquoise_hpv_neg"
"GO:0006956","complement activation","12/580","65/18842",0.184615384615385,5.99745358090186,7.19257081349136,5.87121944504487e-07,9.99480690323136e-06,9.99480690323136e-06,"3503/3495/3502/3501/1378/3494/11326/3493/1380/714/3003/3500",12,"GO_BP",NA,"turquoise_hpv_neg"
"GO:0050860","negative regulation of T cell receptor signaling pathway","9/580","34/18842",0.264705882352941,8.59929006085193,7.90374598894075,6.14776339721087e-07,1.03016531040266e-05,1.03016531040266e-05,"53347/5133/4068/3902/1493/26191/11006/84174/7805",9,"GO_BP",NA,"turquoise_hpv_neg"
"GO:0002347","response to tumor cell","11/580","54/18842",0.203703703703704,6.61756066411239,7.36709342872492,6.15763531467067e-07,1.03016531040266e-05,1.03016531040266e-05,"5133/151888/3902/10666/4818/3123/259307/56253/5551/84868/7805",11,"GO_BP",NA,"turquoise_hpv_neg"
"GO:0043370","regulation of CD4-positive, alpha-beta T cell differentiation","11/580","54/18842",0.203703703703704,6.61756066411239,7.36709342872492,6.15763531467067e-07,1.03016531040266e-05,1.03016531040266e-05,"3071/50943/30009/8477/3594/3662/969/10538/3123/6363/3122",11,"GO_BP",NA,"turquoise_hpv_neg"
"GO:0002360","T cell lineage commitment","9/580","35/18842",0.257142857142857,8.3535960591133,7.76007345432832,8.05142662636757e-07,1.33929730910606e-05,1.33929730910606e-05,"50943/114836/30009/4063/3594/3662/6693/969/10538",9,"GO_BP",NA,"turquoise_hpv_neg"
"GO:0048002","antigen processing and presentation of peptide antigen","12/580","68/18842",0.176470588235294,5.73286004056795,6.96773321377151,9.75888840294636e-07,1.6140979625555e-05,1.6140979625555e-05,"3127/3111/3113/3108/1520/3117/3123/3109/3122/2213/3115/219972",12,"GO_BP",NA,"turquoise_hpv_neg"
"GO:0002438","acute inflammatory response to antigenic stimulus","8/580","27/18842",0.296296296296296,9.62554278416347,7.99296675798253,1.01666272217879e-06,1.67203682726693e-05,1.67203682726693e-05,"923/2209/1236/2529/3500/2213/26279/2214",8,"GO_BP",NA,"turquoise_hpv_neg"
"GO:0038094","Fc-gamma receptor signaling pathway","9/580","36/18842",0.25,8.12155172413793,7.62200921988974,1.04442159397271e-06,1.70804003373852e-05,1.70804003373852e-05,"2208/945/919/2209/7409/2213/2207/3458/2214",9,"GO_BP",NA,"turquoise_hpv_neg"
"GO:0019722","calcium-mediated signaling","22/580","219/18842",0.100456621004566,3.26345457408282,6.00427840173751,1.20256854632503e-06,1.95568549628612e-05,1.95568549628612e-05,"5341/933/643/1234/1524/150372/1230/5788/719/1236/10663/6546/1240/1237/2833/5023/84174/50852/1233/6401/2214/729230",22,"GO_BP",NA,"turquoise_hpv_neg"
"GO:0002687","positive regulation of leukocyte migration","17/580","139/18842",0.122302158273381,3.97313321756388,6.26986131539768,1.33516999589541e-06,2.15926658780641e-05,2.15926658780641e-05,"972/3071/6869/1524/9750/6347/1230/6693/719/1236/1240/2529/1436/6363/3676/729230/10563",17,"GO_BP",NA,"turquoise_hpv_neg"
"GO:0002295","T-helper cell lineage commitment","8/580","28/18842",0.285714285714286,9.28177339901478,7.81544284841586,1.38513284708834e-06,2.22769155683655e-05,2.22769155683655e-05,"114836/30009/4063/3594/3662/6693/969/10538",8,"GO_BP",NA,"turquoise_hpv_neg"
"GO:0038093","Fc receptor signaling pathway","11/580","59/18842",0.186440677966102,6.05675043834015,6.93277091487797,1.5661487676149e-06,2.50497750688295e-05,2.50497750688295e-05,"2208/945/919/2209/7409/131450/23547/2213/2207/3458/2214",11,"GO_BP",NA,"turquoise_hpv_neg"
"GO:0071346","cellular response to type II interferon","12/580","71/18842",0.169014084507042,5.49062651772705,6.7559154919199,1.57745822852797e-06,2.50927918210106e-05,2.50927918210106e-05,"3659/6347/115361/7099/3594/7294/356/3113/4261/3458/115362/3394",12,"GO_BP",NA,"turquoise_hpv_neg"
"GO:0001818","negative regulation of cytokine production","30/580","371/18842",0.0808625336927224,2.62691699972116,5.64025773952378,1.59198205467013e-06,2.51861943540475e-05,2.51861943540475e-05,"225/3071/50943/6504/257101/201633/84636/1524/945/30009/10859/151888/7099/5788/1378/8832/11326/1236/26191/1240/131450/7305/3123/5552/23547/11006/2213/3458/84868/7805",30,"GO_BP",NA,"turquoise_hpv_neg"
"GO:0002765","immune response-inhibiting signal transduction","9/580","38/18842",0.236842105263158,7.69410163339383,7.36123667445107,1.71176262601335e-06,2.69348162395939e-05,2.69348162395939e-05,"3812/3805/945/10859/11024/9437/3903/23547/11006",9,"GO_BP",NA,"turquoise_hpv_neg"
"GO:0097529","myeloid leukocyte migration","21/580","207/18842",0.101449275362319,3.29570214892554,5.91872030280131,1.78833491327029e-06,2.79884028630636e-05,2.79884028630636e-05,"3689/972/3071/1524/9750/6347/5294/1230/719/4283/1236/26228/1240/2529/131450/56833/120425/1436/6363/729230/10563",21,"GO_BP",NA,"turquoise_hpv_neg"
"GO:0001912","positive regulation of leukocyte mediated cytotoxicity","11/580","60/18842",0.183333333333333,5.95580459770115,6.85189475653117,1.86504949122132e-06,2.87257093594988e-05,2.87257093594988e-05,"59067/114836/3824/3594/26228/10666/7305/3123/259197/56253/3122",11,"GO_BP",NA,"turquoise_hpv_neg"
"GO:0032613","interleukin-10 production","11/580","60/18842",0.183333333333333,5.95580459770115,6.85189475653117,1.86504949122132e-06,2.87257093594988e-05,2.87257093594988e-05,"50943/201633/10859/7099/3662/940/7305/3123/959/11006/2213",11,"GO_BP",NA,"turquoise_hpv_neg"
"GO:0032653","regulation of interleukin-10 production","11/580","60/18842",0.183333333333333,5.95580459770115,6.85189475653117,1.86504949122132e-06,2.87257093594988e-05,2.87257093594988e-05,"50943/201633/10859/7099/3662/940/7305/3123/959/11006/2213",11,"GO_BP",NA,"turquoise_hpv_neg"
"GO:0032640","tumor necrosis factor production","20/580","191/18842",0.104712041884817,3.40169705723055,5.94532569316495,1.92222228992325e-06,2.92962779369978e-05,2.92962779369978e-05,"6504/914/1524/945/10859/7099/2209/5788/6693/26191/7305/23547/11006/6363/2213/1536/3458/84868/2214/729230",20,"GO_BP",NA,"turquoise_hpv_neg"
"GO:0032680","regulation of tumor necrosis factor production","20/580","191/18842",0.104712041884817,3.40169705723055,5.94532569316495,1.92222228992325e-06,2.92962779369978e-05,2.92962779369978e-05,"6504/914/1524/945/10859/7099/2209/5788/6693/26191/7305/23547/11006/6363/2213/1536/3458/84868/2214/729230",20,"GO_BP",NA,"turquoise_hpv_neg"
"GO:0045089","positive regulation of innate immune response","31/580","396/18842",0.0782828282828283,2.54311215604319,5.53077238345187,2.1115812513158e-06,3.20146511592724e-05,3.20146511592724e-05,"59067/146722/3805/3659/114836/51284/149628/3824/51311/7099/7294/23098/115352/81793/26191/1520/4671/10666/7305/81030/23547/259197/56253/4481/5063/388325/115362/84868/497189/4332/116449",31,"GO_BP",NA,"turquoise_hpv_neg"
"GO:0002702","positive regulation of production of molecular mediator of immune response","15/580","114/18842",0.131578947368421,4.27450090744102,6.24947654994699,2.20945406131939e-06,3.33249780958588e-05,3.33249780958588e-05,"972/6504/59067/3805/54440/30009/10859/5788/51237/51744/924/10666/388325/7805/116449",15,"GO_BP",NA,"turquoise_hpv_neg"
"GO:0032633","interleukin-4 production","8/580","30/18842",0.266666666666667,8.66298850574713,7.48571207643634,2.47032267517217e-06,3.68774836278267e-05,3.68774836278267e-05,"50943/3662/940/3123/959/160365/2207/84868",8,"GO_BP",NA,"turquoise_hpv_neg"
"GO:0032673","regulation of interleukin-4 production","8/580","30/18842",0.266666666666667,8.66298850574713,7.48571207643634,2.47032267517217e-06,3.68774836278267e-05,3.68774836278267e-05,"50943/3662/940/3123/959/160365/2207/84868",8,"GO_BP",NA,"turquoise_hpv_neg"
"GO:0042116","macrophage activation","14/580","101/18842",0.138613861386139,4.50303857972004,6.29072976372523,2.56338882784135e-06,3.80715554992152e-05,3.80715554992152e-05,"3689/972/2208/1524/7099/5788/11326/8530/26228/7305/2213/3458/84868/2214",14,"GO_BP",NA,"turquoise_hpv_neg"
"GO:0071706","tumor necrosis factor superfamily cytokine production","20/580","196/18842",0.102040816326531,3.31491907107671,5.80580989048786,2.87101960258708e-06,4.2097186688264e-05,4.2097186688264e-05,"6504/914/1524/945/10859/7099/2209/5788/6693/26191/7305/23547/11006/6363/2213/1536/3458/84868/2214/729230",20,"GO_BP",NA,"turquoise_hpv_neg"
"GO:1903555","regulation of tumor necrosis factor superfamily cytokine production","20/580","196/18842",0.102040816326531,3.31491907107671,5.80580989048786,2.87101960258708e-06,4.2097186688264e-05,4.2097186688264e-05,"6504/914/1524/945/10859/7099/2209/5788/6693/26191/7305/23547/11006/6363/2213/1536/3458/84868/2214/729230",20,"GO_BP",NA,"turquoise_hpv_neg"
"GO:0050766","positive regulation of phagocytosis","12/580","75/18842",0.16,5.19779310344828,6.49151457834649,2.87782210613691e-06,4.2097186688264e-05,4.2097186688264e-05,"3071/146722/3561/6347/3560/2209/5788/1794/26228/2213/55423/3458",12,"GO_BP",NA,"turquoise_hpv_neg"
"GO:0006935","chemotaxis","33/580","443/18842",0.0744920993227991,2.41996575075893,5.3898220300655,2.92998382855551e-06,4.24337458951496e-05,4.24337458951496e-05,"3689/972/3071/643/1234/1524/9750/2359/6347/5294/1230/3603/920/6693/51411/719/4283/1236/10663/26228/1240/2848/56833/120425/1436/1237/6363/2833/5168/7412/1233/729230/10563",33,"GO_BP",NA,"turquoise_hpv_neg"
"GO:0042330","taxis","33/580","443/18842",0.0744920993227991,2.41996575075893,5.3898220300655,2.92998382855551e-06,4.24337458951496e-05,4.24337458951496e-05,"3689/972/3071/643/1234/1524/9750/2359/6347/5294/1230/3603/920/6693/51411/719/4283/1236/10663/26228/1240/2848/56833/120425/1436/1237/6363/2833/5168/7412/1233/729230/10563",33,"GO_BP",NA,"turquoise_hpv_neg"
"GO:0097530","granulocyte migration","16/580","133/18842",0.120300751879699,3.90811511537464,5.99796502579342,3.38905510978253e-06,4.88393040820641e-05,4.88393040820642e-05,"3689/972/3071/9750/6347/5294/719/4283/1236/1240/2529/56833/120425/1436/6363/10563",16,"GO_BP",NA,"turquoise_hpv_neg"
"GO:0002688","regulation of leukocyte chemotaxis","15/580","118/18842",0.127118644067797,4.12960257159556,6.07746798499858,3.4245440015943e-06,4.91076235893646e-05,4.91076235893646e-05,"972/3071/1524/9750/6347/1230/719/1236/26228/1240/56833/1436/6363/729230/10563",15,"GO_BP",NA,"turquoise_hpv_neg"
"GO:0045066","regulatory T cell differentiation","10/580","52/18842",0.192307692307692,6.2473474801061,6.7525826461407,3.48789039136876e-06,4.97708280846787e-05,4.97708280846787e-05,"50943/3659/1378/3902/940/1493/3123/259307/11006/3122",10,"GO_BP",NA,"turquoise_hpv_neg"
"GO:0002275","myeloid cell activation involved in immune response","13/580","90/18842",0.144444444444444,4.69245210727969,6.25754715384297,3.65032185696514e-06,5.1834570368905e-05,5.1834570368905e-05,"3689/6504/1524/284021/5294/8832/1794/7305/2207/3458/84868/729230/116449",13,"GO_BP",NA,"turquoise_hpv_neg"
"GO:0002717","positive regulation of natural killer cell mediated immunity","8/580","32/18842",0.25,8.12155172413793,7.18533509469134,4.20462620654094e-06,5.91288255422254e-05,5.91288255422254e-05,"59067/3805/114836/3824/10666/259197/56253/116449",8,"GO_BP",NA,"turquoise_hpv_neg"
"GO:0002837","regulation of immune response to tumor cell","8/580","32/18842",0.25,8.12155172413793,7.18533509469134,4.20462620654094e-06,5.91288255422254e-05,5.91288255422254e-05,"5133/151888/3902/10666/3123/259307/56253/84868",8,"GO_BP",NA,"turquoise_hpv_neg"
"GO:0002690","positive regulation of leukocyte chemotaxis","13/580","92/18842",0.141304347826087,4.59044227886057,6.15223660314385,4.68854962368102e-06,6.56171536275743e-05,6.56171536275743e-05,"972/3071/1524/9750/6347/1230/719/1236/1240/1436/6363/729230/10563",13,"GO_BP",NA,"turquoise_hpv_neg"
"GO:0002524","hypersensitivity","6/580","16/18842",0.375,12.1823275862069,7.97452781616636,5.10193228504967e-06,7.10608846018162e-05,7.10608846018161e-05,"2209/1236/2529/3500/2213/2214",6,"GO_BP",NA,"turquoise_hpv_neg"
"GO:0007162","negative regulation of cell adhesion","25/580","295/18842",0.0847457627118644,2.75306838106371,5.40835052280314,5.1848001423394e-06,7.1871205782619e-05,7.1871205782619e-05,"50943/201633/3659/5133/9750/30009/10859/54900/151888/5788/1378/3902/11326/6693/1493/26191/969/3123/259307/56253/11006/26279/84868/7805/27299",25,"GO_BP",NA,"turquoise_hpv_neg"
"GO:1990266","neutrophil migration","13/580","93/18842",0.139784946236559,4.54108268446422,6.10070871690954,5.29949080207285e-06,7.31128802124837e-05,7.31128802124837e-05,"3689/972/3071/9750/5294/719/4283/1236/2529/56833/120425/6363/10563",13,"GO_BP",NA,"turquoise_hpv_neg"
"GO:0002834","regulation of response to tumor cell","8/580","33/18842",0.242424242424242,7.87544409613375,7.04476765716683,5.40142045923701e-06,7.41676177209384e-05,7.41676177209384e-05,"5133/151888/3902/10666/3123/259307/56253/84868",8,"GO_BP",NA,"turquoise_hpv_neg"
"GO:0071675","regulation of mononuclear cell migration","16/580","138/18842",0.115942028985507,3.76651674162919,5.81296089444182,5.49965698872521e-06,7.51619788459112e-05,7.51619788459112e-05,"1524/9750/6347/1230/6693/719/1236/26228/1240/969/131450/56833/1436/3676/729230/10563",16,"GO_BP",NA,"turquoise_hpv_neg"
"GO:0002407","dendritic cell chemotaxis","7/580","24/18842",0.291666666666667,9.47514367816092,7.40385254191322,5.53940456786301e-06,7.53514331637814e-05,7.53514331637814e-05,"1234/5294/1230/1236/56833/6363/729230",7,"GO_BP",NA,"turquoise_hpv_neg"
"GO:0002708","positive regulation of lymphocyte mediated immunity","14/580","108/18842",0.12962962962963,4.21117496807152,5.96420265677106,5.73214589901321e-06,7.76105893582673e-05,7.76105893582673e-05,"6504/59067/3805/114836/3824/30009/3594/924/10666/3123/259197/56253/3122/116449",14,"GO_BP",NA,"turquoise_hpv_neg"
"GO:0033627","cell adhesion mediated by integrin","12/580","80/18842",0.15,4.87293103448276,6.18638570406924,5.77058151971395e-06,7.7769272240219e-05,7.7769272240219e-05,"3689/3071/83706/3385/5294/3683/8631/3695/916/7412/3676/10563",12,"GO_BP",NA,"turquoise_hpv_neg"
"GO:0001771","immunological synapse formation","5/580","10/18842",0.5,16.2431034482759,8.5924492673796,6.02222578122841e-06,8.07866324845894e-05,8.07866324845894e-05,"923/1236/6363/5551/84868",5,"GO_BP",NA,"turquoise_hpv_neg"
"GO:0002761","regulation of myeloid leukocyte differentiation","14/580","109/18842",0.128440366972477,4.17254033533692,5.91982048398467,6.39413010097011e-06,8.53821684583669e-05,8.53821684583669e-05,"972/9290/3635/10272/10859/1230/920/7099/714/7305/3123/11006/2124/3458",14,"GO_BP",NA,"turquoise_hpv_neg"
"GO:0002287","alpha-beta T cell activation involved in immune response","12/580","81/18842",0.148148148148148,4.81277139208174,6.12839975415543,6.58739912261357e-06,8.75612732690781e-05,8.75612732690781e-05,"50943/8320/114836/30009/4063/3594/3662/6693/969/10538/8807/6363",12,"GO_BP",NA,"turquoise_hpv_neg"
"GO:0050869","negative regulation of B cell activation","7/580","25/18842",0.28,9.09613793103448,7.21879173963239,7.49022711176204e-06,9.86608648069652e-05,9.86608648069652e-05,"23495/1378/1493/7305/2213/7805/4332",7,"GO_BP",NA,"turquoise_hpv_neg"
"GO:0072540","T-helper 17 cell lineage commitment","7/580","25/18842",0.28,9.09613793103448,7.21879173963239,7.49022711176204e-06,9.86608648069652e-05,9.86608648069652e-05,"114836/30009/4063/3594/3662/969/10538",7,"GO_BP",NA,"turquoise_hpv_neg"
"GO:0045589","regulation of regulatory T cell differentiation","9/580","45/18842",0.2,6.49724137931034,6.5795864177154,7.67942173219144e-06,0.000100697282263105,0.000100697282263105,"50943/3659/1378/3902/1493/3123/259307/11006/3122",9,"GO_BP",NA,"turquoise_hpv_neg"
"GO:0030890","positive regulation of B cell proliferation","8/580","35/18842",0.228571428571429,7.42541871921182,6.78059018133126,8.67248332983143e-06,0.000112703566844372,0.000112703566844372,"972/3071/59067/54440/115352/5788/596/10673",8,"GO_BP",NA,"turquoise_hpv_neg"
"GO:0032735","positive regulation of interleukin-12 production","8/580","35/18842",0.228571428571429,7.42541871921182,6.78059018133126,8.67248332983143e-06,0.000112703566844372,0.000112703566844372,"3603/7099/1236/959/6363/388325/3458/7805",8,"GO_BP",NA,"turquoise_hpv_neg"
"GO:0071621","granulocyte chemotaxis","14/580","112/18842",0.125,4.06077586206897,5.78979854442906,8.80521416516121e-06,0.000113919904154597,0.000113919904154597,"3689/972/3071/9750/6347/5294/719/4283/1236/1240/120425/1436/6363/10563",14,"GO_BP",NA,"turquoise_hpv_neg"
"GO:2000514","regulation of CD4-positive, alpha-beta T cell activation","11/580","70/18842",0.157142857142857,5.10497536945813,6.13191470529145,8.91572347603028e-06,0.000114839252383735,0.000114839252383735,"3071/50943/30009/8477/3594/3662/969/10538/3123/6363/3122",11,"GO_BP",NA,"turquoise_hpv_neg"
"GO:0046635","positive regulation of alpha-beta T cell activation","10/580","58/18842",0.172413793103448,5.60107015457788,6.25418342927226,9.74629632287727e-06,0.000124984443153726,0.000124984443153726,"3071/50943/8477/3594/3123/11006/6363/3122/64926/729230",10,"GO_BP",NA,"turquoise_hpv_neg"
"GO:0032814","regulation of natural killer cell activation","8/580","36/18842",0.222222222222222,7.21915708812261,6.65620001115013,1.08519295400768e-05,0.000138552486364752,0.000138552486364752,"257101/3824/3594/26191/7305/84868/2214/116449",8,"GO_BP",NA,"turquoise_hpv_neg"
"GO:0061756","leukocyte adhesion to vascular endothelial cell","10/580","59/18842",0.169491525423729,5.50613676212741,6.17788325998418,1.14157141912982e-05,0.000145114165986328,0.000145114165986328,"3689/6403/1524/6693/2529/3695/7412/3676/6401/6402",10,"GO_BP",NA,"turquoise_hpv_neg"
"GO:0002767","immune response-inhibiting cell surface receptor signaling pathway","8/580","37/18842",0.216216216216216,7.02404473438956,6.53648371870155,1.34751583685762e-05,0.00017054863483011,0.00017054863483011,"3812/3805/10859/11024/9437/3903/23547/11006",8,"GO_BP",NA,"turquoise_hpv_neg"
"GO:0042088","T-helper 1 type immune response","10/580","61/18842",0.163934426229508,5.3256076879593,6.03037739229531,1.55048634049397e-05,0.000195388127150561,0.000195388127150561,"6504/30009/7099/3594/6693/8807/3123/6363/84868/729230",10,"GO_BP",NA,"turquoise_hpv_neg"
"GO:0097028","dendritic cell differentiation","8/580","38/18842",0.210526315789474,6.83920145190563,6.4211370294782,1.66120638999264e-05,0.000208438439709852,0.000208438439709852,"2322/10859/1236/10538/55365/6363/2213/3394",8,"GO_BP",NA,"turquoise_hpv_neg"
"GO:0001776","leukocyte homeostasis","11/580","75/18842",0.146666666666667,4.76464367816092,5.82168742403878,1.75646923160806e-05,0.00021850777492355,0.00021850777492355,"972/3071/50943/2322/23495/3561/27240/3957/4049/10673/202309",11,"GO_BP",NA,"turquoise_hpv_neg"
"GO:0030593","neutrophil chemotaxis","11/580","75/18842",0.146666666666667,4.76464367816092,5.82168742403878,1.75646923160806e-05,0.00021850777492355,0.00021850777492355,"3689/972/3071/9750/5294/719/4283/1236/120425/6363/10563",11,"GO_BP",NA,"turquoise_hpv_neg"
"GO:0002291","T cell activation via T cell receptor contact with antigen bound to MHC molecule on antigen presenting cell","5/580","12/18842",0.416666666666667,13.5359195402299,7.74129221590388,1.79799937807259e-05,0.000222147870619193,0.000222147870619193,"10859/3683/7305/3109/84868",5,"GO_BP",NA,"turquoise_hpv_neg"
"GO:0050921","positive regulation of chemotaxis","15/580","135/18842",0.111111111111111,3.6095785440613,5.42284244207543,1.80099269893953e-05,0.000222147870619193,0.000222147870619193,"972/3071/1524/9750/6347/1230/3603/719/1236/1240/1436/6363/2833/729230/10563",15,"GO_BP",NA,"turquoise_hpv_neg"
"GO:0002444","myeloid leukocyte mediated immunity","13/580","104/18842",0.125,4.06077586206897,5.57799836259313,1.83436431556809e-05,0.000225309473528215,0.000225309473528215,"3689/1524/284021/5294/2209/8832/26228/7305/3500/2213/2214/729230/116449",13,"GO_BP",NA,"turquoise_hpv_neg"
"GO:0001913","T cell mediated cytotoxicity","9/580","50/18842",0.18,5.84751724137931,6.11659415045704,1.89331151181324e-05,0.000231572681129762,0.000231572681129762,"3071/3824/10859/3594/5788/3123/3122/2213/5551",9,"GO_BP",NA,"turquoise_hpv_neg"
"GO:0002335","mature B cell differentiation","7/580","29/18842",0.241379310344828,7.84149821640904,6.57072046528282,2.18509775057564e-05,0.000265034147996904,0.000265034147996904,"59067/1378/56833/5450/2213/930/3394",7,"GO_BP",NA,"turquoise_hpv_neg"
"GO:0036336","dendritic cell migration","7/580","29/18842",0.241379310344828,7.84149821640904,6.57072046528282,2.18509775057564e-05,0.000265034147996904,0.000265034147996904,"1234/5294/1230/1236/56833/6363/729230",7,"GO_BP",NA,"turquoise_hpv_neg"
"GO:0045591","positive regulation of regulatory T cell differentiation","6/580","20/18842",0.3,9.74586206896552,6.97391322825584,2.22279179516563e-05,0.000268487423889094,0.000268487423889094,"50943/1378/3123/259307/11006/3122",6,"GO_BP",NA,"turquoise_hpv_neg"
"GO:0071622","regulation of granulocyte chemotaxis","9/580","51/18842",0.176470588235294,5.73286004056795,6.03150380150907,2.23696070587634e-05,0.000269082339454794,0.000269082339454794,"972/3071/9750/6347/719/1236/1240/1436/6363",9,"GO_BP",NA,"turquoise_hpv_neg"
"GO:0002437","inflammatory response to antigenic stimulus","10/580","64/18842",0.15625,5.07596982758621,5.82087244395251,2.3975380192157e-05,0.000287211241725798,0.000287211241725798,"923/2209/1236/5577/2529/3123/3500/2213/26279/2214",10,"GO_BP",NA,"turquoise_hpv_neg"
"GO:0002369","T cell cytokine production","8/580","40/18842",0.2,6.49724137931034,6.20246869133704,2.47459376558275e-05,0.000294022140882098,0.000294022140882098,"50943/6504/30009/7133/151888/924/11006/729230",8,"GO_BP",NA,"turquoise_hpv_neg"
"GO:0002724","regulation of T cell cytokine production","8/580","40/18842",0.2,6.49724137931034,6.20246869133704,2.47459376558275e-05,0.000294022140882098,0.000294022140882098,"50943/6504/30009/7133/151888/924/11006/729230",8,"GO_BP",NA,"turquoise_hpv_neg"
"GO:0032635","interleukin-6 production","16/580","156/18842",0.102564102564103,3.33191865605659,5.21205903542981,2.61704830774305e-05,0.000308430268171661,0.000308430268171661,"972/3071/6504/51284/51311/3603/7099/26191/131450/7305/5450/11006/388325/3458/84868/7805",16,"GO_BP",NA,"turquoise_hpv_neg"
"GO:0032675","regulation of interleukin-6 production","16/580","156/18842",0.102564102564103,3.33191865605659,5.21205903542981,2.61704830774305e-05,0.000308430268171661,0.000308430268171661,"972/3071/6504/51284/51311/3603/7099/26191/131450/7305/5450/11006/388325/3458/84868/7805",16,"GO_BP",NA,"turquoise_hpv_neg"
"GO:0050871","positive regulation of B cell activation","10/580","65/18842",0.153846153846154,4.99787798408488,5.75393448657893,2.75639619293694e-05,0.000323543117646752,0.000323543117646752,"972/3071/3635/59067/54440/939/115352/5788/596/10673",10,"GO_BP",NA,"turquoise_hpv_neg"
"GO:0002725","negative regulation of T cell cytokine production","5/580","13/18842",0.384615384615385,12.4946949602122,7.38834729287184,2.84779771152508e-05,0.00033159756552998,0.00033159756552998,"50943/6504/30009/151888/11006",5,"GO_BP",NA,"turquoise_hpv_neg"
"GO:0030889","negative regulation of B cell proliferation","5/580","13/18842",0.384615384615385,12.4946949602122,7.38834729287184,2.84779771152508e-05,0.00033159756552998,0.00033159756552998,"23495/1493/7305/2213/4332",5,"GO_BP",NA,"turquoise_hpv_neg"
"GO:0031295","T cell costimulation","8/580","41/18842",0.195121951219512,6.33877207737595,6.09866300836755,2.99236039697441e-05,0.000345665123634623,0.000345665123634623,"921/940/1236/7409/959/11006/6363/29851",8,"GO_BP",NA,"turquoise_hpv_neg"
"GO:1902622","regulation of neutrophil migration","8/580","41/18842",0.195121951219512,6.33877207737595,6.09866300836755,2.99236039697441e-05,0.000345665123634623,0.000345665123634623,"972/3071/9750/719/1236/2529/56833/6363",8,"GO_BP",NA,"turquoise_hpv_neg"
"GO:0034341","response to type II interferon","13/580","109/18842",0.119266055045872,3.87450173995571,5.3636935965488,3.04767120870756e-05,0.000350662880970266,0.000350662880970266,"972/3659/6347/115361/7099/3594/7294/356/3113/4261/3458/115362/3394",13,"GO_BP",NA,"turquoise_hpv_neg"
"GO:0140894","endolysosomal toll-like receptor signaling pathway","9/580","53/18842",0.169811320754717,5.51652569941444,5.86789575255216,3.08501941743466e-05,0.00035217613820205,0.00035217613820205,"3659/51284/51311/115352/26191/23547/4481/388325/84868",9,"GO_BP",NA,"turquoise_hpv_neg"
"GO:1905517","macrophage migration","9/580","53/18842",0.169811320754717,5.51652569941444,5.86789575255216,3.08501941743466e-05,0.00035217613820205,0.00035217613820205,"1524/6347/719/26228/1240/131450/56833/1436/729230",9,"GO_BP",NA,"turquoise_hpv_neg"
"GO:0043372","positive regulation of CD4-positive, alpha-beta T cell differentiation","7/580","31/18842",0.225806451612903,7.33559510567297,6.29149885910639,3.48979343070167e-05,0.000395283606100099,0.000395283606100099,"3071/50943/8477/3594/3123/6363/3122",7,"GO_BP",NA,"turquoise_hpv_neg"
"GO:1902624","positive regulation of neutrophil migration","7/580","31/18842",0.225806451612903,7.33559510567297,6.29149885910639,3.48979343070167e-05,0.000395283606100099,0.000395283606100099,"972/3071/9750/719/1236/2529/6363",7,"GO_BP",NA,"turquoise_hpv_neg"
"GO:0031294","lymphocyte costimulation","8/580","42/18842",0.19047619047619,6.18784893267652,5.99825388663009,3.59773039429803e-05,0.00040436267095759,0.00040436267095759,"921/940/1236/7409/959/11006/6363/29851",8,"GO_BP",NA,"turquoise_hpv_neg"
"GO:1905521","regulation of macrophage migration","8/580","42/18842",0.19047619047619,6.18784893267652,5.99825388663009,3.59773039429803e-05,0.00040436267095759,0.00040436267095759,"1524/6347/719/26228/1240/131450/56833/1436",8,"GO_BP",NA,"turquoise_hpv_neg"
"GO:0002720","positive regulation of cytokine production involved in immune response","10/580","68/18842",0.147058823529412,4.77738336713996,5.56107709139244,4.12166930695058e-05,0.00046146843663589,0.00046146843663589,"972/6504/3805/30009/10859/924/10666/388325/7805/116449",10,"GO_BP",NA,"turquoise_hpv_neg"
"GO:0001914","regulation of T cell mediated cytotoxicity","8/580","43/18842",0.186046511627907,6.0439454691259,5.90104652745825,4.30207194607771e-05,0.000477920454695649,0.000477920454695649,"3071/3824/10859/3594/5788/3123/3122/2213",8,"GO_BP",NA,"turquoise_hpv_neg"
"GO:0046638","positive regulation of alpha-beta T cell differentiation","8/580","43/18842",0.186046511627907,6.0439454691259,5.90104652745825,4.30207194607771e-05,0.000477920454695649,0.000477920454695649,"3071/50943/8477/3594/3123/11006/6363/3122",8,"GO_BP",NA,"turquoise_hpv_neg"
"GO:0035589","G protein-coupled purinergic nucleotide receptor signaling pathway","5/580","14/18842",0.357142857142857,11.6022167487685,7.07213274642792,4.31786601116303e-05,0.000477920454695649,0.000477920454695649,"9934/53829/29909/2857/286530",5,"GO_BP",NA,"turquoise_hpv_neg"
"GO:0007259","cell surface receptor signaling pathway via JAK-STAT","15/580","146/18842",0.102739726027397,3.33762399622107,5.05322385054198,4.55395938780522e-05,0.000502143021890189,0.000502143021890189,"2322/59067/1439/3561/6347/3560/3594/5788/3568/1436/3458/3587/50615/8091/729230",15,"GO_BP",NA,"turquoise_hpv_neg"
"GO:0002573","myeloid leukocyte differentiation","18/580","201/18842",0.0895522388059701,2.90921255790015,4.84964010051118,5.21655666148465e-05,0.00057303382798422,0.00057303382798422,"972/9290/3635/10272/10859/1230/920/7099/1236/714/10538/7305/3123/1436/11006/6363/2124/3458",18,"GO_BP",NA,"turquoise_hpv_neg"
"GO:0050729","positive regulation of inflammatory response","16/580","166/18842",0.0963855421686747,3.13120066472788,4.9150535817632,5.60110499897713e-05,0.000612963032030918,0.000612963032030918,"59067/51284/1230/3603/920/7099/1236/26228/3957/4671/4818/81030/3003/3458/115362/729230",16,"GO_BP",NA,"turquoise_hpv_neg"
"GO:0050764","regulation of phagocytosis","12/580","100/18842",0.12,3.89834482758621,5.17885664455261,5.75756318067548e-05,0.000627725334042933,0.000627725334042933,"3071/146722/3561/6347/3560/2209/5788/1794/26228/2213/55423/3458",12,"GO_BP",NA,"turquoise_hpv_neg"
"GO:0032760","positive regulation of tumor necrosis factor production","13/580","116/18842",0.112068965517241,3.64069560047562,5.08412979505037,5.89574755418099e-05,0.000640392579485853,0.000640392579485853,"914/7099/2209/5788/6693/7305/6363/2213/1536/3458/84868/2214/729230",13,"GO_BP",NA,"turquoise_hpv_neg"
"GO:0010720","positive regulation of cell development","26/580","362/18842",0.0718232044198895,2.33326347875786,4.56468787987727,6.04806051215145e-05,0.000654494578099363,0.000654494578099363,"972/3071/50943/3635/1524/3561/939/3560/7133/1230/8477/920/3594/1378/7305/3123/4049/259307/7535/11006/6363/3122/2124/399/3458/9840",26,"GO_BP",NA,"turquoise_hpv_neg"
"GO:0032612","interleukin-1 production","14/580","133/18842",0.105263157894737,3.41960072595281,4.99040786037787,6.21316370770109e-05,0.000667399245502505,0.000667399245502505,"1524/945/51311/3495/3603/7099/1236/4671/7305/11006/6363/3458/115362/84868",14,"GO_BP",NA,"turquoise_hpv_neg"
"GO:0032652","regulation of interleukin-1 production","14/580","133/18842",0.105263157894737,3.41960072595281,4.99040786037787,6.21316370770109e-05,0.000667399245502505,0.000667399245502505,"1524/945/51311/3495/3603/7099/1236/4671/7305/11006/6363/3458/115362/84868",14,"GO_BP",NA,"turquoise_hpv_neg"
"GO:0032695","negative regulation of interleukin-12 production","5/580","15/18842",0.333333333333333,10.8287356321839,6.78647923172172,6.31310816872665e-05,0.000675641833792767,0.000675641833792767,"6504/201633/10859/1236/1240",5,"GO_BP",NA,"turquoise_hpv_neg"
"GO:0071219","cellular response to molecule of bacterial origin","19/580","223/18842",0.0852017937219731,2.76788309880934,4.73281579629166,6.42385641176119e-05,0.000684976044492191,0.000684976044492191,"923/1234/1524/6347/10859/7133/7099/81793/4283/26228/26191/8807/4064/388325/9450/389643/115362/84868/10563",19,"GO_BP",NA,"turquoise_hpv_neg"
"GO:0032753","positive regulation of interleukin-4 production","6/580","24/18842",0.25,8.12155172413793,6.2213598774725,6.94951164687197e-05,0.000735637396510702,0.000735637396510702,"3662/940/959/160365/2207/84868",6,"GO_BP",NA,"turquoise_hpv_neg"
"GO:0090023","positive regulation of neutrophil chemotaxis","6/580","24/18842",0.25,8.12155172413793,6.2213598774725,6.94951164687197e-05,0.000735637396510702,0.000735637396510702,"972/3071/9750/719/1236/6363",6,"GO_BP",NA,"turquoise_hpv_neg"
"GO:0032620","interleukin-17 production","8/580","47/18842",0.170212765957447,5.52956713132795,5.54084838769572,8.37305880552155e-05,0.000878680421726062,0.000878680421726062,"3071/50943/59067/114836/7099/4063/3594/3458",8,"GO_BP",NA,"turquoise_hpv_neg"
"GO:0032660","regulation of interleukin-17 production","8/580","47/18842",0.170212765957447,5.52956713132795,5.54084838769572,8.37305880552155e-05,0.000878680421726062,0.000878680421726062,"3071/50943/59067/114836/7099/4063/3594/3458",8,"GO_BP",NA,"turquoise_hpv_neg"
"GO:1903557","positive regulation of tumor necrosis factor superfamily cytokine production","13/580","120/18842",0.108333333333333,3.51933908045977,4.93392937328013,8.39138293506854e-05,0.000878680421726062,0.000878680421726062,"914/7099/2209/5788/6693/7305/6363/2213/1536/3458/84868/2214/729230",13,"GO_BP",NA,"turquoise_hpv_neg"
"GO:0032732","positive regulation of interleukin-1 production","10/580","74/18842",0.135135135135135,4.39002795899348,5.20717225897394,8.63363485707261e-05,0.000897589681033513,0.000897589681033513,"51311/3495/3603/7099/4671/7305/6363/3458/115362/84868",10,"GO_BP",NA,"turquoise_hpv_neg"
"GO:0043299","leukocyte degranulation","10/580","74/18842",0.135135135135135,4.39002795899348,5.20717225897394,8.63363485707261e-05,0.000897589681033513,0.000897589681033513,"3689/3071/284021/5294/8832/4818/2213/2214/729230/116449",10,"GO_BP",NA,"turquoise_hpv_neg"
"GO:0002716","negative regulation of natural killer cell mediated immunity","6/580","25/18842",0.24,7.79668965517241,6.06015949302563,8.90756078446008e-05,0.000919500334878131,0.000919500334878131,"3635/201633/3805/3824/10859/84868",6,"GO_BP",NA,"turquoise_hpv_neg"
"GO:0045953","negative regulation of natural killer cell mediated cytotoxicity","6/580","25/18842",0.24,7.79668965517241,6.06015949302563,8.90756078446008e-05,0.000919500334878131,0.000919500334878131,"3635/201633/3805/3824/10859/84868",6,"GO_BP",NA,"turquoise_hpv_neg"
"GO:0071222","cellular response to lipopolysaccharide","18/580","210/18842",0.0857142857142857,2.78453201970443,4.63442711882912,9.20272069165416e-05,0.000946612011781105,0.000946612011781105,"923/1234/1524/6347/10859/7133/7099/4283/26228/26191/8807/4064/388325/9450/389643/115362/84868/10563",18,"GO_BP",NA,"turquoise_hpv_neg"
"GO:0002719","negative regulation of cytokine production involved in immune response","6/580","26/18842",0.230769230769231,7.49681697612732,5.90765950692582,0.000112804609822214,0.00114416104248246,0.00114416104248246,"50943/6504/30009/10859/151888/11006",6,"GO_BP",NA,"turquoise_hpv_neg"
"GO:0033622","integrin activation","6/580","26/18842",0.230769230769231,7.49681697612732,5.90765950692582,0.000112804609822214,0.00114416104248246,0.00114416104248246,"83706/6403/5341/51237/8631/10563",6,"GO_BP",NA,"turquoise_hpv_neg"
"GO:0045954","positive regulation of natural killer cell mediated cytotoxicity","6/580","26/18842",0.230769230769231,7.49681697612732,5.90765950692582,0.000112804609822214,0.00114416104248246,0.00114416104248246,"59067/114836/3824/10666/259197/56253",6,"GO_BP",NA,"turquoise_hpv_neg"
"GO:0071624","positive regulation of granulocyte chemotaxis","6/580","26/18842",0.230769230769231,7.49681697612732,5.90765950692582,0.000112804609822214,0.00114416104248246,0.00114416104248246,"972/3071/9750/719/1236/6363",6,"GO_BP",NA,"turquoise_hpv_neg"
"GO:0071677","positive regulation of mononuclear cell migration","11/580","92/18842",0.119565217391304,3.8842203898051,4.94212269005588,0.000120328486018805,0.00121623688472479,0.00121623688472479,"1524/6347/1230/6693/719/1236/1240/1436/3676/729230/10563",11,"GO_BP",NA,"turquoise_hpv_neg"
"GO:0045807","positive regulation of endocytosis","15/580","159/18842",0.0943396226415094,3.06473649967469,4.6594182109564,0.000120871725465646,0.00121750032121279,0.00121750032121279,"3071/146722/3561/6347/3560/2209/5788/1794/1236/26228/6363/2213/55423/3458/6401",15,"GO_BP",NA,"turquoise_hpv_neg"
"GO:0001773","myeloid dendritic cell activation","5/580","17/18842",0.294117647058824,9.55476673427992,6.28864302341877,0.000123602981629785,0.00122230523444548,0.00122230523444548,"6504/914/1794/10538/84868",5,"GO_BP",NA,"turquoise_hpv_neg"
"GO:0002430","complement receptor mediated signaling pathway","5/580","17/18842",0.294117647058824,9.55476673427992,6.28864302341877,0.000123602981629785,0.00122230523444548,0.00122230523444548,"2359/1378/719/1380/1240",5,"GO_BP",NA,"turquoise_hpv_neg"
"GO:0002523","leukocyte migration involved in inflammatory response","5/580","17/18842",0.294117647058824,9.55476673427992,6.28864302341877,0.000123602981629785,0.00122230523444548,0.00122230523444548,"3689/30009/2529/56833/6401",5,"GO_BP",NA,"turquoise_hpv_neg"
"GO:0050862","positive regulation of T cell receptor signaling pathway","5/580","17/18842",0.294117647058824,9.55476673427992,6.28864302341877,0.000123602981629785,0.00122230523444548,0.00122230523444548,"940/1236/10666/50852/9840",5,"GO_BP",NA,"turquoise_hpv_neg"
"GO:0060263","regulation of respiratory burst","5/580","17/18842",0.294117647058824,9.55476673427992,6.28864302341877,0.000123602981629785,0.00122230523444548,0.00122230523444548,"3512/653361/3494/3493/56833",5,"GO_BP",NA,"turquoise_hpv_neg"
"GO:0050920","regulation of chemotaxis","17/580","196/18842",0.086734693877551,2.8176812104152,4.55873886955111,0.000123868101738721,0.00122230523444548,0.00122230523444548,"972/3071/1524/9750/6347/1230/3603/719/1236/26228/1240/56833/1436/6363/2833/729230/10563",17,"GO_BP",NA,"turquoise_hpv_neg"
"GO:0036037","CD8-positive, alpha-beta T cell activation","7/580","38/18842",0.184210526315789,5.98430127041742,5.48103738450533,0.000138961798888828,0.00136661417758574,0.00136661417758574,"3071/3659/8320/10859/56253/11006/944",7,"GO_BP",NA,"turquoise_hpv_neg"
"GO:0010758","regulation of macrophage chemotaxis","6/580","27/18842",0.222222222222222,7.21915708812261,5.76305945166746,0.000141287146989079,0.00138480432621282,0.00138480432621282,"6347/719/26228/1240/56833/1436",6,"GO_BP",NA,"turquoise_hpv_neg"
"GO:0045576","mast cell activation","9/580","64/18842",0.140625,4.56837284482759,5.09597569187747,0.000141990069966893,0.00138702380427391,0.00138702380427391,"146722/1269/284021/5294/8832/10666/399/3937/116449",9,"GO_BP",NA,"turquoise_hpv_neg"
"GO:0001788","antibody-dependent cellular cytotoxicity","4/580","10/18842",0.4,12.9944827586207,6.76122057044524,0.000160950319027367,0.00154120519305482,0.00154120519305482,"2209/3500/2213/2214",4,"GO_BP",NA,"turquoise_hpv_neg"
"GO:0001794","type IIa hypersensitivity","4/580","10/18842",0.4,12.9944827586207,6.76122057044524,0.000160950319027367,0.00154120519305482,0.00154120519305482,"2209/3500/2213/2214",4,"GO_BP",NA,"turquoise_hpv_neg"
"GO:0002420","natural killer cell mediated cytotoxicity directed against tumor cell target","4/580","10/18842",0.4,12.9944827586207,6.76122057044524,0.000160950319027367,0.00154120519305482,0.00154120519305482,"10666/4818/56253/84868",4,"GO_BP",NA,"turquoise_hpv_neg"
"GO:0002445","type II hypersensitivity","4/580","10/18842",0.4,12.9944827586207,6.76122057044524,0.000160950319027367,0.00154120519305482,0.00154120519305482,"2209/3500/2213/2214",4,"GO_BP",NA,"turquoise_hpv_neg"
"GO:0002604","regulation of dendritic cell antigen processing and presentation","4/580","10/18842",0.4,12.9944827586207,6.76122057044524,0.000160950319027367,0.00154120519305482,0.00154120519305482,"972/1236/6363/2213",4,"GO_BP",NA,"turquoise_hpv_neg"
"GO:1903238","positive regulation of leukocyte tethering or rolling","4/580","10/18842",0.4,12.9944827586207,6.76122057044524,0.000160950319027367,0.00154120519305482,0.00154120519305482,"6403/2529/3676/6401",4,"GO_BP",NA,"turquoise_hpv_neg"
"GO:0031348","negative regulation of defense response","22/580","300/18842",0.0733333333333333,2.38232183908046,4.30113734480572,0.000163086350755652,0.00155653890835969,0.00155653890835969,"50943/3635/201633/3805/89790/5133/3824/10859/7133/313/5788/1378/11326/5577/8530/969/131450/3123/56833/2213/3587/84868",22,"GO_BP",NA,"turquoise_hpv_neg"
"GO:2000516","positive regulation of CD4-positive, alpha-beta T cell activation","7/580","39/18842",0.179487179487179,5.83085764809903,5.3818894553882,0.000164910244249653,0.00156880300983902,0.00156880300983902,"3071/50943/8477/3594/3123/6363/3122",7,"GO_BP",NA,"turquoise_hpv_neg"
"GO:0033003","regulation of mast cell activation","5/580","18/18842",0.277777777777778,9.02394636015326,6.06960060838682,0.000166826918894671,0.00157561921131581,0.00157561921131581,"146722/1269/284021/8832/10666",5,"GO_BP",NA,"turquoise_hpv_neg"
"GO:0002224","toll-like receptor signaling pathway","10/580","80/18842",0.125,4.06077586206897,4.88909817083601,0.000167791808831295,0.00157561921131581,0.00157561921131581,"146722/3659/51284/51311/7099/23098/81793/1520/388325/497189",10,"GO_BP",NA,"turquoise_hpv_neg"
"GO:0002312","B cell activation involved in immune response","10/580","80/18842",0.125,4.06077586206897,4.88909817083601,0.000167791808831295,0.00157561921131581,0.00157561921131581,"59067/1378/10538/4064/5450/959/2213/202309/930/3394",10,"GO_BP",NA,"turquoise_hpv_neg"
"GO:0150076","neuroinflammatory response","10/580","80/18842",0.125,4.06077586206897,4.88909817083601,0.000167791808831295,0.00157561921131581,0.00157561921131581,"3689/1524/7133/1230/5788/8530/26228/131450/7305/3458",10,"GO_BP",NA,"turquoise_hpv_neg"
"GO:0042742","defense response to bacterium","23/580","322/18842",0.0714285714285714,2.32044334975369,4.25911160763692,0.000172043367530559,0.00161034804785034,0.00161034804785034,"3503/2208/6403/3512/3495/115361/3502/7099/3501/3494/6693/3493/28912/4671/8807/56833/3500/4069/115362/84868/3507/219972/10563",23,"GO_BP",NA,"turquoise_hpv_neg"
"GO:0002260","lymphocyte homeostasis","8/580","52/18842",0.153846153846154,4.99787798408488,5.14469483850032,0.000175084517758,0.00162834195269501,0.00162834195269501,"972/3071/50943/23495/27240/3957/10673/202309",8,"GO_BP",NA,"turquoise_hpv_neg"
"GO:0007157","heterophilic cell-cell adhesion","8/580","52/18842",0.153846153846154,4.99787798408488,5.14469483850032,0.000175084517758,0.00162834195269501,0.00162834195269501,"923/6403/3683/120425/56253/7412/6401/6402",8,"GO_BP",NA,"turquoise_hpv_neg"
"GO:0002832","negative regulation of response to biotic stimulus","13/580","131/18842",0.099236641221374,3.22382205843643,4.55175611716535,0.000204629996913187,0.00189706344272066,0.00189706344272066,"50943/3635/201633/3805/5133/3824/10859/1378/3902/11326/56833/259307/84868",13,"GO_BP",NA,"turquoise_hpv_neg"
"GO:0002218","activation of innate immune response","23/580","326/18842",0.0705521472392638,2.2919716522107,4.1935323827214,0.000205945007478508,0.00190319338657123,0.00190319338657123,"146722/3659/51284/149628/3824/51311/7099/23098/115352/81793/26191/1520/4671/7305/81030/23547/4481/5063/388325/115362/84868/497189/4332",23,"GO_BP",NA,"turquoise_hpv_neg"
"GO:0071379","cellular response to prostaglandin stimulus","5/580","19/18842",0.263157894736842,8.54900181488203,5.86696789216487,0.000220702994120235,0.00202923103013768,0.00202923103013768,"5732/8644/1236/6363/1646",5,"GO_BP",NA,"turquoise_hpv_neg"
"GO:0071216","cellular response to biotic stimulus","19/580","245/18842",0.0775510204081633,2.5193384940183,4.26587318089815,0.000220977752165457,0.00202923103013768,0.00202923103013768,"923/1234/1524/6347/10859/7133/7099/81793/4283/26228/26191/8807/4064/388325/9450/389643/115362/84868/10563",19,"GO_BP",NA,"turquoise_hpv_neg"
"GO:0002637","regulation of immunoglobulin production","8/580","54/18842",0.148148148148148,4.81277139208174,5.00022069139043,0.000229370416691414,0.00209309493099908,0.00209309493099908,"59067/933/54440/115352/5788/1378/51237/2213",8,"GO_BP",NA,"turquoise_hpv_neg"
"GO:0072539","T-helper 17 cell differentiation","8/580","54/18842",0.148148148148148,4.81277139208174,5.00022069139043,0.000229370416691414,0.00209309493099908,0.00209309493099908,"50943/114836/30009/4063/3594/3662/969/10538",8,"GO_BP",NA,"turquoise_hpv_neg"
"GO:0002423","natural killer cell mediated immune response to tumor cell","4/580","11/18842",0.363636363636364,11.8131661442006,6.39299447654833,0.000246772848166264,0.00221714741053085,0.00221714741053085,"10666/4818/56253/84868",4,"GO_BP",NA,"turquoise_hpv_neg"
"GO:0002835","negative regulation of response to tumor cell","4/580","11/18842",0.363636363636364,11.8131661442006,6.39299447654833,0.000246772848166264,0.00221714741053085,0.00221714741053085,"5133/3902/259307/84868",4,"GO_BP",NA,"turquoise_hpv_neg"
"GO:0002838","negative regulation of immune response to tumor cell","4/580","11/18842",0.363636363636364,11.8131661442006,6.39299447654833,0.000246772848166264,0.00221714741053085,0.00221714741053085,"5133/3902/259307/84868",4,"GO_BP",NA,"turquoise_hpv_neg"
"GO:0034154","toll-like receptor 7 signaling pathway","4/580","11/18842",0.363636363636364,11.8131661442006,6.39299447654833,0.000246772848166264,0.00221714741053085,0.00221714741053085,"51284/23547/388325/84868",4,"GO_BP",NA,"turquoise_hpv_neg"
"GO:0050859","negative regulation of B cell receptor signaling pathway","4/580","11/18842",0.363636363636364,11.8131661442006,6.39299447654833,0.000246772848166264,0.00221714741053085,0.00221714741053085,"933/921/115352/2213",4,"GO_BP",NA,"turquoise_hpv_neg"
"GO:0035590","purinergic nucleotide receptor signaling pathway","6/580","30/18842",0.2,6.49724137931034,5.37006758516297,0.000262030829144959,0.00234698998043377,0.00234698998043377,"9934/53829/29909/2857/286530/5023",6,"GO_BP",NA,"turquoise_hpv_neg"
"GO:0002840","regulation of T cell mediated immune response to tumor cell","5/580","20/18842",0.25,8.12155172413793,5.67869506551093,0.000286861352843094,0.00255136689125246,0.00255136689125246,"5133/151888/3902/3123/259307",5,"GO_BP",NA,"turquoise_hpv_neg"
"GO:2001185","regulation of CD8-positive, alpha-beta T cell activation","5/580","20/18842",0.25,8.12155172413793,5.67869506551093,0.000286861352843094,0.00255136689125246,0.00255136689125246,"3071/3659/10859/56253/11006",5,"GO_BP",NA,"turquoise_hpv_neg"
"GO:0097696","cell surface receptor signaling pathway via STAT","15/580","172/18842",0.0872093023255814,2.83309943865277,4.30397649856803,0.000287477959577742,0.00255136689125246,0.00255136689125246,"2322/59067/1439/3561/6347/3560/3594/5788/3568/1436/3458/3587/50615/8091/729230",15,"GO_BP",NA,"turquoise_hpv_neg"
"GO:0002377","immunoglobulin production","10/580","86/18842",0.116279069767442,3.77746591820369,4.60065486641083,0.000306076709789968,0.00269996758241999,0.00269996758241999,"59067/933/54440/115352/5788/1378/51237/10538/959/2213",10,"GO_BP",NA,"turquoise_hpv_neg"
"GO:0019731","antibacterial humoral response","10/580","86/18842",0.116279069767442,3.77746591820369,4.60065486641083,0.000306076709789968,0.00269996758241999,0.00269996758241999,"3503/3512/3495/3502/3501/3494/3493/28912/3500/3507",10,"GO_BP",NA,"turquoise_hpv_neg"
"GO:0042531","positive regulation of tyrosine phosphorylation of STAT protein","6/580","31/18842",0.193548387096774,6.28765294771969,5.25085046204122,0.000316542723906065,0.00278385459000167,0.00278385459000167,"2322/59067/3561/1436/3458/3587",6,"GO_BP",NA,"turquoise_hpv_neg"
"GO:0043030","regulation of macrophage activation","8/580","57/18842",0.140350877192982,4.55946763460375,4.7963258340855,0.000336006577871211,0.00294612996440691,0.00294612996440691,"972/7099/5788/11326/8530/26228/2213/84868",8,"GO_BP",NA,"turquoise_hpv_neg"
"GO:0006911","phagocytosis, engulfment","7/580","44/18842",0.159090909090909,5.16826018808777,4.93306841184228,0.000359721919367135,0.00310136802528068,0.00310136802528068,"3689/3071/2209/51411/26228/91937/4481",7,"GO_BP",NA,"turquoise_hpv_neg"
"GO:2000404","regulation of T cell migration","7/580","44/18842",0.159090909090909,5.16826018808777,4.93306841184228,0.000359721919367135,0.00310136802528068,0.00310136802528068,"9750/6693/969/131450/3676/729230/10563",7,"GO_BP",NA,"turquoise_hpv_neg"
"GO:0001768","establishment of T cell polarity","4/580","12/18842",0.333333333333333,10.8287356321839,6.06952799891751,0.000361169275359035,0.00310136802528068,0.00310136802528068,"9750/1236/56253/6363",4,"GO_BP",NA,"turquoise_hpv_neg"
"GO:0002864","regulation of acute inflammatory response to antigenic stimulus","4/580","12/18842",0.333333333333333,10.8287356321839,6.06952799891751,0.000361169275359035,0.00310136802528068,0.00310136802528068,"1236/2529/2213/26279",4,"GO_BP",NA,"turquoise_hpv_neg"
"GO:0033632","regulation of cell-cell adhesion mediated by integrin","4/580","12/18842",0.333333333333333,10.8287356321839,6.06952799891751,0.000361169275359035,0.00310136802528068,0.00310136802528068,"83706/8631/916/10563",4,"GO_BP",NA,"turquoise_hpv_neg"
"GO:0072672","neutrophil extravasation","4/580","12/18842",0.333333333333333,10.8287356321839,6.06952799891751,0.000361169275359035,0.00310136802528068,0.00310136802528068,"9750/5294/2529/120425",4,"GO_BP",NA,"turquoise_hpv_neg"
"GO:0140105","interleukin-10-mediated signaling pathway","4/580","12/18842",0.333333333333333,10.8287356321839,6.06952799891751,0.000361169275359035,0.00310136802528068,0.00310136802528068,"10859/11024/11006/3587",4,"GO_BP",NA,"turquoise_hpv_neg"
"GO:0090022","regulation of neutrophil chemotaxis","6/580","32/18842",0.1875,6.09116379310345,5.13676222436429,0.000379554415443968,0.00324965559810997,0.00324965559810997,"972/3071/9750/719/1236/6363",6,"GO_BP",NA,"turquoise_hpv_neg"
"GO:0032755","positive regulation of interleukin-6 production","10/580","90/18842",0.111111111111111,3.6095785440613,4.42241640966084,0.000443166841705716,0.00378316327332944,0.00378316327332944,"972/51284/51311/3603/7099/7305/5450/388325/3458/7805",10,"GO_BP",NA,"turquoise_hpv_neg"
"GO:0071676","negative regulation of mononuclear cell migration","6/580","33/18842",0.181818181818182,5.90658307210031,5.02741892017881,0.000451956011561728,0.00384691213349763,0.00384691213349763,"9750/6347/26228/969/131450/56833",6,"GO_BP",NA,"turquoise_hpv_neg"
"GO:0032693","negative regulation of interleukin-10 production","5/580","22/18842",0.227272727272727,7.38322884012539,5.33867824708656,0.000463042781323749,0.00392978873595753,0.00392978873595753,"50943/10859/7305/11006/2213",5,"GO_BP",NA,"turquoise_hpv_neg"
"GO:0001774","microglial cell activation","7/580","46/18842",0.152173913043478,4.94355322338831,4.7722776906084,0.000476470505411678,0.00402030620653158,0.00402030620653158,"3689/1524/5788/8530/26228/7305/3458",7,"GO_BP",NA,"turquoise_hpv_neg"
"GO:0002269","leukocyte activation involved in inflammatory response","7/580","46/18842",0.152173913043478,4.94355322338831,4.7722776906084,0.000476470505411678,0.00402030620653158,0.00402030620653158,"3689/1524/5788/8530/26228/7305/3458",7,"GO_BP",NA,"turquoise_hpv_neg"
"GO:0045670","regulation of osteoclast differentiation","8/580","60/18842",0.133333333333333,4.33149425287356,4.60612349673086,0.000479951522543308,0.00403797364775598,0.00403797364775598,"9290/10272/10859/1230/7099/7305/11006/3458",8,"GO_BP",NA,"turquoise_hpv_neg"
"GO:0001767","establishment of lymphocyte polarity","4/580","13/18842",0.307692307692308,9.99575596816976,5.78212553572068,0.000509032074578492,0.00427029501180977,0.00427029501180977,"9750/1236/56253/6363",4,"GO_BP",NA,"turquoise_hpv_neg"
"GO:0002825","regulation of T-helper 1 type immune response","6/580","34/18842",0.176470588235294,5.73286004056795,4.92247608162272,0.000534682408635779,0.00447258761936423,0.00447258761936423,"6504/30009/3594/6363/84868/729230",6,"GO_BP",NA,"turquoise_hpv_neg"
"GO:0007229","integrin-mediated signaling pathway","11/580","109/18842",0.100917431192661,3.27842454919329,4.25143982167704,0.000537220850108274,0.00448094525692031,0.00448094525692031,"3689/83706/5341/84106/3385/3683/7305/3695/959/2207/3676",11,"GO_BP",NA,"turquoise_hpv_neg"
"GO:0002762","negative regulation of myeloid leukocyte differentiation","7/580","47/18842",0.148936170212766,4.83837123991196,4.69533456054743,0.00054519999094906,0.00452158738932397,0.00452158738932397,"9290/3635/10272/10859/7099/714/11006",7,"GO_BP",NA,"turquoise_hpv_neg"
"GO:0002886","regulation of myeloid leukocyte mediated immunity","7/580","47/18842",0.148936170212766,4.83837123991196,4.69533456054743,0.00054519999094906,0.00452158738932397,0.00452158738932397,"3689/1524/8832/26228/7305/2213/729230",7,"GO_BP",NA,"turquoise_hpv_neg"
"GO:0002424","T cell mediated immune response to tumor cell","5/580","23/18842",0.217391304347826,7.06221889055472,5.18428732065673,0.000576802945998817,0.0047700948176209,0.0047700948176209,"5133/151888/3902/3123/259307",5,"GO_BP",NA,"turquoise_hpv_neg"
"GO:0002821","positive regulation of adaptive immune response","11/580","110/18842",0.1,3.24862068965517,4.21514261074314,0.000580694449242651,0.00478867292279138,0.00478867292279138,"6504/54440/30009/920/3594/924/8631/10666/3123/3122/729230",11,"GO_BP",NA,"turquoise_hpv_neg"
"GO:0045620","negative regulation of lymphocyte differentiation","8/580","62/18842",0.129032258064516,4.19176863181313,4.48612381107896,0.000601054852448727,0.00494257252959956,0.00494257252959956,"50943/3659/30009/1378/3902/1493/969/11006",8,"GO_BP",NA,"turquoise_hpv_neg"
"GO:0010721","negative regulation of cell development","17/580","225/18842",0.0755555555555556,2.45451340996169,3.91152348057711,0.000626669672808563,0.00511223607645773,0.00511223607645773,"9290/50943/3635/3659/10272/5744/30009/10859/7099/1378/3902/1493/969/714/55365/11006/2213",17,"GO_BP",NA,"turquoise_hpv_neg"
"GO:0031640","killing of cells of another organism","11/580","111/18842",0.0990990990990991,3.21935383659522,4.1792596902235,0.000627062807089405,0.00511223607645773,0.00511223607645773,"3002/2999/3004/4283/4818/4069/3001/6363/5551/115362/10563",11,"GO_BP",NA,"turquoise_hpv_neg"
"GO:0141061","disruption of cell in another organism","11/580","111/18842",0.0990990990990991,3.21935383659522,4.1792596902235,0.000627062807089405,0.00511223607645773,0.00511223607645773,"3002/2999/3004/4283/4818/4069/3001/6363/5551/115362/10563",11,"GO_BP",NA,"turquoise_hpv_neg"
"GO:0042509","regulation of tyrosine phosphorylation of STAT protein","6/580","35/18842",0.171428571428571,5.56906403940887,4.82162363533716,0.000628711959935372,0.00511223607645773,0.00511223607645773,"2322/59067/3561/1436/3458/3587",6,"GO_BP",NA,"turquoise_hpv_neg"
"GO:0001782","B cell homeostasis","4/580","14/18842",0.285714285714286,9.28177339901478,5.52429762959443,0.000695373440365238,0.00560729109391471,0.00560729109391471,"972/3071/23495/202309",4,"GO_BP",NA,"turquoise_hpv_neg"
"GO:0002517","T cell tolerance induction","4/580","14/18842",0.285714285714286,9.28177339901478,5.52429762959443,0.000695373440365238,0.00560729109391471,0.00560729109391471,"50943/151888/11006/29851",4,"GO_BP",NA,"turquoise_hpv_neg"
"GO:0046007","negative regulation of activated T cell proliferation","4/580","14/18842",0.285714285714286,9.28177339901478,5.52429762959443,0.000695373440365238,0.00560729109391471,0.00560729109391471,"50943/56253/11006/7805",4,"GO_BP",NA,"turquoise_hpv_neg"
"GO:0032611","interleukin-1 beta production","11/580","113/18842",0.0973451327433628,3.16237412267318,4.10870125521828,0.000729081359867211,0.00584671029910041,0.00584671029910041,"1524/945/51311/7099/1236/4671/7305/11006/6363/3458/115362",11,"GO_BP",NA,"turquoise_hpv_neg"
"GO:0032651","regulation of interleukin-1 beta production","11/580","113/18842",0.0973451327433628,3.16237412267318,4.10870125521828,0.000729081359867211,0.00584671029910041,0.00584671029910041,"1524/945/51311/7099/1236/4671/7305/11006/6363/3458/115362",11,"GO_BP",NA,"turquoise_hpv_neg"
"GO:2000107","negative regulation of leukocyte apoptotic process","6/580","36/18842",0.166666666666667,5.41436781609195,4.72458159367091,0.000735064963798457,0.00587850030114645,0.00587850030114645,"972/1234/10859/1236/171558/6363",6,"GO_BP",NA,"turquoise_hpv_neg"
"GO:0019730","antimicrobial humoral response","15/580","189/18842",0.0793650793650794,2.57827038861522,3.88624134383571,0.00077753140692777,0.00618413640865229,0.00618413640865229,"3503/3512/6347/3495/3502/3501/3494/4283/3493/28912/3500/4069/6363/3507/10563",15,"GO_BP",NA,"turquoise_hpv_neg"
"GO:0045637","regulation of myeloid cell differentiation","15/580","189/18842",0.0793650793650794,2.57827038861522,3.88624134383571,0.00077753140692777,0.00618413640865229,0.00618413640865229,"972/3071/9290/3635/10272/10859/1230/920/7099/714/7305/3123/11006/2124/3458",15,"GO_BP",NA,"turquoise_hpv_neg"
"GO:2000401","regulation of lymphocyte migration","8/580","65/18842",0.123076923076923,3.9983023872679,4.31529815966651,0.000827857463183777,0.00656646614530783,0.00656646614530783,"9750/6347/6693/969/131450/3676/729230/10563",8,"GO_BP",NA,"turquoise_hpv_neg"
"GO:0141060","disruption of anatomical structure in another organism","11/580","115/18842",0.0956521739130435,3.10737631184408,4.0396962511096,0.000844521279344349,0.0066804387069875,0.0066804387069875,"3002/2999/3004/4283/4818/4069/3001/6363/5551/115362/10563",11,"GO_BP",NA,"turquoise_hpv_neg"
"GO:0002691","regulation of cellular extravasation","6/580","37/18842",0.162162162162162,5.26803355079217,4.63109638883715,0.000854801984570043,0.00674343787827478,0.00674343787827478,"6403/9750/2529/3676/6401/729230",6,"GO_BP",NA,"turquoise_hpv_neg"
"GO:1904996","positive regulation of leukocyte adhesion to vascular endothelial cell","5/580","25/18842",0.2,6.49724137931034,4.90152724641888,0.000865612356040692,0.0068102636984715,0.0068102636984715,"3689/6403/2529/3676/6401",5,"GO_BP",NA,"turquoise_hpv_neg"
"GO:2000106","regulation of leukocyte apoptotic process","8/580","66/18842",0.121212121212121,3.93772204806688,4.26062130339248,0.000917118739014279,0.00719604487674007,0.00719604487674007,"972/1234/10859/1236/3620/171558/917/6363",8,"GO_BP",NA,"turquoise_hpv_neg"
"GO:0001787","natural killer cell proliferation","4/580","15/18842",0.266666666666667,8.66298850574713,5.2910887313814,0.000925279752611772,0.00722115109880126,0.00722115109880126,"6504/3594/26191/2214",4,"GO_BP",NA,"turquoise_hpv_neg"
"GO:1903236","regulation of leukocyte tethering or rolling","4/580","15/18842",0.266666666666667,8.66298850574713,5.2910887313814,0.000925279752611772,0.00722115109880126,0.00722115109880126,"6403/2529/3676/6401",4,"GO_BP",NA,"turquoise_hpv_neg"
"GO:0048246","macrophage chemotaxis","6/580","38/18842",0.157894736842105,5.12940108892922,4.54093773953247,0.000989022019385271,0.0076979761990121,0.0076979761990121,"6347/719/26228/1240/56833/1436",6,"GO_BP",NA,"turquoise_hpv_neg"
"GO:0061900","glial cell activation","7/580","53/18842",0.132075471698113,4.29063109954457,4.27520654974619,0.00113998734771717,0.00884934178454585,0.00884934178454585,"3689/1524/5788/8530/26228/7305/3458",7,"GO_BP",NA,"turquoise_hpv_neg"
"GO:0032102","negative regulation of response to external stimulus","25/580","416/18842",0.0600961538461538,1.95229608753316,3.50021671408078,0.00119500228125708,0.00922228047825113,0.00922228047825113,"50943/3635/201633/3805/89790/5133/3824/6347/10859/7133/313/5788/1378/11326/5577/8530/26228/969/131450/3123/56833/2213/3587/84868/10563",25,"GO_BP",NA,"turquoise_hpv_neg"
"GO:0071887","leukocyte apoptotic process","9/580","85/18842",0.105882352941176,3.43971602434077,4.01752746762762,0.00120014161750462,0.00922228047825113,0.00922228047825113,"972/1234/10859/356/1236/3620/171558/917/6363",9,"GO_BP",NA,"turquoise_hpv_neg"
"GO:0002643","regulation of tolerance induction","4/580","16/18842",0.25,8.12155172413793,5.07863965534829,0.00120387034755597,0.00922228047825113,0.00922228047825113,"50943/151888/11006/84868",4,"GO_BP",NA,"turquoise_hpv_neg"
"GO:0002827","positive regulation of T-helper 1 type immune response","4/580","16/18842",0.25,8.12155172413793,5.07863965534829,0.00120387034755597,0.00922228047825113,0.00922228047825113,"6504/30009/3594/729230",4,"GO_BP",NA,"turquoise_hpv_neg"
"GO:2000402","negative regulation of lymphocyte migration","4/580","16/18842",0.25,8.12155172413793,5.07863965534829,0.00120387034755597,0.00922228047825113,0.00922228047825113,"9750/6347/969/131450",4,"GO_BP",NA,"turquoise_hpv_neg"
"GO:0002313","mature B cell differentiation involved in immune response","5/580","27/18842",0.185185185185185,6.01596424010217,4.64810579850993,0.00125020801121367,0.00947748833500777,0.00947748833500777,"59067/1378/5450/2213/3394",5,"GO_BP",NA,"turquoise_hpv_neg"
"GO:0045061","thymic T cell selection","5/580","27/18842",0.185185185185185,6.01596424010217,4.64810579850993,0.00125020801121367,0.00947748833500777,0.00947748833500777,"1236/915/917/916/7535",5,"GO_BP",NA,"turquoise_hpv_neg"
"GO:0045671","negative regulation of osteoclast differentiation","5/580","27/18842",0.185185185185185,6.01596424010217,4.64810579850993,0.00125020801121367,0.00947748833500777,0.00947748833500777,"9290/10272/10859/7099/11006",5,"GO_BP",NA,"turquoise_hpv_neg"
"GO:2000353","positive regulation of endothelial cell apoptotic process","5/580","27/18842",0.185185185185185,6.01596424010217,4.64810579850993,0.00125020801121367,0.00947748833500777,0.00947748833500777,"6347/356/8644/959/3676",5,"GO_BP",NA,"turquoise_hpv_neg"
"GO:0050731","positive regulation of peptidyl-tyrosine phosphorylation","7/580","54/18842",0.12962962962963,4.21117496807152,4.21126311227893,0.00127561114595506,0.00961995866807039,0.00961995866807039,"2322/59067/3561/57091/1436/3458/3587",7,"GO_BP",NA,"turquoise_hpv_neg"
"GO:0099024","plasma membrane invagination","7/580","54/18842",0.12962962962963,4.21117496807152,4.21126311227893,0.00127561114595506,0.00961995866807039,0.00961995866807039,"3689/3071/2209/51411/26228/91937/4481",7,"GO_BP",NA,"turquoise_hpv_neg"
"GO:0007260","tyrosine phosphorylation of STAT protein","6/580","40/18842",0.15,4.87293103448276,4.36977964538652,0.00130548731050155,0.00979451948677836,0.00979451948677836,"2322/59067/3561/1436/3458/3587",6,"GO_BP",NA,"turquoise_hpv_neg"
"GO:0046006","regulation of activated T cell proliferation","6/580","40/18842",0.15,4.87293103448276,4.36977964538652,0.00130548731050155,0.00979451948677836,0.00979451948677836,"50943/6504/3594/56253/11006/7805",6,"GO_BP",NA,"turquoise_hpv_neg"
"GO:0002758","innate immune response-activating signaling pathway","20/580","306/18842",0.065359477124183,2.12328149650665,3.53047475297387,0.00134333162918814,0.0100525408035133,0.0100525408035133,"146722/3659/51284/3824/51311/7099/23098/115352/81793/26191/1520/4671/7305/23547/4481/5063/388325/115362/84868/497189",20,"GO_BP",NA,"turquoise_hpv_neg"
"GO:0002507","tolerance induction","5/580","28/18842",0.178571428571429,5.80110837438424,4.53076730081924,0.00148391049839962,0.0110373885679863,0.0110373885679863,"50943/151888/11006/84868/29851",5,"GO_BP",NA,"turquoise_hpv_neg"
"GO:2000319","regulation of T-helper 17 cell differentiation","5/580","28/18842",0.178571428571429,5.80110837438424,4.53076730081924,0.00148391049839962,0.0110373885679863,0.0110373885679863,"50943/30009/3594/969/10538",5,"GO_BP",NA,"turquoise_hpv_neg"
"GO:0002861","regulation of inflammatory response to antigenic stimulus","6/580","41/18842",0.146341463414634,4.75407905803196,4.28841365577828,0.00149010433088925,0.0110373885679863,0.0110373885679863,"1236/5577/2529/3123/2213/26279",6,"GO_BP",NA,"turquoise_hpv_neg"
"GO:0050798","activated T cell proliferation","6/580","41/18842",0.146341463414634,4.75407905803196,4.28841365577828,0.00149010433088925,0.0110373885679863,0.0110373885679863,"50943/6504/3594/56253/11006/7805",6,"GO_BP",NA,"turquoise_hpv_neg"
"GO:0002921","negative regulation of humoral immune response","4/580","17/18842",0.235294117647059,7.64381338742394,4.88389362392551,0.00153626030630249,0.0112930650294104,0.0112930650294104,"1378/11326/1380/2213",4,"GO_BP",NA,"turquoise_hpv_neg"
"GO:0033623","regulation of integrin activation","4/580","17/18842",0.235294117647059,7.64381338742394,4.88389362392551,0.00153626030630249,0.0112930650294104,0.0112930650294104,"6403/5341/8631/10563",4,"GO_BP",NA,"turquoise_hpv_neg"
"GO:0090713","immunological memory process","4/580","17/18842",0.235294117647059,7.64381338742394,4.88389362392551,0.00153626030630249,0.0112930650294104,0.0112930650294104,"939/3594/3123/3122",4,"GO_BP",NA,"turquoise_hpv_neg"
"GO:0002763","positive regulation of myeloid leukocyte differentiation","7/580","56/18842",0.125,4.06077586206897,4.08789925874318,0.00158450705414305,0.0115891960668603,0.0115891960668603,"972/1230/920/7305/3123/2124/3458",7,"GO_BP",NA,"turquoise_hpv_neg"
"GO:0033077","T cell differentiation in thymus","7/580","56/18842",0.125,4.06077586206897,4.08789925874318,0.00158450705414305,0.0115891960668603,0.0115891960668603,"5788/1236/915/917/916/7535/9840",7,"GO_BP",NA,"turquoise_hpv_neg"
"GO:0045581","negative regulation of T cell differentiation","7/580","57/18842",0.12280701754386,3.98953418027828,4.02834959962954,0.0017592971208211,0.0128353732298502,0.0128353732298502,"50943/3659/30009/3902/1493/969/11006",7,"GO_BP",NA,"turquoise_hpv_neg"
"GO:0042554","superoxide anion generation","6/580","43/18842",0.13953488372093,4.53295910184443,4.13330321812619,0.00191826357698806,0.0139231540031954,0.0139231540031954,"3689/653361/7305/654817/654816/1536",6,"GO_BP",NA,"turquoise_hpv_neg"
"GO:0001562","response to protozoan","4/580","18/18842",0.222222222222222,7.21915708812261,4.70439331862647,0.00192752698841901,0.0139231540031954,0.0139231540031954,"115361/3662/10538/4818",4,"GO_BP",NA,"turquoise_hpv_neg"
"GO:0042832","defense response to protozoan","4/580","18/18842",0.222222222222222,7.21915708812261,4.70439331862647,0.00192752698841901,0.0139231540031954,0.0139231540031954,"115361/3662/10538/4818",4,"GO_BP",NA,"turquoise_hpv_neg"
"GO:0043031","negative regulation of macrophage activation","4/580","18/18842",0.222222222222222,7.21915708812261,4.70439331862647,0.00192752698841901,0.0139231540031954,0.0139231540031954,"5788/11326/8530/2213",4,"GO_BP",NA,"turquoise_hpv_neg"
"GO:0032720","negative regulation of tumor necrosis factor production","8/580","74/18842",0.108108108108108,3.51202236719478,3.85853253796244,0.0019427167687152,0.0139635765771109,0.0139635765771109,"6504/945/10859/7099/26191/23547/11006/84868",8,"GO_BP",NA,"turquoise_hpv_neg"
"GO:0072538","T-helper 17 type immune response","8/580","74/18842",0.108108108108108,3.51202236719478,3.85853253796244,0.0019427167687152,0.0139635765771109,0.0139635765771109,"50943/114836/30009/4063/3594/3662/969/10538",8,"GO_BP",NA,"turquoise_hpv_neg"
"GO:0032607","interferon-alpha production","5/580","30/18842",0.166666666666667,5.41436781609195,4.31224533952628,0.00204547041913788,0.0146298879363891,0.0146298879363891,"51284/51311/7099/23547/84868",5,"GO_BP",NA,"turquoise_hpv_neg"
"GO:0032647","regulation of interferon-alpha production","5/580","30/18842",0.166666666666667,5.41436781609195,4.31224533952628,0.00204547041913788,0.0146298879363891,0.0146298879363891,"51284/51311/7099/23547/84868",5,"GO_BP",NA,"turquoise_hpv_neg"
"GO:0030316","osteoclast differentiation","9/580","92/18842",0.0978260869565217,3.17799850074963,3.7320087769679,0.00209587309790345,0.0149536435980317,0.0149536435980317,"9290/10272/10859/1230/7099/7305/1436/11006/3458",9,"GO_BP",NA,"turquoise_hpv_neg"
"GO:0002920","regulation of humoral immune response","6/580","44/18842",0.136363636363636,4.42993730407524,4.05927523854869,0.00216434910187557,0.0154044504536914,0.0154044504536914,"1378/11326/1236/1380/2213/10563",6,"GO_BP",NA,"turquoise_hpv_neg"
"GO:1903556","negative regulation of tumor necrosis factor superfamily cytokine production","8/580","76/18842",0.105263157894737,3.41960072595281,3.76666024740484,0.00230411172857806,0.0163591932729042,0.0163591932729042,"6504/945/10859/7099/26191/23547/11006/84868",8,"GO_BP",NA,"turquoise_hpv_neg"
"GO:0032715","negative regulation of interleukin-6 production","7/580","60/18842",0.116666666666667,3.79005747126437,3.85753307679743,0.00237452989050133,0.016713208761274,0.016713208761274,"3071/6504/7099/26191/131450/11006/84868",7,"GO_BP",NA,"turquoise_hpv_neg"
"GO:0034113","heterotypic cell-cell adhesion","7/580","60/18842",0.116666666666667,3.79005747126437,3.85753307679743,0.00237452989050133,0.016713208761274,0.016713208761274,"3689/914/131450/8631/3695/7412/3676",7,"GO_BP",NA,"turquoise_hpv_neg"
"GO:0034694","response to prostaglandin","5/580","31/18842",0.161290322580645,5.23971078976641,4.21020206497604,0.00237795651437476,0.016713208761274,0.016713208761274,"5732/8644/1236/6363/1646",5,"GO_BP",NA,"turquoise_hpv_neg"
"GO:0002281","macrophage activation involved in immune response","4/580","19/18842",0.210526315789474,6.83920145190563,4.53813739542042,0.00238268005356534,0.016713208761274,0.016713208761274,"1524/7305/3458/84868",4,"GO_BP",NA,"turquoise_hpv_neg"
"GO:0150079","negative regulation of neuroinflammatory response","4/580","19/18842",0.210526315789474,6.83920145190563,4.53813739542042,0.00238268005356534,0.016713208761274,0.016713208761274,"7133/5788/8530/131450",4,"GO_BP",NA,"turquoise_hpv_neg"
"GO:0045824","negative regulation of innate immune response","9/580","94/18842",0.0957446808510638,3.11038151137197,3.65543638353594,0.00243133745732418,0.0169472181856197,0.0169472181856196,"3635/201633/3805/3824/10859/1378/11326/56833/84868",9,"GO_BP",NA,"turquoise_hpv_neg"
"GO:0033628","regulation of cell adhesion mediated by integrin","6/580","45/18842",0.133333333333333,4.33149425287356,3.987428025155,0.00243350642445517,0.0169472181856197,0.0169472181856196,"3071/83706/5294/8631/916/10563",6,"GO_BP",NA,"turquoise_hpv_neg"
"GO:0150077","regulation of neuroinflammatory response","6/580","45/18842",0.133333333333333,4.33149425287356,3.987428025155,0.00243350642445517,0.0169472181856197,0.0169472181856196,"7133/1230/5788/8530/26228/131450",6,"GO_BP",NA,"turquoise_hpv_neg"
"GO:0010324","membrane invagination","7/580","61/18842",0.114754098360656,3.72792538157151,3.8030308653946,0.00261263083280921,0.0181512371224525,0.0181512371224525,"3689/3071/2209/51411/26228/91937/4481",7,"GO_BP",NA,"turquoise_hpv_neg"
"GO:0010759","positive regulation of macrophage chemotaxis","4/580","20/18842",0.2,6.49724137931034,4.38347690276602,0.00290663472874591,0.0198216165597574,0.0198216165597574,"6347/719/1240/1436",4,"GO_BP",NA,"turquoise_hpv_neg"
"GO:1903306","negative regulation of regulated secretory pathway","4/580","20/18842",0.2,6.49724137931034,4.38347690276602,0.00290663472874591,0.0198216165597574,0.0198216165597574,"3071/8832/2213/729230",4,"GO_BP",NA,"turquoise_hpv_neg"
"GO:0045055","regulated exocytosis","15/580","216/18842",0.0694444444444444,2.25598659003831,3.30859707255041,0.00291446719784757,0.0198216165597574,0.0198216165597574,"3689/3071/5341/284021/5294/55503/8832/4818/2213/2207/5023/5579/2214/729230/116449",15,"GO_BP",NA,"turquoise_hpv_neg"
"GO:0002713","negative regulation of B cell mediated immunity","3/580","10/18842",0.3,9.74586206896552,4.92999187351089,0.00296200728392116,0.0198216165597574,0.0198216165597574,"1378/1380/2213",3,"GO_BP",NA,"turquoise_hpv_neg"
"GO:0002855","regulation of natural killer cell mediated immune response to tumor cell","3/580","10/18842",0.3,9.74586206896552,4.92999187351089,0.00296200728392116,0.0198216165597574,0.0198216165597574,"10666/56253/84868",3,"GO_BP",NA,"turquoise_hpv_neg"
"GO:0002890","negative regulation of immunoglobulin mediated immune response","3/580","10/18842",0.3,9.74586206896552,4.92999187351089,0.00296200728392116,0.0198216165597574,0.0198216165597574,"1378/1380/2213",3,"GO_BP",NA,"turquoise_hpv_neg"
"GO:0002923","regulation of humoral immune response mediated by circulating immunoglobulin","3/580","10/18842",0.3,9.74586206896552,4.92999187351089,0.00296200728392116,0.0198216165597574,0.0198216165597574,"1378/1380/2213",3,"GO_BP",NA,"turquoise_hpv_neg"
"GO:0035723","interleukin-15-mediated signaling pathway","3/580","10/18842",0.3,9.74586206896552,4.92999187351089,0.00296200728392116,0.0198216165597574,0.0198216165597574,"3561/3560/920",3,"GO_BP",NA,"turquoise_hpv_neg"
"GO:0043379","memory T cell differentiation","3/580","10/18842",0.3,9.74586206896552,4.92999187351089,0.00296200728392116,0.0198216165597574,0.0198216165597574,"3594/3123/3122",3,"GO_BP",NA,"turquoise_hpv_neg"
"GO:0043380","regulation of memory T cell differentiation","3/580","10/18842",0.3,9.74586206896552,4.92999187351089,0.00296200728392116,0.0198216165597574,0.0198216165597574,"3594/3123/3122",3,"GO_BP",NA,"turquoise_hpv_neg"
"GO:0045657","positive regulation of monocyte differentiation","3/580","10/18842",0.3,9.74586206896552,4.92999187351089,0.00296200728392116,0.0198216165597574,0.0198216165597574,"972/920/3123",3,"GO_BP",NA,"turquoise_hpv_neg"
"GO:0070672","response to interleukin-15","3/580","10/18842",0.3,9.74586206896552,4.92999187351089,0.00296200728392116,0.0198216165597574,0.0198216165597574,"3561/3560/920",3,"GO_BP",NA,"turquoise_hpv_neg"
"GO:0071350","cellular response to interleukin-15","3/580","10/18842",0.3,9.74586206896552,4.92999187351089,0.00296200728392116,0.0198216165597574,0.0198216165597574,"3561/3560/920",3,"GO_BP",NA,"turquoise_hpv_neg"
"GO:0097048","dendritic cell apoptotic process","3/580","10/18842",0.3,9.74586206896552,4.92999187351089,0.00296200728392116,0.0198216165597574,0.0198216165597574,"10859/1236/6363",3,"GO_BP",NA,"turquoise_hpv_neg"
"GO:1905522","negative regulation of macrophage migration","3/580","10/18842",0.3,9.74586206896552,4.92999187351089,0.00296200728392116,0.0198216165597574,0.0198216165597574,"26228/131450/56833",3,"GO_BP",NA,"turquoise_hpv_neg"
"GO:2000668","regulation of dendritic cell apoptotic process","3/580","10/18842",0.3,9.74586206896552,4.92999187351089,0.00296200728392116,0.0198216165597574,0.0198216165597574,"10859/1236/6363",3,"GO_BP",NA,"turquoise_hpv_neg"
"GO:0048247","lymphocyte chemotaxis","6/580","47/18842",0.127659574468085,4.14717534849596,3.84982073339913,0.00304635866421843,0.0203393350264675,0.0203393350264675,"6347/5294/2848/2833/729230/10563",6,"GO_BP",NA,"turquoise_hpv_neg"
"GO:0032731","positive regulation of interleukin-1 beta production","7/580","63/18842",0.111111111111111,3.6095785440613,3.69739814538878,0.00314345056211986,0.0209395528291325,0.0209395528291325,"51311/7099/4671/7305/6363/3458/115362",7,"GO_BP",NA,"turquoise_hpv_neg"
"GO:0002431","Fc receptor mediated stimulatory signaling pathway","5/580","33/18842",0.151515151515152,4.9221525600836,4.01874455168481,0.00315804436385008,0.020988737769789,0.020988737769789,"2208/5788/7409/10666/3458",5,"GO_BP",NA,"turquoise_hpv_neg"
"GO:0050730","regulation of peptidyl-tyrosine phosphorylation","8/580","80/18842",0.1,3.24862068965517,3.59181063760277,0.00318372588895096,0.021111221099627,0.021111221099627,"3689/2322/59067/3561/57091/1436/3458/3587",8,"GO_BP",NA,"turquoise_hpv_neg"
"GO:0097553","calcium ion transmembrane import into cytosol","13/580","176/18842",0.0738636363636364,2.39954937304075,3.3243805256853,0.00320041153308691,0.0211736317564,0.0211736317564,"1234/55503/920/5788/356/931/4283/1236/6546/6363/2833/5023/930",13,"GO_BP",NA,"turquoise_hpv_neg"
"GO:1901654","response to ketone","14/580","197/18842",0.0710659898477157,2.30866444950114,3.29057676147252,0.00322046313966832,0.0212579777768129,0.0212579777768129,"5732/50943/6869/30009/653361/5788/8644/1236/367/6363/2153/1646/1536/11184",14,"GO_BP",NA,"turquoise_hpv_neg"
"GO:0032479","regulation of type I interferon production","11/580","137/18842",0.0802919708029197,2.60838157563554,3.36714887873811,0.00343710704612045,0.0225855950592701,0.0225855950592701,"3659/51284/51311/10859/7099/26191/7305/4049/23547/84868/3394",11,"GO_BP",NA,"turquoise_hpv_neg"
"GO:0032606","type I interferon production","11/580","137/18842",0.0802919708029197,2.60838157563554,3.36714887873811,0.00343710704612045,0.0225855950592701,0.0225855950592701,"3659/51284/51311/10859/7099/26191/7305/4049/23547/84868/3394",11,"GO_BP",NA,"turquoise_hpv_neg"
"GO:0033630","positive regulation of cell adhesion mediated by integrin","4/580","21/18842",0.19047619047619,6.18784893267652,4.23903911085662,0.00350418809266576,0.022974530490428,0.022974530490428,"3071/8631/916/10563",4,"GO_BP",NA,"turquoise_hpv_neg"
"GO:0002526","acute inflammatory response","9/580","100/18842",0.09,2.92375862068966,3.43743436614174,0.0036992096551001,0.0241986501258346,0.0241986501258346,"923/2209/1236/9332/2529/3500/2213/26279/2214",9,"GO_BP",NA,"turquoise_hpv_neg"
"GO:0045860","positive regulation of protein kinase activity","10/580","119/18842",0.0840336134453782,2.72993335265141,3.37370369058686,0.00373859116004459,0.0244014324369726,0.0244014324369726,"2322/7133/5294/5788/57091/5577/4049/1436/8091/3937",10,"GO_BP",NA,"turquoise_hpv_neg"
"GO:0002244","hematopoietic progenitor cell differentiation","7/580","65/18842",0.107692307692308,3.49851458885942,3.5959799962103,0.00375291675859269,0.0244401357589784,0.0244401357589784,"2322/5341/10272/23495/5788/10538/10468",7,"GO_BP",NA,"turquoise_hpv_neg"
"GO:0002686","negative regulation of leukocyte migration","6/580","49/18842",0.122448979591837,3.97790288529205,3.71965204776623,0.00376761993893166,0.0244811197371207,0.0244811197371207,"9750/6347/26228/969/131450/56833",6,"GO_BP",NA,"turquoise_hpv_neg"
"GO:0031666","positive regulation of lipopolysaccharide-mediated signaling pathway","3/580","11/18842",0.272727272727273,8.85987460815047,4.64694006234407,0.00398022019732924,0.0255770882879149,0.0255770882879149,"4064/388325/9450",3,"GO_BP",NA,"turquoise_hpv_neg"
"GO:0033625","positive regulation of integrin activation","3/580","11/18842",0.272727272727273,8.85987460815047,4.64694006234407,0.00398022019732924,0.0255770882879149,0.0255770882879149,"5341/8631/10563",3,"GO_BP",NA,"turquoise_hpv_neg"
"GO:0042436","indole-containing compound catabolic process","3/580","11/18842",0.272727272727273,8.85987460815047,4.64694006234407,0.00398022019732924,0.0255770882879149,0.0255770882879149,"169355/3620/259307",3,"GO_BP",NA,"turquoise_hpv_neg"
"GO:0090715","immunological memory formation process","3/580","11/18842",0.272727272727273,8.85987460815047,4.64694006234407,0.00398022019732924,0.0255770882879149,0.0255770882879149,"3594/3123/3122",3,"GO_BP",NA,"turquoise_hpv_neg"
"GO:1900451","positive regulation of glutamate receptor signaling pathway","3/580","11/18842",0.272727272727273,8.85987460815047,4.64694006234407,0.00398022019732924,0.0255770882879149,0.0255770882879149,"6347/3458/729230",3,"GO_BP",NA,"turquoise_hpv_neg"
"GO:0036230","granulocyte activation","6/580","50/18842",0.12,3.89834482758621,3.65712964712982,0.00417233264537421,0.0267428014267114,0.0267428014267114,"3689/3603/7305/2213/2207/729230",6,"GO_BP",NA,"turquoise_hpv_neg"
"GO:0032700","negative regulation of interleukin-17 production","4/580","22/18842",0.181818181818182,5.90658307210031,4.10367056714052,0.00417999816185287,0.0267428014267114,0.0267428014267114,"3071/50943/7099/3458",4,"GO_BP",NA,"turquoise_hpv_neg"
"GO:0018108","peptidyl-tyrosine phosphorylation","10/580","122/18842",0.0819672131147541,2.66280384397965,3.28367234449645,0.00446443754309023,0.0284999510700343,0.0284999510700343,"3689/2322/59067/3561/57091/640/1436/7535/3458/3587",10,"GO_BP",NA,"turquoise_hpv_neg"
"GO:0002824","positive regulation of adaptive immune response based on somatic recombination of immune receptors built from immunoglobulin superfamily domains","9/580","103/18842",0.087378640776699,2.83860060261132,3.33445305310752,0.00450231174515549,0.0286788391469314,0.0286788391469314,"6504/30009/920/3594/924/10666/3123/3122/729230",9,"GO_BP",NA,"turquoise_hpv_neg"
"GO:2000316","regulation of T-helper 17 type immune response","5/580","36/18842",0.138888888888889,4.51197318007663,3.7587723849313,0.00465119437706882,0.02956250399923,0.02956250399923,"50943/30009/3594/969/10538",5,"GO_BP",NA,"turquoise_hpv_neg"
"GO:0034138","toll-like receptor 3 signaling pathway","4/580","23/18842",0.173913043478261,5.64977511244378,3.97639389051188,0.00493856557571689,0.0313206195880433,0.0313206195880433,"3659/26191/388325/84868",4,"GO_BP",NA,"turquoise_hpv_neg"
"GO:0018212","peptidyl-tyrosine modification","10/580","124/18842",0.0806451612903226,2.6198553948832,3.22514444408206,0.00500696455389452,0.0316853778617108,0.0316853778617108,"3689/2322/59067/3561/57091/640/1436/7535/3458/3587",10,"GO_BP",NA,"turquoise_hpv_neg"
"GO:0002664","regulation of T cell tolerance induction","3/580","12/18842",0.25,8.12155172413793,4.39776378193114,0.00518657050465265,0.0326093018121898,0.0326093018121898,"50943/151888/11006",3,"GO_BP",NA,"turquoise_hpv_neg"
"GO:0002679","respiratory burst involved in defense response","3/580","12/18842",0.25,8.12155172413793,4.39776378193114,0.00518657050465265,0.0326093018121898,0.0326093018121898,"5294/653361/56833",3,"GO_BP",NA,"turquoise_hpv_neg"
"GO:0032817","regulation of natural killer cell proliferation","3/580","12/18842",0.25,8.12155172413793,4.39776378193114,0.00518657050465265,0.0326093018121898,0.0326093018121898,"3594/26191/2214",3,"GO_BP",NA,"turquoise_hpv_neg"
"GO:0032637","interleukin-8 production","9/580","106/18842",0.0849056603773585,2.75826284970722,3.23511777691753,0.00543507751628163,0.0340247540857975,0.0340247540857975,"972/914/51284/945/51311/7099/5788/26191/51744",9,"GO_BP",NA,"turquoise_hpv_neg"
"GO:0032677","regulation of interleukin-8 production","9/580","106/18842",0.0849056603773585,2.75826284970722,3.23511777691753,0.00543507751628163,0.0340247540857975,0.0340247540857975,"972/914/51284/945/51311/7099/5788/26191/51744",9,"GO_BP",NA,"turquoise_hpv_neg"
"GO:0043113","receptor clustering","6/580","53/18842",0.113207547169811,3.67768379960963,3.4788619483432,0.00557942209526336,0.0348534285822138,0.0348534285822138,"3689/91851/3683/963/3695/3676",6,"GO_BP",NA,"turquoise_hpv_neg"
"GO:0033674","positive regulation of kinase activity","10/580","126/18842",0.0793650793650794,2.57827038861522,3.16775777140105,0.00559989520664952,0.0349064131617917,0.0349064131617917,"2322/7133/5294/5788/57091/5577/4049/1436/8091/3937",10,"GO_BP",NA,"turquoise_hpv_neg"
"GO:0006801","superoxide metabolic process","7/580","70/18842",0.1,3.24862068965517,3.35893617684222,0.0056678446353405,0.0352544780629833,0.0352544780629833,"3689/653361/7305/654817/654816/1536/1728",7,"GO_BP",NA,"turquoise_hpv_neg"
"GO:0003094","glomerular filtration","4/580","24/18842",0.166666666666667,5.41436781609195,3.85637454859107,0.00578421768957997,0.035901615553022,0.035901615553022,"3512/3494/3493/28912",4,"GO_BP",NA,"turquoise_hpv_neg"
"GO:0008037","cell recognition","10/580","128/18842",0.078125,2.5379849137931,3.11146951334254,0.00624630131929058,0.0386871981711806,0.0386871981711806,"923/921/1236/10666/3003/259197/56253/6363/5551/84868",10,"GO_BP",NA,"turquoise_hpv_neg"
"GO:0032733","positive regulation of interleukin-10 production","5/580","39/18842",0.128205128205128,4.16489832007073,3.5259024663803,0.00658770133687276,0.0401318013598904,0.0401318013598904,"201633/7099/3662/940/959",5,"GO_BP",NA,"turquoise_hpv_neg"
"GO:0043300","regulation of leukocyte degranulation","5/580","39/18842",0.128205128205128,4.16489832007073,3.5259024663803,0.00658770133687276,0.0401318013598904,0.0401318013598904,"3689/3071/8832/2213/729230",5,"GO_BP",NA,"turquoise_hpv_neg"
"GO:0010572","positive regulation of platelet activation","3/580","13/18842",0.230769230769231,7.49681697612732,4.17590377856952,0.00658983203367489,0.0401318013598904,0.0401318013598904,"6403/5341/7099",3,"GO_BP",NA,"turquoise_hpv_neg"
"GO:0035771","interleukin-4-mediated signaling pathway","3/580","13/18842",0.230769230769231,7.49681697612732,4.17590377856952,0.00658983203367489,0.0401318013598904,0.0401318013598904,"146722/3561/5788",3,"GO_BP",NA,"turquoise_hpv_neg"
"GO:0036006","cellular response to macrophage colony-stimulating factor stimulus","3/580","13/18842",0.230769230769231,7.49681697612732,4.17590377856952,0.00658983203367489,0.0401318013598904,0.0401318013598904,"7099/26228/1436",3,"GO_BP",NA,"turquoise_hpv_neg"
"GO:0045579","positive regulation of B cell differentiation","3/580","13/18842",0.230769230769231,7.49681697612732,4.17590377856952,0.00658983203367489,0.0401318013598904,0.0401318013598904,"3071/3635/939",3,"GO_BP",NA,"turquoise_hpv_neg"
"GO:0071380","cellular response to prostaglandin E stimulus","3/580","13/18842",0.230769230769231,7.49681697612732,4.17590377856952,0.00658983203367489,0.0401318013598904,0.0401318013598904,"5732/1236/6363",3,"GO_BP",NA,"turquoise_hpv_neg"
"GO:2001198","regulation of dendritic cell differentiation","3/580","13/18842",0.230769230769231,7.49681697612732,4.17590377856952,0.00658983203367489,0.0401318013598904,0.0401318013598904,"10859/55365/2213",3,"GO_BP",NA,"turquoise_hpv_neg"
"GO:1904427","positive regulation of calcium ion transmembrane transport","6/580","55/18842",0.109090909090909,3.54394984326019,3.36707642405233,0.00669215730397812,0.0406698745550737,0.0406698745550737,"920/931/4283/2833/5023/930",6,"GO_BP",NA,"turquoise_hpv_neg"
"GO:0038095","Fc-epsilon receptor signaling pathway","4/580","25/18842",0.16,5.19779310344828,3.74289499981212,0.0067210948959684,0.0406758986323576,0.0406758986323576,"2208/7409/23547/2207",4,"GO_BP",NA,"turquoise_hpv_neg"
"GO:0043374","CD8-positive, alpha-beta T cell differentiation","4/580","25/18842",0.16,5.19779310344828,3.74289499981212,0.0067210948959684,0.0406758986323576,0.0406758986323576,"3071/8320/11006/944",4,"GO_BP",NA,"turquoise_hpv_neg"
"GO:0007187","G protein-coupled receptor signaling pathway, coupled to cyclic nucleotide second messenger","6/580","56/18842",0.107142857142857,3.48066502463054,3.31311705670686,0.00730507533395833,0.0441184114048811,0.0441184114048811,"1269/6347/6753/1230/1268/7253",6,"GO_BP",NA,"turquoise_hpv_neg"
"GO:0032743","positive regulation of interleukin-2 production","5/580","40/18842",0.125,4.06077586206897,3.45343512241127,0.00734230334064007,0.0441600103814117,0.0441600103814117,"920/3662/5788/940/729230",5,"GO_BP",NA,"turquoise_hpv_neg"
"GO:1904994","regulation of leukocyte adhesion to vascular endothelial cell","5/580","40/18842",0.125,4.06077586206897,3.45343512241127,0.00734230334064007,0.0441600103814117,0.0441600103814117,"3689/6403/2529/3676/6401",5,"GO_BP",NA,"turquoise_hpv_neg"
"GO:0060333","type II interferon-mediated signaling pathway","4/580","26/18842",0.153846153846154,4.99787798408488,3.63533434403242,0.00775313900512329,0.0464390692261603,0.0464390692261603,"3659/7294/4261/3458",4,"GO_BP",NA,"turquoise_hpv_neg"
"GO:0097205","renal filtration","4/580","26/18842",0.153846153846154,4.99787798408488,3.63533434403242,0.00775313900512329,0.0464390692261603,0.0464390692261603,"3512/3494/3493/28912",4,"GO_BP",NA,"turquoise_hpv_neg"
"GO:0051928","positive regulation of calcium ion transport","8/580","93/18842",0.0860215053763441,2.79451242120875,3.09165262327872,0.00791877390101599,0.0473337799298923,0.0473337799298923,"6347/1230/920/931/4283/2833/5023/930",8,"GO_BP",NA,"turquoise_hpv_neg"
"GO:0001934","positive regulation of protein phosphorylation","14/580","219/18842",0.0639269406392694,2.07674381987089,2.85628425499762,0.00809135928388722,0.0481102123250874,0.0481102123250874,"2322/59067/3561/7133/5294/5788/57091/5577/4049/1436/3458/3587/8091/3937",14,"GO_BP",NA,"turquoise_hpv_neg"
"GO:0001779","natural killer cell differentiation","3/580","14/18842",0.214285714285714,6.96133004926108,3.97646251276094,0.00819741165003206,0.0481102123250874,0.0481102123250874,"6504/257101/5788",3,"GO_BP",NA,"turquoise_hpv_neg"
"GO:0002283","neutrophil activation involved in immune response","3/580","14/18842",0.214285714285714,6.96133004926108,3.97646251276094,0.00819741165003206,0.0481102123250874,0.0481102123250874,"3689/7305/2207",3,"GO_BP",NA,"turquoise_hpv_neg"
"GO:0002327","immature B cell differentiation","3/580","14/18842",0.214285714285714,6.96133004926108,3.97646251276094,0.00819741165003206,0.0481102123250874,0.0481102123250874,"6689/7805/3507",3,"GO_BP",NA,"turquoise_hpv_neg"
"GO:0010934","macrophage cytokine production","3/580","14/18842",0.214285714285714,6.96133004926108,3.97646251276094,0.00819741165003206,0.0481102123250874,0.0481102123250874,"972/10859/7805",3,"GO_BP",NA,"turquoise_hpv_neg"
"GO:0010935","regulation of macrophage cytokine production","3/580","14/18842",0.214285714285714,6.96133004926108,3.97646251276094,0.00819741165003206,0.0481102123250874,0.0481102123250874,"972/10859/7805",3,"GO_BP",NA,"turquoise_hpv_neg"
"GO:0045916","negative regulation of complement activation","3/580","14/18842",0.214285714285714,6.96133004926108,3.97646251276094,0.00819741165003206,0.0481102123250874,0.0481102123250874,"1378/11326/1380",3,"GO_BP",NA,"turquoise_hpv_neg"
"GO:1900449","regulation of glutamate receptor signaling pathway","3/580","14/18842",0.214285714285714,6.96133004926108,3.97646251276094,0.00819741165003206,0.0481102123250874,0.0481102123250874,"6347/3458/729230",3,"GO_BP",NA,"turquoise_hpv_neg"
"GO:2000320","negative regulation of T-helper 17 cell differentiation","3/580","14/18842",0.214285714285714,6.96133004926108,3.97646251276094,0.00819741165003206,0.0481102123250874,0.0481102123250874,"50943/30009/969",3,"GO_BP",NA,"turquoise_hpv_neg"
"hsa04640","Hematopoietic cell lineage","32/248","100/9424",0.32,12.16,18.4440714393978,1.12042013465541e-26,2.70021252451954e-24,2.70021252451954e-24,"3127/2322/2208/3581/914/933/925/945/926/921/920/2209/1378/931/3111/3113/3108/3568/1380/924/3117/915/3123/951/3109/917/1436/916/3122/3115/3676/930",32,"KEGG","Immune system","turquoise_hpv_neg"
"hsa04514","Cell adhesion molecule (CAM) interaction","35/248","160/9424",0.21875,8.3125,15.3362906553256,6.43099177650519e-23,7.74934509068875e-21,7.74934509068875e-21,"3689/923/3127/201633/6403/914/933/3385/5133/925/926/920/5788/94030/940/6693/3683/3111/3113/3108/1493/3117/10666/3123/3695/120425/3109/959/3122/3115/7412/3676/6401/29851/6402",35,"KEGG","Signaling molecules and interaction","turquoise_hpv_neg"
"hsa04060","Cytokine-cytokine receptor interaction","38/248","298/9424",0.12751677852349,4.84563758389262,11.0899601836145,2.60569523622541e-16,2.09324183976775e-14,2.09324183976775e-14,"59067/3581/608/643/1439/1234/3604/23495/1524/3561/939/6347/3560/7133/1230/3603/920/3594/356/4283/1236/10663/3568/8807/4049/1436/959/1237/6363/2833/3458/3587/10673/50615/1233/944/729230/10563",38,"KEGG","Signaling molecules and interaction","turquoise_hpv_neg"
"hsa04659","Th17 cell differentiation","24/248","109/9424",0.220183486238532,8.36697247706422,12.7175835718103,4.56037074171477e-16,2.74762337188315e-14,2.74762337188315e-14,"50943/3127/59067/3561/30009/3560/919/920/3594/3662/3111/3113/3108/3117/915/3123/3109/917/916/7535/3122/3115/3458/50615",24,"KEGG","Immune system","turquoise_hpv_neg"
"hsa04672","Intestinal immune network for IgA production","17/248","50/9424",0.34,12.92,13.8928874216495,3.65773663904575e-15,1.76302906002005e-13,1.76302906002005e-13,"3127/608/23495/940/3111/3113/3108/3117/3123/3695/3109/959/3122/3115/10673/3676/29851",17,"KEGG","Immune system","turquoise_hpv_neg"
"hsa05332","Graft-versus-host disease","16/248","45/9424",0.355555555555556,13.5111111111111,13.8298542616753,1.06946084635705e-14,4.0956410861685e-13,4.0956410861685e-13,"3127/3812/3002/3824/356/940/3111/3113/3108/3117/3123/3109/3122/5551/3115/3458",16,"KEGG","Immune disease","turquoise_hpv_neg"
"hsa05340","Primary immunodeficiency","15/248","38/9424",0.394736842105263,15,14.2158650656407,1.18960529473774e-14,4.0956410861685e-13,4.0956410861685e-13,"23495/925/3561/926/920/5788/3543/4261/915/916/959/7535/973/930/29851",15,"KEGG","Immune disease","turquoise_hpv_neg"
"hsa05330","Allograft rejection","15/248","39/9424",0.384615384615385,14.6153846153846,14.0067962947551,1.88822611087942e-14,5.68828115902424e-13,5.68828115902424e-13,"3127/3002/356/940/3111/3113/3108/3117/3123/3109/959/3122/5551/3115/3458",15,"KEGG","Immune disease","turquoise_hpv_neg"
"hsa05321","Inflammatory bowel disease","18/248","66/9424",0.272727272727273,10.3636363636364,12.5492774286346,4.3968248406777e-14,1.17737198511481e-12,1.17737198511481e-12,"50943/3127/59067/3561/30009/7099/3594/3111/3113/3108/3117/8807/3123/3109/3122/3115/3458/50615",18,"KEGG","Immune disease","turquoise_hpv_neg"
"hsa05140","Leishmaniasis","19/248","78/9424",0.243589743589744,9.25641025641026,12.0370318922307,8.15355625583408e-14,1.96500705765601e-12,1.96500705765601e-12,"3689/3127/653361/7099/2209/1378/3111/3113/3108/3117/3123/3109/3122/1536/3115/3458/3676/5579/2214",19,"KEGG","Infectious disease: parasitic","turquoise_hpv_neg"
"hsa04940","Type I diabetes mellitus","15/248","44/9424",0.340909090909091,12.9545454545455,13.0662727705075,1.53540817205282e-13,3.36393972240663e-12,3.36393972240663e-12,"3127/3002/356/940/3111/3113/3108/3117/3123/4049/3109/3122/5551/3115/3458",15,"KEGG","Endocrine and metabolic disease","turquoise_hpv_neg"
"hsa04612","Antigen processing and presentation","19/248","82/9424",0.231707317073171,8.80487804878049,11.6693549430965,2.17972234485444e-13,4.21038763388878e-12,4.21038763388878e-12,"972/3127/3812/3805/925/3824/926/920/3111/3113/3108/1520/4261/3117/3123/3109/3122/3115/3458",19,"KEGG","Immune system","turquoise_hpv_neg"
"hsa04658","Th1 and Th2 cell differentiation","20/248","93/9424",0.21505376344086,8.17204301075269,11.4265203770379,2.2711634539649e-13,4.21038763388878e-12,4.21038763388878e-12,"3127/3561/30009/3560/919/920/3594/3111/3113/3108/3117/915/3123/3109/917/916/7535/3122/3115/3458",20,"KEGG","Immune system","turquoise_hpv_neg"
"hsa05320","Autoimmune thyroid disease","16/248","54/9424",0.296296296296296,11.2592592592593,12.4290181695558,2.82396986274111e-13,4.86126240657577e-12,4.86126240657577e-12,"3127/3002/356/940/3111/3113/3108/1493/3117/3123/7253/3109/959/3122/5551/3115",16,"KEGG","Immune disease","turquoise_hpv_neg"
"hsa04061","Viral protein interaction with cytokine and cytokine receptor","20/248","100/9424",0.2,7.6,10.9077841845901,9.71272521984205e-13,1.56051118532129e-11,1.56051118532129e-11,"643/1234/1524/3561/6347/3560/7133/1230/4283/1236/8807/4049/1436/1237/6363/2833/3587/1233/729230/10563",20,"KEGG","Signaling molecules and interaction","turquoise_hpv_neg"
"hsa04650","Natural killer cell mediated cytotoxicity","22/248","133/9424",0.165413533834586,6.28571428571429,10.0923431376843,3.88476514803286e-12,5.85142750422449e-11,5.85142750422449e-11,"3689/3812/962/3805/3002/3824/919/9437/4068/356/3683/7409/51744/7305/259197/7535/2207/5551/3458/5579/2214/3937",22,"KEGG","Immune system","turquoise_hpv_neg"
"hsa04660","T cell receptor signaling pathway","20/248","122/9424",0.163934426229508,6.22950819672131,9.55754451204746,4.56687171270367e-11,6.47421225153873e-10,6.47421225153873e-10,"5133/925/926/919/920/5788/940/9402/7409/1493/915/917/916/959/7535/3702/5063/3458/29851/3937",20,"KEGG","Immune system","turquoise_hpv_neg"
"hsa05150","Staphylococcus aureus infection","18/248","99/9424",0.181818181818182,6.90909090909091,9.71644914753995,7.43731504178289e-11,9.95773847260932e-10,9.95773847260932e-10,"3689/3127/6403/2359/2209/3683/719/3111/3113/3108/714/3117/3123/3109/3122/2213/3115/2214",18,"KEGG","Infectious disease: bacterial","turquoise_hpv_neg"
"hsa05310","Asthma","11/248","32/9424",0.34375,13.0625,11.2363952396592,2.6612044502403e-10,3.37552775004164e-09,3.37552775004164e-09,"3127/3111/3113/3108/3117/3123/3109/959/3122/2207/3115",11,"KEGG","Immune disease","turquoise_hpv_neg"
"hsa05323","Rheumatoid arthritis","17/248","95/9424",0.178947368421053,6.8,9.34041092619378,3.30965516833288e-10,3.98813447784112e-09,3.98813447784112e-09,"3689/3127/6347/7099/940/3683/3111/3113/3108/1493/3117/3123/3109/3122/3115/3458/10673",17,"KEGG","Immune disease","turquoise_hpv_neg"
"hsa05145","Toxoplasmosis","18/248","112/9424",0.160714285714286,6.10714285714286,8.93838933003195,6.18104116031606e-10,7.09348056969605e-09,7.09348056969606e-09,"3127/1234/5294/7099/3111/3113/3108/3918/4261/3117/596/3123/3109/959/3122/3115/3458/3587",18,"KEGG","Infectious disease: parasitic","turquoise_hpv_neg"
"hsa05152","Tuberculosis","22/248","181/9424",0.121546961325967,4.61878453038674,8.08144961429559,1.84630248294584e-09,2.02254044722704e-08,2.02254044722704e-08,"3689/972/3127/7099/2209/1378/3111/3113/3108/1520/4261/3117/596/3123/3109/3122/2213/2207/3115/3458/3587/2214",22,"KEGG","Infectious disease: bacterial","turquoise_hpv_neg"
"hsa05416","Viral myocarditis","14/248","70/9424",0.2,7.6,9.11146069992047,2.754901693074e-09,2.88665786100363e-08,2.88665786100363e-08,"3689/3127/940/3683/3111/3113/3108/3117/3123/3109/959/3122/5551/3115",14,"KEGG","Cardiovascular disease","turquoise_hpv_neg"
"hsa05144","Malaria","12/248","50/9424",0.24,9.12,9.46394680065385,4.22993643173703e-09,4.24756116686927e-08,4.24756116686927e-08,"3689/6403/6347/7099/2532/1378/3683/959/3458/7412/3820/6401",12,"KEGG","Infectious disease: parasitic","turquoise_hpv_neg"
"hsa04062","Chemokine signaling pathway","22/248","193/9424",0.113989637305699,4.33160621761658,7.68779291807815,6.23426882238579e-09,6.0098351447799e-08,6.0098351447799e-08,"643/1234/1524/6347/5294/1230/653361/1794/4283/2788/1236/10663/7409/7454/1237/6363/2833/3702/1233/5579/729230/10563",22,"KEGG","Immune system","turquoise_hpv_neg"
"hsa04517","IgSF CAM signaling","26/248","300/9424",0.0866666666666667,3.29333333333333,6.63634424715628,8.00481703119394e-08,7.41984963276054e-07,7.41984963276054e-07,"3689/6504/3635/201633/962/914/3385/114836/4063/4068/94030/940/8832/3683/7409/51744/3737/57823/10666/120425/56253/10225/5063/3676/5579/3937",26,"KEGG","Signaling molecules and interaction","turquoise_hpv_neg"
"hsa04662","B cell receptor signaling pathway","14/248","91/9424",0.153846153846154,5.84615384615385,7.63661671836797,9.30503977389901e-08,8.30560957596171e-07,8.30560957596171e-07,"3635/933/10859/11024/974/7409/640/1380/23547/973/11006/2213/5579/930",14,"KEGG","Immune system","turquoise_hpv_neg"
"hsa04145","Phagocytosis","21/248","260/9424",0.0807692307692308,3.06923076923077,5.56220248738813,4.66916104383412e-06,4.01881361272865e-05,4.01881361272865e-05,"3689/3127/653361/7099/2209/1378/3111/3113/3108/91937/1520/3117/3123/3109/4069/4481/3122/2213/1536/3115/2214",21,"KEGG","Transport and catabolism","turquoise_hpv_neg"
"hsa05322","Systemic lupus erythematosus","15/248","143/9424",0.104895104895105,3.98601398601399,5.9150198102666,4.99491662996964e-06,4.15094795800926e-05,4.15094795800926e-05,"3127/2209/940/3111/3113/3108/714/3117/3123/3109/959/3122/3115/3458/2214",15,"KEGG","Immune disease","turquoise_hpv_neg"
"hsa05169","Epstein-Barr virus infection","18/248","205/9424",0.0878048780487805,3.33658536585366,5.56045600520289,7.24913421235539e-06,5.82347115059217e-05,5.82347115059217e-05,"3127/2208/919/3683/3111/3113/3108/1380/3117/915/596/3123/3109/917/916/3122/3115/930",18,"KEGG","Infectious disease: viral","turquoise_hpv_neg"
"hsa05164","Influenza A","16/248","173/9424",0.092485549132948,3.51445086705202,5.48738710591349,1.23043504140549e-05,9.56564016060394e-05,9.56564016060394e-05,"3127/51284/6347/7099/356/3111/3113/3108/4261/3117/3123/3109/3122/3115/3458/5579",16,"KEGG","Infectious disease: viral","turquoise_hpv_neg"
"hsa05168","Herpes simplex virus 1 infection","16/248","180/9424",0.0888888888888889,3.37777777777778,5.29506482796851,2.02668678848167e-05,0.000152634848757526,0.000152634848757526,"972/3127/6347/356/3111/3113/3108/3117/29992/596/3123/4049/3109/3122/3115/3458",16,"KEGG","Infectious disease: viral","turquoise_hpv_neg"
"hsa04380","Osteoclast differentiation","14/248","142/9424",0.0985915492957746,3.74647887323944,5.42117449355277,2.11520310036611e-05,0.000154473923390374,0.000154473923390374,"10859/489/11024/653361/2209/7305/23547/1436/11006/2213/55423/3458/2214/3937",14,"KEGG","Development and regeneration","turquoise_hpv_neg"
"hsa05235","PD-L1 expression and PD-1 checkpoint pathway in cancer","11/248","90/9424",0.122222222222222,4.64444444444444,5.71100347264697,2.22772336110938e-05,0.000157906273537459,0.000157906273537459,"5133/919/920/7099/940/10538/915/917/916/7535/3458",11,"KEGG","Cancer: overview","turquoise_hpv_neg"
"hsa05166","Human T-cell leukemia virus 1 infection","18/248","224/9424",0.0803571428571429,3.05357142857143,5.11368111598529,2.44505830020133e-05,0.000168359728671006,0.000168359728671006,"3689/3127/3561/3560/920/3683/3111/3113/3108/3117/915/3123/4049/3109/917/916/3122/3115",18,"KEGG","Infectious disease: viral","turquoise_hpv_neg"
"hsa05143","African trypanosomiasis","7/248","37/9424",0.189189189189189,7.18918918918919,6.20104588432761,4.20910654255859e-05,0.000281776299099061,0.000281776299099061,"169355/356/3620/3458/7412/5579/6401",7,"KEGG","Infectious disease: parasitic","turquoise_hpv_neg"
"hsa04670","Leukocyte transendothelial migration","11/248","116/9424",0.0948275862068965,3.60344827586207,4.63813616699325,0.00023061639856531,0.00150212302849297,0.00150212302849297,"3689/653361/7294/3683/7409/3702/1536/399/7412/3676/5579",11,"KEGG","Immune system","turquoise_hpv_neg"
"hsa05162","Measles","12/248","136/9424",0.0882352941176471,3.35294117647059,4.54373667192153,0.000238416388900245,0.00151206183486734,0.00151206183486734,"6504/51284/3561/3560/7099/356/940/915/596/917/916/2213",12,"KEGG","Infectious disease: viral","turquoise_hpv_neg"
"hsa04666","Fc gamma R-mediated phagosome formation","9/248","98/9424",0.0918367346938776,3.48979591836735,4.07307883933449,0.00107193148531797,0.00662398687081103,0.00662398687081103,"3635/653361/2209/5788/7409/7454/2213/5579/2214",9,"KEGG","Immune system","turquoise_hpv_neg"
"hsa05142","Chagas disease","9/248","103/9424",0.087378640776699,3.32038834951456,3.89261783492604,0.00152601355741959,0.00919423168345305,0.00919423168345305,"6347/919/7099/356/714/915/917/916/3458",9,"KEGG","Infectious disease: parasitic","turquoise_hpv_neg"
"hsa04064","NF-kappa B signaling pathway","9/248","105/9424",0.0857142857142857,3.25714285714286,3.82351478719562,0.00174612578575195,0.0102638125455176,0.0102638125455176,"7099/596/4049/959/7535/6363/7412/10673/5579",9,"KEGG","Signal transduction","turquoise_hpv_neg"
"hsa04613","Neutrophil extracellular trap formation","13/248","195/9424",0.0666666666666667,2.53333333333333,3.55688884296487,0.00190685792743326,0.0109417323931289,0.0109417323931289,"3689/6403/51284/2359/51311/653361/7099/2209/1378/3683/1536/5579/2214",13,"KEGG","Immune system","turquoise_hpv_neg"
"hsa05135","Yersinia infection","10/248","138/9424",0.072463768115942,2.7536231884058,3.41157730477016,0.00344378579015195,0.0193012180331772,0.0193012180331772,"925/6347/926/920/7099/7409/7454/7535/3676/3937",10,"KEGG","Infectious disease: bacterial","turquoise_hpv_neg"
"hsa05170","Human immunodeficiency virus 1 infection","13/248","214/9424",0.0607476635514019,2.30841121495327,3.18284187412695,0.00426953975000767,0.0233854336307238,0.0233854336307238,"1234/7133/919/920/7099/356/2788/915/596/917/916/5063/5579",13,"KEGG","Infectious disease: viral","turquoise_hpv_neg"
"hsa04630","JAK-STAT signaling pathway","11/248","168/9424",0.0654761904761905,2.48809523809524,3.19939180724218,0.00478645577145927,0.0256341297982596,0.0256341297982597,"59067/3581/1439/3561/3560/3594/3568/596/3458/3587/50615",11,"KEGG","Signal transduction","turquoise_hpv_neg"
"hsa04518","Integrin signaling","10/248","154/9424",0.0649350649350649,2.46753246753247,3.01857482142992,0.00742650721171407,0.0389084399570237,0.0389084399570237,"3689/83706/3385/256076/3683/3918/64098/3695/7412/3676",10,"KEGG","Signaling molecules and interaction","turquoise_hpv_neg"
"hsa04610","Complement and coagulation cascades","7/248","89/9424",0.0786516853932584,2.98876404494382,3.09895189985065,0.00886189227455231,0.0454407667695129,0.0454407667695129,"3689/1378/11326/719/1380/714/2153",7,"KEGG","Immune system","turquoise_hpv_neg"
"HALLMARK_ALLOGRAFT_REJECTION","HALLMARK_ALLOGRAFT_REJECTION","59/161","200/4384",0.295,8.0327950310559,19.8762867116246,1.63704695191636e-40,6.05707372209053e-39,6.05707372209053e-39,"ITGB2/CD3D/CCL19/CD247/IGSF6/PTPRC/NCR1/CD74/HLA-DOA/CXCL9/CXCR3/LY86/CTSS/GZMB/PRF1/CCR1/SIT1/IRF8/IRF4/IFNG/CD3E/TRAT1/PRKCB/CD28/CD40LG/CXCL13/IL16/IL18RAP/CD79A/KLRD1/HLA-DRA/CD96/HLA-DMA/CCL2/CD8B/GPR65/CCR2/HLA-DQA1/ZAP70/CD8A/CD3G/CD4/IL2RG/MAP4K1/ITK/WAS/CCR5/FCGR2B/IL2RB/HLA-DMB/IL12RB1/SRGN/FASLG/ITGAL/LCP2/CD2/GZMA/CRTAM/CD7",59,"MSigDB_H",NA,"turquoise_hpv_neg"
"HALLMARK_INTERFERON_GAMMA_RESPONSE","HALLMARK_INTERFERON_GAMMA_RESPONSE","28/161","200/4384",0.14,3.81217391304348,7.94784644394951,3.85167058665291e-10,7.12559058530788e-09,7.12559058530788e-09,"GPR18/CD74/CXCL9/IL10RA/IRF8/ITGB7/IRF4/VCAM1/FGL2/HLA-DMA/CCL2/SLAMF7/CSF2RB/CIITA/HLA-DQA1/ZBP1/FCGR1A/IRF1/IDO1/CMKLR1/CD69/IL2RB/P2RY14/GBP4/HLA-DRB1/LCP2/GZMA/SELP",28,"MSigDB_H",NA,"turquoise_hpv_neg"
"HALLMARK_IL2_STAT5_SIGNALING","HALLMARK_IL2_STAT5_SIGNALING","25/161","199/4384",0.125628140703518,3.42083086238647,6.82388009487211,3.64065762060157e-08,3.72989306405712e-07,3.72989306405712e-07,"IL10RA/ABCB1/IRF8/IRF4/EOMES/FGL2/CD79B/RHOH/CTLA4/TNFRSF9/SHE/CD48/SELL/GPR65/BCL2/TNFRSF1B/IL2RB/CCR4/CST7/GBP4/TLR7/BATF/PTGER2/SELP/ICOS",25,"MSigDB_H",NA,"turquoise_hpv_neg"
"HALLMARK_INFLAMMATORY_RESPONSE","HALLMARK_INFLAMMATORY_RESPONSE","25/161","200/4384",0.125,3.40372670807453,6.79348125675515,4.03231682600769e-08,3.72989306405712e-07,3.72989306405712e-07,"SLAMF1/C3AR1/CXCL9/IL10RA/LTA/CCR7/KCNA3/IL18RAP/TNFRSF9/CD48/SELL/CCL2/TNFRSF1B/IRF1/CMKLR1/CD69/IL2RB/CXCR6/SLC4A4/SELE/LCP2/PTGER2/TACR1/CYBB/MSR1",25,"MSigDB_H",NA,"turquoise_hpv_neg"
"HALLMARK_KRAS_SIGNALING_UP","HALLMARK_KRAS_SIGNALING_UP","20/161","200/4384",0.1,2.72298136645963,4.86953927809788,3.30155681847066e-05,0.000244315204566829,0.000244315204566829,"ITGB2/FCER1G/DOCK2/C3AR1/CTSS/IL10RA/ABCB1/IRF8/TMEM176A/TLR8/HSD11B1/ADAMDEC1/CD37/ST6GAL1/TNFRSF1B/LAPTM5/CMKLR1/IL2RG/MAP4K1/IKZF1",20,"MSigDB_H",NA,"turquoise_hpv_neg"
"HALLMARK_IL6_JAK_STAT3_SIGNALING","HALLMARK_IL6_JAK_STAT3_SIGNALING","10/161","87/4384",0.114942528735632,3.12986363960877,3.91757104895483,0.00117539331301459,0.00724825876358997,0.00724825876358997,"CXCL9/IL9R/CCR1/CXCL13/CSF2RB/TNFRSF1B/IRF1/IL2RG/ITGA4/IL12RB1",10,"MSigDB_H",NA,"turquoise_hpv_neg"
"HALLMARK_COMPLEMENT","HALLMARK_COMPLEMENT","16/161","200/4384",0.08,2.1783850931677,3.33038569517206,0.00246388178603189,0.01302337515474,0.01302337515474,"FCER1G/CTSS/GZMB/PLEK/F5/CR2/CD40LG/C1QC/GZMK/IRF1/CR1/WAS/PIK3CG/SPOCK2/LCP2/GZMA",16,"MSigDB_H",NA,"turquoise_hpv_neg"
"GO:0002449","lymphocyte mediated immunity","120/773","339/18842",0.353982300884956,8.62837582571066,29.3147043616987,2.90343050590233e-80,1.05975213465435e-76,1.05975213465435e-76,"3071/50943/6504/3503/51311/59067/3542/2208/28409/28424/28466/28445/914/28385/28400/102723169/939/911/925/930/729230/3820/3495/50615/7409/28395/5788/11006/84174/28461/5133/28423/28468/713/3493/28432/28391/30009/10859/3560/7133/28386/972/28434/100423062/28834/201633/28452/3902/1439/3539/28444/28378/730/3581/151888/3594/3501/3426/23529/28396/28464/28388/9437/102723168/28426/3502/116449/114836/117157/28448/5551/910/441168/28473/28401/28408/28429/28455/28450/714/2529/28467/3514/1378/3561/28442/1379/3824/3569/7454/28454/28439/1380/924/3494/57823/28414/712/28394/3538/3543/259197/4818/10538/10666/28410/102723170/28412/10870/912/259307/28392/3500/28420/56253/28449/28457/959/2213",120,"GO_BP",NA,"turquoise_hpv_pos"
"GO:0002443","leukocyte mediated immunity","128/773","429/18842",0.298368298368298,7.27277552115844,27.1832123883325,2.57134596963228e-75,4.69270639457892e-72,4.69270639457892e-72,"3071/50943/6504/3503/51311/3689/59067/3542/2208/28409/28424/28466/28445/914/28385/28400/102723169/939/911/925/930/5294/729230/3820/3495/50615/7409/28395/5788/11006/84174/28461/5133/388325/28423/28468/713/3493/28432/28391/30009/10859/3560/7133/28386/972/3684/28434/100423062/28834/201633/28452/3902/1439/3539/28444/28378/730/3581/151888/3594/3501/3426/8832/23529/28396/28464/28388/9437/102723168/28426/3502/116449/114836/117157/26228/28448/5730/5551/910/441168/28473/28401/28408/28429/11280/28455/28450/714/2529/28467/3514/1378/3561/28442/1379/3824/3569/7454/28454/28439/1380/924/3494/57823/28414/712/28394/3538/3543/259197/4818/10538/10666/28410/102723170/28412/10870/912/259307/28392/3500/28420/56253/28449/28457/959/2213",128,"GO_BP",NA,"turquoise_hpv_pos"
"GO:0002460","adaptive immune response based on somatic recombination of immune receptors built from immunoglobulin superfamily domains","119/773","377/18842",0.315649867374005,7.69401656023416,27.1554787835002,5.17350009065311e-73,6.29442511029462e-70,6.29442511029462e-70,"3071/50943/6504/3503/51311/59067/3542/2208/28409/28424/28466/28445/28385/28400/102723169/939/911/969/925/930/729230/6693/3495/50615/28395/5788/11006/84174/28461/5133/28423/28468/713/3493/28432/28391/30009/10859/3560/7133/28386/972/28434/100423062/28834/28452/3902/1439/920/3539/28444/4063/28378/730/3581/151888/3594/3662/3501/3426/246778/23529/28396/28464/28388/102723168/28426/3502/114836/93978/2048/28448/5551/910/28473/28401/28408/28429/28455/28450/714/2529/28467/3514/1378/3561/28442/1379/3824/3569/7454/28454/28439/1380/924/3494/28414/712/28394/3538/3543/10538/10666/8807/28410/10563/102723170/28412/912/259307/28392/3500/28420/6363/28449/10148/28457/959/2213",119,"GO_BP",NA,"turquoise_hpv_pos"
"GO:0019724","B cell mediated immunity","82/773","177/18842",0.463276836158192,11.2924477967563,28.4554836626825,5.39926652202627e-66,4.92683070134898e-63,4.92683070134898e-63,"3503/51311/59067/3542/2208/28409/28424/28466/28445/28385/28400/102723169/939/930/3495/50615/28395/84174/28461/28423/28468/713/3493/28432/28391/3560/28386/972/28434/100423062/28834/28452/1439/3539/28444/28378/730/3581/3501/3426/23529/28396/28464/28388/102723168/28426/3502/28448/28473/28401/28408/28429/28455/28450/714/28467/3514/1378/3561/28442/1379/28454/28439/1380/3494/28414/712/28394/3538/3543/10538/10666/28410/102723170/28412/28392/3500/28420/28449/28457/959/2213",82,"GO_BP",NA,"turquoise_hpv_pos"
"GO:0016064","immunoglobulin mediated immune response","80/773","172/18842",0.465116279069767,11.337284515178,28.1691146165956,1.47679313971403e-64,1.07805899199125e-61,1.07805899199125e-61,"3503/51311/59067/3542/28409/28424/28466/28445/28385/28400/102723169/939/930/3495/50615/28395/28461/28423/28468/713/3493/28432/28391/3560/28386/972/28434/100423062/28834/28452/1439/3539/28444/28378/730/3581/3501/3426/23529/28396/28464/28388/102723168/28426/3502/28448/28473/28401/28408/28429/28455/28450/714/28467/3514/1378/3561/28442/1379/28454/28439/1380/3494/28414/712/28394/3538/3543/10538/10666/28410/102723170/28412/28392/3500/28420/28449/28457/959/2213",80,"GO_BP",NA,"turquoise_hpv_pos"
"GO:0050851","antigen receptor-mediated signaling pathway","71/773","206/18842",0.344660194174757,8.40114796719376,22.0917952267715,2.10041663290078e-46,1.2777534516813e-43,1.2777534516813e-43,"3071/3503/6966/53347/3542/4773/55024/2533/933/925/930/3507/974/153579/3937/7805/971/5579/3495/5788/9840/11006/84174/50852/5133/115352/3493/3115/28639/28834/28755/3902/387357/920/3539/931/919/921/3501/1236/7294/3502/150372/29760/26228/926/8631/940/1493/3514/640/696/4068/4332/3494/28638/973/54900/199920/596/915/10666/26191/84106/3500/917/916/7535/2213/3702/6967",71,"GO_BP",NA,"turquoise_hpv_pos"
"GO:0002768","immune response-regulating cell surface receptor signaling pathway","91/773","392/18842",0.232142857142857,5.658519682129,19.2782428034692,3.85841374679534e-43,2.01188716797186e-40,2.01188716797186e-40,"3071/3503/6966/53347/3542/2208/4773/55024/2533/933/925/930/3507/974/153579/3937/7805/971/5579/3495/7409/5788/9840/11006/84174/50852/3458/5133/115352/388325/3493/5063/3115/10859/28639/3684/28834/28755/1240/3902/387357/920/3539/931/919/921/151888/3501/3903/1236/9437/7294/11024/3502/150372/29760/93978/26228/926/8631/940/1493/3514/640/696/4068/1378/4332/3824/1380/3494/28638/973/54900/199920/259197/596/131450/118788/915/10666/26191/84106/23547/3500/917/916/7535/2213/3702/6967",91,"GO_BP",NA,"turquoise_hpv_pos"
"GO:0002429","immune response-activating cell surface receptor signaling pathway","84/773","336/18842",0.25,6.09379042690815,19.4862870347372,1.7025090276097e-42,7.76769743846926e-40,7.76769743846926e-40,"3071/3503/6966/53347/3542/2208/4773/55024/2533/933/925/930/3507/974/153579/3937/7805/971/5579/3495/7409/5788/9840/11006/84174/50852/3458/5133/115352/388325/3493/5063/3115/28639/3684/28834/28755/1240/3902/387357/920/3539/931/919/921/3501/1236/7294/3502/150372/29760/93978/26228/926/8631/940/1493/3514/640/696/4068/1378/4332/3824/1380/3494/28638/973/54900/199920/259197/596/118788/915/10666/26191/84106/3500/917/916/7535/2213/3702/6967",84,"GO_BP",NA,"turquoise_hpv_pos"
"GO:0070661","leukocyte proliferation","70/773","261/18842",0.268199233716475,6.53739969170223,18.6322905102033,1.23143461029423e-37,4.99415147508216e-35,4.99415147508216e-35,"3071/923/50943/6504/8740/59067/199/4773/933/3385/930/5294/729230/7805/6693/54440/126259/202309/7409/5788/115650/11006/115352/2322/3115/10859/3560/7133/64926/972/1439/920/931/151888/3594/246778/23529/9750/146433/944/2048/22806/3568/940/1493/1378/4332/3561/7412/7940/3569/1380/973/23495/51237/596/4064/26191/912/259307/10673/3109/56253/6363/10148/916/959/2213/160365/26279",70,"GO_BP",NA,"turquoise_hpv_pos"
"GO:0046651","lymphocyte proliferation","65/773","227/18842",0.286343612334802,6.97967185460845,18.747070951805,6.70260023405919e-37,2.4464490854316e-34,2.4464490854316e-34,"3071/923/50943/6504/8740/59067/199/4773/933/3385/930/5294/729230/7805/6693/54440/126259/202309/7409/5788/115650/11006/115352/2322/3115/10859/7133/64926/972/920/931/151888/3594/246778/23529/9750/944/2048/22806/940/1493/1378/4332/7412/7940/3569/1380/973/23495/51237/596/4064/26191/912/259307/10673/3109/56253/6363/10148/916/959/2213/160365/26279",65,"GO_BP",NA,"turquoise_hpv_pos"
"GO:0032943","mononuclear cell proliferation","65/773","230/18842",0.282608695652174,6.88863265650487,18.5847413806823,1.62769033060387e-36,5.4009724606401e-34,5.4009724606401e-34,"3071/923/50943/6504/8740/59067/199/4773/933/3385/930/5294/729230/7805/6693/54440/126259/202309/7409/5788/115650/11006/115352/2322/3115/10859/7133/64926/972/920/931/151888/3594/246778/23529/9750/944/2048/22806/940/1493/1378/4332/7412/7940/3569/1380/973/23495/51237/596/4064/26191/912/259307/10673/3109/56253/6363/10148/916/959/2213/160365/26279",65,"GO_BP",NA,"turquoise_hpv_pos"
"GO:0051249","regulation of lymphocyte activation","89/773","453/18842",0.196467991169978,4.78893905514195,16.8834939730535,4.49894010586342e-36,1.36842761553346e-33,1.36842761553346e-33,"3071/923/50943/6504/8740/59067/199/4773/55024/914/933/939/9760/969/930/729230/7805/6693/54440/126259/7409/5788/115650/9840/11006/5133/115352/399/6422/3115/30009/10859/7133/64926/972/201633/3902/920/921/151888/3594/3662/3111/246778/23529/1236/9750/29851/116449/150372/944/2048/22806/8477/940/79626/1493/1378/4332/3561/7412/3824/7940/3569/54900/27240/3117/23495/51237/596/10538/26191/56833/912/259307/6366/10673/3109/56253/6363/10148/916/7535/959/2213/160365/26279/55423/3120",89,"GO_BP",NA,"turquoise_hpv_pos"
"GO:0070663","regulation of leukocyte proliferation","59/773","224/18842",0.263392857142857,6.42024348549252,16.8791648651622,2.26709770638755e-31,6.3653127910112e-29,6.3653127910112e-29,"3071/923/50943/6504/59067/199/4773/933/729230/7805/6693/54440/126259/5788/115650/11006/115352/3115/10859/3560/7133/64926/972/1439/920/151888/3594/246778/23529/9750/146433/944/2048/22806/3568/940/1493/1378/4332/3561/7412/7940/3569/23495/51237/596/26191/912/259307/10673/3109/56253/6363/10148/916/959/2213/160365/26279",59,"GO_BP",NA,"turquoise_hpv_pos"
"GO:0030098","lymphocyte differentiation","73/773","356/18842",0.205056179775281,4.99827754117185,15.7525593622754,6.42887718020962e-31,1.67610012198322e-28,1.67610012198322e-28,"3071/50943/6504/59067/914/8320/939/9760/969/925/930/3507/974/729230/7805/6693/5788/9840/3676/11006/115352/399/6422/10320/2322/30009/972/3902/387357/920/171558/4063/931/3594/3662/246778/23529/1236/5450/3394/29851/150372/29760/114836/944/22806/8477/940/1493/6689/1378/3561/7412/3569/1380/973/5079/10538/915/8807/26191/56833/912/259307/57379/10673/56253/6363/917/916/7535/2213/3702",73,"GO_BP",NA,"turquoise_hpv_pos"
"GO:0050670","regulation of lymphocyte proliferation","54/773","198/18842",0.272727272727273,6.64777137480889,16.5239860132735,1.26545794576481e-29,3.07928100136104e-27,3.07928100136104e-27,"3071/923/50943/6504/59067/199/4773/933/729230/7805/6693/54440/126259/5788/115650/11006/115352/3115/10859/7133/64926/972/920/151888/3594/246778/23529/9750/944/2048/22806/940/1493/1378/4332/7412/7940/3569/23495/51237/596/26191/912/259307/10673/3109/56253/6363/10148/916/959/2213/160365/26279",54,"GO_BP",NA,"turquoise_hpv_pos"
"GO:0032944","regulation of mononuclear cell proliferation","54/773","200/18842",0.27,6.5812936610608,16.4126339074071,2.20271830349209e-29,5.02495112984132e-27,5.02495112984132e-27,"3071/923/50943/6504/59067/199/4773/933/729230/7805/6693/54440/126259/5788/115650/11006/115352/3115/10859/7133/64926/972/920/151888/3594/246778/23529/9750/944/2048/22806/940/1493/1378/4332/7412/7940/3569/23495/51237/596/26191/912/259307/10673/3109/56253/6363/10148/916/959/2213/160365/26279",54,"GO_BP",NA,"turquoise_hpv_pos"
"GO:0050853","B cell receptor signaling pathway","35/773","74/18842",0.472972972972973,11.528792699556,18.7698196735913,4.65407359007098e-29,9.99256976691711e-27,9.99256976691711e-27,"3071/3503/3542/4773/55024/933/930/3507/974/971/5579/3495/5788/115352/3493/28834/3539/931/921/3501/3502/150372/29760/26228/1493/3514/640/4332/3494/973/596/26191/3500/2213/3702",35,"GO_BP",NA,"turquoise_hpv_pos"
"GO:1903131","mononuclear cell differentiation","77/773","439/18842",0.175398633257403,4.27537004894695,14.3622665724339,7.69697401259058e-28,1.56077528588642e-25,1.56077528588642e-25,"3071/50943/6504/59067/914/8320/939/9760/969/925/930/3507/974/729230/7805/6693/5788/9840/3676/11006/3458/115352/399/6422/10320/2322/30009/10859/972/3902/387357/920/171558/4063/931/3594/3662/246778/23529/1236/5450/3394/29851/146433/150372/29760/114836/944/22806/8477/940/714/1493/6689/1378/3561/7412/3569/1380/973/5079/10538/915/8807/26191/56833/912/259307/57379/10673/56253/6363/917/916/7535/2213/3702",77,"GO_BP",NA,"turquoise_hpv_pos"
"GO:0042113","B cell activation","56/773","238/18842",0.235294117647059,5.73533216650179,15.2058402835866,4.22809782018715e-27,8.12239844404374e-25,8.12239844404374e-25,"115350/3071/59067/4773/55024/933/643/939/930/3507/974/7805/5579/54440/202309/7409/5788/115650/3676/115352/6422/2322/972/83416/931/151888/23529/5450/3394/150372/29760/2048/22806/1493/6689/1378/4332/7412/3569/1380/973/54900/23495/51237/596/5079/10538/4064/56833/259307/57379/10673/10148/7535/959/2213",56,"GO_BP",NA,"turquoise_hpv_pos"
"GO:0050863","regulation of T cell activation","67/773","346/18842",0.19364161849711,4.72004576419475,14.4451510140728,6.71668699219511e-27,1.22579537607561e-24,1.22579537607561e-24,"3071/923/50943/6504/8740/59067/199/914/939/9760/969/729230/7805/6693/126259/7409/5788/115650/9840/11006/5133/399/3115/30009/10859/7133/64926/201633/3902/920/921/151888/3594/3662/3111/246778/1236/9750/29851/944/8477/940/79626/1493/1378/3561/7412/3569/54900/27240/3117/10538/26191/912/259307/6366/3109/56253/6363/10148/916/7535/959/160365/26279/55423/3120",67,"GO_BP",NA,"turquoise_hpv_pos"
"GO:0007159","leukocyte cell-cell adhesion","72/773","402/18842",0.17910447761194,4.36570060435211,14.1085607231087,1.1831132436711e-26,2.05636349495215e-24,2.05636349495215e-24,"3071/923/50943/6504/83706/3689/8740/59067/199/6403/3385/939/969/6402/729230/7805/6693/126259/7409/5788/115650/9840/3676/11006/5133/3695/399/3115/30009/10859/64926/3684/201633/3902/920/921/151888/3594/6370/3111/1236/9750/29851/8477/8631/940/79626/2529/1493/1378/3561/3687/7412/3569/3683/54900/3117/26191/912/259307/6366/3109/56253/6363/10148/916/7535/959/160365/26279/55423/3120",72,"GO_BP",NA,"turquoise_hpv_pos"
"GO:1903037","regulation of leukocyte cell-cell adhesion","65/773","359/18842",0.181058495821727,4.41333011419532,13.5056020132562,2.06084925437042e-24,3.41913626293275e-22,3.41913626293275e-22,"3071/923/50943/6504/3689/8740/59067/199/6403/939/969/729230/7805/6693/126259/7409/5788/115650/9840/3676/11006/5133/399/3115/30009/10859/64926/201633/3902/920/921/151888/3594/6370/3111/1236/9750/29851/8477/8631/940/79626/2529/1493/1378/3561/7412/3569/54900/3117/26191/912/259307/6366/3109/56253/6363/10148/916/7535/959/160365/26279/55423/3120",65,"GO_BP",NA,"turquoise_hpv_pos"
"GO:0002697","regulation of immune effector process","60/773","347/18842",0.172910662824208,4.21472536731399,12.5013268373177,1.50396205187691e-21,2.38672238667423e-19,2.38672238667423e-19,"3071/50943/6504/3689/59067/933/911/969/729230/7805/3820/54440/5788/11006/5133/115352/388325/30009/10859/7133/972/3684/5199/201633/3902/653361/151888/3594/3426/8832/246778/23529/9437/116449/114836/2048/117157/26228/910/441168/2529/51744/1378/1379/3824/3569/7454/1380/924/259197/51237/10538/10666/56833/912/259307/3109/56253/6363/2213",60,"GO_BP",NA,"turquoise_hpv_pos"
"GO:0050852","T cell receptor signaling pathway","39/773","145/18842",0.268965517241379,6.55607797653566,13.8912405558145,1.78151250784091e-21,2.70938360567471e-19,2.70938360567471e-19,"6966/53347/2533/925/153579/3937/7805/5788/9840/11006/84174/50852/5133/3115/28639/28755/3902/387357/920/919/1236/7294/926/8631/940/1493/696/4068/28638/199920/915/10666/26191/84106/917/916/7535/3702/6967",39,"GO_BP",NA,"turquoise_hpv_pos"
"GO:0042098","T cell proliferation","41/773","162/18842",0.253086419753086,6.16902240748726,13.6663377268759,2.00740207493108e-21,2.93080702939938e-19,2.93080702939938e-19,"3071/923/50943/6504/8740/59067/199/3385/5294/729230/7805/6693/126259/5788/115650/11006/3115/10859/7133/64926/920/151888/3594/246778/9750/944/940/1493/1378/7412/3569/912/259307/3109/56253/6363/10148/916/959/160365/26279",41,"GO_BP",NA,"turquoise_hpv_pos"
"GO:0042100","B cell proliferation","29/773","75/18842",0.386666666666667,9.42506252695127,15.1210169487794,3.05937015051304e-21,4.29488501898946e-19,4.29488501898946e-19,"3071/59067/4773/933/930/54440/202309/7409/5788/115650/115352/972/931/151888/23529/2048/22806/1493/4332/1380/973/23495/51237/596/4064/10673/10148/959/2213",29,"GO_BP",NA,"turquoise_hpv_pos"
"GO:0022407","regulation of cell-cell adhesion","70/773","472/18842",0.148305084745763,3.61496042274212,11.9002532625793,5.01696440809549e-21,6.78219262575871e-19,6.78219262575871e-19,"3071/923/50943/6504/83706/3689/8740/59067/199/6403/939/10272/969/729230/7805/6693/126259/8728/7409/5788/115650/9840/3676/11006/5133/399/3115/30009/10859/64926/201633/3902/920/921/151888/3594/6370/3111/1236/654/9750/29851/8477/8631/940/79626/2529/1493/1378/3561/7412/3569/54900/3117/26191/10563/912/259307/6366/3109/56253/6363/10148/916/7535/959/160365/26279/55423/3120",70,"GO_BP",NA,"turquoise_hpv_pos"
"GO:0042129","regulation of T cell proliferation","38/773","148/18842",0.256756756756757,6.25848746547324,13.2835833256938,3.47901331733232e-20,4.53514236009392e-18,4.53514236009392e-18,"3071/923/50943/6504/59067/199/729230/7805/6693/126259/5788/115650/11006/3115/10859/7133/64926/920/151888/3594/246778/9750/944/940/1493/1378/7412/3569/912/259307/3109/56253/6363/10148/916/959/160365/26279",38,"GO_BP",NA,"turquoise_hpv_pos"
"GO:0050867","positive regulation of cell activation","57/773","345/18842",0.165217391304348,4.02720062995669,11.7374773484664,1.50697954534699e-19,1.89671563466087e-17,1.89671563466087e-17,"3071/923/50943/6504/8740/59067/199/4773/6403/5341/914/939/729230/54440/126259/7409/5788/115650/9840/11006/115352/399/3115/64926/972/920/921/3594/3111/23529/1236/29851/2048/26228/8477/940/1378/3561/7412/3569/3603/3117/596/10666/912/259307/6366/10673/3109/6363/10148/916/7535/959/160365/55423/3120",57,"GO_BP",NA,"turquoise_hpv_pos"
"GO:0070665","positive regulation of leukocyte proliferation","36/773","138/18842",0.260869565217391,6.35873783677372,13.0680103524757,1.93845854355817e-19,2.35845789466243e-17,2.35845789466243e-17,"3071/923/6504/59067/199/4773/729230/54440/126259/5788/115650/115352/3115/3560/64926/972/1439/920/3594/23529/146433/2048/3568/940/3561/7412/3569/596/912/10673/3109/6363/10148/916/959/160365",36,"GO_BP",NA,"turquoise_hpv_pos"
"GO:1903039","positive regulation of leukocyte cell-cell adhesion","48/773","250/18842",0.192,4.68003104786546,12.1152699249504,2.11123274446548e-19,2.45054391206779e-17,2.45054391206779e-17,"3071/923/50943/6504/3689/8740/59067/199/6403/939/729230/126259/7409/5788/115650/9840/3676/11006/399/3115/64926/920/921/3594/3111/1236/29851/8477/8631/940/2529/1378/3561/7412/3569/3117/912/259307/6366/3109/6363/10148/916/7535/959/160365/55423/3120",48,"GO_BP",NA,"turquoise_hpv_pos"
"GO:0002696","positive regulation of leukocyte activation","55/773","325/18842",0.169230769230769,4.12502736590706,11.7539774943154,2.14842205989505e-19,2.45054391206779e-17,2.45054391206779e-17,"3071/923/50943/6504/8740/59067/199/4773/914/939/729230/54440/126259/7409/5788/115650/9840/11006/115352/399/3115/64926/972/920/921/3594/3111/23529/1236/29851/2048/26228/8477/940/1378/3561/7412/3569/3603/3117/596/10666/912/259307/6366/10673/3109/6363/10148/916/7535/959/160365/55423/3120",55,"GO_BP",NA,"turquoise_hpv_pos"
"GO:0051251","positive regulation of lymphocyte activation","51/773","289/18842",0.176470588235294,4.30149912487634,11.6984331695499,7.10734466994099e-19,7.86115395311655e-17,7.86115395311655e-17,"3071/923/50943/6504/8740/59067/199/4773/939/729230/54440/126259/7409/5788/115650/9840/11006/115352/399/3115/64926/972/920/921/3594/3111/23529/1236/29851/2048/8477/940/1378/3561/7412/3569/3117/596/912/259307/6366/10673/3109/6363/10148/916/7535/959/160365/55423/3120",51,"GO_BP",NA,"turquoise_hpv_pos"
"GO:0050864","regulation of B cell activation","31/773","107/18842",0.289719626168224,7.06196273772533,13.0062759902752,2.30325258508401e-18,2.47260939281078e-16,2.47260939281078e-16,"3071/59067/4773/55024/933/939/930/7805/54440/5788/115650/115352/6422/972/151888/23529/150372/2048/22806/1493/1378/4332/3569/23495/51237/596/56833/259307/10673/10148/2213",31,"GO_BP",NA,"turquoise_hpv_pos"
"GO:0022409","positive regulation of cell-cell adhesion","51/773","297/18842",0.171717171717172,4.18563382858338,11.4455145856575,2.40065928611533e-18,2.50354468409171e-16,2.50354468409171e-16,"3071/923/50943/6504/3689/8740/59067/199/6403/939/10272/729230/126259/8728/7409/5788/115650/9840/3676/11006/399/3115/64926/920/921/3594/3111/1236/29851/8477/8631/940/2529/1378/3561/7412/3569/3117/10563/912/259307/6366/3109/6363/10148/916/7535/959/160365/55423/3120",51,"GO_BP",NA,"turquoise_hpv_pos"
"GO:0030217","T cell differentiation","48/773","265/18842",0.181132075471698,4.41512363006175,11.5802047786478,2.59011665565994e-18,2.62609049809967e-16,2.62609049809967e-16,"3071/50943/59067/914/8320/939/9760/969/925/729230/6693/5788/9840/11006/399/30009/972/3902/387357/920/171558/4063/3594/3662/246778/1236/29851/114836/944/22806/8477/940/1493/1378/3561/3569/10538/915/8807/26191/912/259307/56253/6363/917/916/7535/3702",48,"GO_BP",NA,"turquoise_hpv_pos"
"GO:0002706","regulation of lymphocyte mediated immunity","38/773","169/18842",0.224852071005917,5.48080559106532,12.1022764179704,4.80874279371605e-18,4.74375978299016e-16,4.74375978299016e-16,"3071/50943/6504/59067/911/729230/3820/5788/11006/5133/30009/10859/7133/201633/3902/151888/3594/23529/9437/116449/114836/117157/910/441168/2529/1378/1379/3824/3569/7454/1380/924/259197/10666/912/259307/56253/2213",38,"GO_BP",NA,"turquoise_hpv_pos"
"GO:0002703","regulation of leukocyte mediated immunity","43/773","219/18842",0.19634703196347,4.7859906549233,11.6560509261769,6.90178932433413e-18,6.62935027205778e-16,6.62935027205778e-16,"3071/50943/6504/3689/59067/911/729230/3820/5788/11006/5133/388325/30009/10859/7133/3684/201633/3902/151888/3594/8832/23529/9437/116449/114836/117157/26228/910/441168/2529/1378/1379/3824/3569/7454/1380/924/259197/10666/912/259307/56253/2213",43,"GO_BP",NA,"turquoise_hpv_pos"
"GO:0030183","B cell differentiation","31/773","114/18842",0.271929824561404,6.62833344681237,12.466978402903,1.73740761997585e-17,1.62603533664406e-15,1.62603533664406e-15,"3071/59067/939/930/3507/974/7805/5788/3676/115352/6422/2322/931/23529/5450/3394/150372/29760/22806/6689/1378/7412/3569/1380/973/5079/56833/259307/57379/10673/2213",31,"GO_BP",NA,"turquoise_hpv_pos"
"GO:0050870","positive regulation of T cell activation","43/773","226/18842",0.190265486725664,4.63775200631948,11.3793848674184,2.35527729047122e-17,2.14919052755499e-15,2.14919052755499e-15,"3071/923/50943/6504/8740/59067/199/939/729230/126259/7409/5788/115650/9840/11006/399/3115/64926/920/921/3594/3111/1236/29851/8477/940/1378/3561/7412/3569/3117/912/259307/6366/3109/6363/10148/916/7535/959/160365/55423/3120",43,"GO_BP",NA,"turquoise_hpv_pos"
"GO:0046631","alpha-beta T cell activation","38/773","183/18842",0.207650273224044,5.06150898847016,11.419404161841,8.32429157584527e-17,7.41064981752079e-15,7.41064981752079e-15,"3071/50943/50856/59067/8320/9760/969/729230/6693/11006/30009/10859/64926/28639/28755/171558/4063/919/3594/3662/246778/29851/114836/944/8477/3569/28638/259197/4818/10538/915/8807/56253/6363/917/10148/916/3702",38,"GO_BP",NA,"turquoise_hpv_pos"
"GO:0050671","positive regulation of lymphocyte proliferation","31/773","120/18842",0.258333333333333,6.29691677447175,12.0396071079431,8.64305662750402e-17,7.51122778342611e-15,7.51122778342611e-15,"3071/923/6504/59067/199/4773/729230/54440/126259/5788/115650/115352/3115/64926/972/920/3594/23529/2048/940/7412/3569/596/912/10673/3109/6363/10148/916/959/160365",31,"GO_BP",NA,"turquoise_hpv_pos"
"GO:0032946","positive regulation of mononuclear cell proliferation","31/773","121/18842",0.256198347107438,6.24487613997199,11.9712103753492,1.11757604827417e-16,9.48640134000167e-15,9.48640134000167e-15,"3071/923/6504/59067/199/4773/729230/54440/126259/5788/115650/115352/3115/64926/972/920/3594/23529/2048/940/7412/3569/596/912/10673/3109/6363/10148/916/959/160365",31,"GO_BP",NA,"turquoise_hpv_pos"
"GO:0002819","regulation of adaptive immune response","38/773","190/18842",0.2,4.87503234152652,11.1036072406928,3.10893576693512e-16,2.57900353393482e-14,2.57900353393482e-14,"3071/50943/6504/911/969/729230/54440/5788/11006/5133/30009/10859/7133/3902/920/151888/3594/246778/23529/93978/2048/8631/910/2529/1378/1379/3824/3569/7454/1380/924/10538/10666/912/259307/6363/10148/2213",38,"GO_BP",NA,"turquoise_hpv_pos"
"GO:0002263","cell activation involved in immune response","46/773","279/18842",0.164874551971326,4.01884386577455,10.5073532708638,5.781468404946e-16,4.68941326178953e-14,4.68941326178953e-14,"3071/50943/6504/3689/59067/8320/911/969/930/5294/729230/6693/202309/3458/30009/10859/972/3684/4063/56892/3594/3662/8832/246778/23529/5450/1794/3394/116449/114836/117157/5730/11280/51744/1378/3569/3683/4818/10538/8807/4064/3109/6363/3936/959/2213",46,"GO_BP",NA,"turquoise_hpv_pos"
"GO:0002822","regulation of adaptive immune response based on somatic recombination of immune receptors built from immunoglobulin superfamily domains","36/773","178/18842",0.202247191011236,4.92980798581333,10.8956622410129,1.31142232385036e-15,1.04058510479431e-13,1.04058510479431e-13,"3071/50943/6504/911/969/729230/5788/11006/5133/30009/10859/7133/3902/920/151888/3594/246778/23529/93978/2048/910/2529/1378/1379/3824/3569/7454/1380/924/10538/10666/912/259307/6363/10148/2213",36,"GO_BP",NA,"turquoise_hpv_pos"
"GO:0002366","leukocyte activation involved in immune response","45/773","274/18842",0.164233576642336,4.00321998847981,10.3574900866281,1.40346701469455e-15,1.08992651141173e-13,1.08992651141173e-13,"3071/50943/6504/3689/59067/8320/911/969/930/5294/729230/6693/202309/3458/30009/10859/972/3684/4063/3594/3662/8832/246778/23529/5450/1794/3394/116449/114836/117157/5730/11280/51744/1378/3569/3683/4818/10538/8807/4064/3109/6363/3936/959/2213",45,"GO_BP",NA,"turquoise_hpv_pos"
"GO:0030888","regulation of B cell proliferation","21/773","58/18842",0.362068965517241,8.82548958379801,12.3454276175591,4.56608899731565e-15,3.47213017504211e-13,3.47213017504211e-13,"3071/59067/4773/933/54440/5788/115650/115352/972/151888/23529/2048/22806/1493/4332/23495/51237/596/10673/10148/2213",21,"GO_BP",NA,"turquoise_hpv_pos"
"GO:0050854","regulation of antigen receptor-mediated signaling pathway","23/773","74/18842",0.310810810810811,7.57606377399392,11.7232369106391,1.03963303844597e-14,7.74420528638328e-13,7.74420528638328e-13,"53347/933/930/7805/971/5788/9840/11006/84174/50852/5133/115352/3902/921/1236/150372/26228/940/1493/4068/10666/26191/2213",23,"GO_BP",NA,"turquoise_hpv_pos"
"GO:0045785","positive regulation of cell adhesion","56/773","437/18842",0.128146453089245,3.1235905163099,9.29005419573731,3.34840203924909e-14,2.44433348865184e-12,2.44433348865184e-12,"3071/923/50943/6504/3689/8740/59067/199/6403/939/10272/729230/126259/8728/7409/5788/115650/9840/3676/11006/3458/399/6422/3115/57091/64926/920/921/3594/6370/3111/64805/1236/29851/8477/8631/940/2529/1378/3561/7412/3569/3117/10563/912/259307/6366/3109/6363/10148/916/7535/959/160365/55423/3120",56,"GO_BP",NA,"turquoise_hpv_pos"
"GO:0002456","T cell mediated immunity","28/773","124/18842",0.225806451612903,5.50406877269123,10.407844550176,1.07486035228095e-13,7.69262801142247e-12,7.69262801142247e-12,"3071/50943/6504/911/925/729230/5788/11006/5133/30009/10859/7133/3902/151888/3594/5551/910/2529/1378/1379/3824/3569/7454/1380/924/912/259307/2213",28,"GO_BP",NA,"turquoise_hpv_pos"
"GO:0042102","positive regulation of T cell proliferation","23/773","87/18842",0.264367816091954,6.44400826753506,10.5267553797405,4.88471356981405e-13,3.42869317881179e-11,3.42869317881179e-11,"3071/923/6504/59067/199/729230/126259/5788/115650/3115/64926/920/3594/940/7412/3569/912/3109/6363/10148/916/959/160365",23,"GO_BP",NA,"turquoise_hpv_pos"
"GO:0045058","T cell selection","20/773","64/18842",0.3125,7.61723803363519,10.9677297245518,5.11533847536868e-13,3.52282744058409e-11,3.52282744058409e-11,"50943/9760/969/6693/30009/972/387357/920/4063/3594/3662/1236/114836/3569/10538/915/912/917/916/7535",20,"GO_BP",NA,"turquoise_hpv_pos"
"GO:0002695","negative regulation of leukocyte activation","32/773","176/18842",0.181818181818182,4.43184758320593,9.46091972340056,1.09875437673386e-12,7.42676569458995e-11,7.42676569458995e-11,"50943/146722/55024/969/7805/6693/5788/11006/5133/6422/30009/10859/201633/3902/151888/8832/9750/116449/79626/1493/1378/4332/1269/7940/8530/54900/23495/26191/259307/56253/2213/26279",32,"GO_BP",NA,"turquoise_hpv_pos"
"GO:0043368","positive T cell selection","16/773","40/18842",0.4,9.75006468305304,11.4581340223659,1.38152971011927e-12,9.16833353079149e-11,9.16833353079149e-11,"50943/9760/969/6693/30009/387357/4063/3594/3662/114836/3569/10538/915/917/916/7535",16,"GO_BP",NA,"turquoise_hpv_pos"
"GO:0002285","lymphocyte activation involved in immune response","33/773","191/18842",0.172774869109948,4.21141537357003,9.22649535542964,2.12839703323939e-12,1.38725878059353e-10,1.38725878059353e-10,"3071/50943/59067/8320/911/969/930/6693/202309/30009/10859/972/4063/3594/3662/246778/23529/5450/3394/114836/51744/1378/3569/3683/4818/10538/8807/4064/3109/6363/3936/959/2213",33,"GO_BP",NA,"turquoise_hpv_pos"
"GO:0001906","cell killing","37/773","238/18842",0.15546218487395,3.7894158957244,8.95722012806907,2.7007433859881e-12,1.72942339629063e-10,1.72942339629063e-10,"3071/59067/914/911/3820/7409/5788/3004/10859/3684/2999/201633/730/3594/6370/9437/4283/114836/26228/5551/910/1378/1379/3824/57823/259197/4818/10666/10563/10870/912/6366/3500/4069/56253/6363/2213",37,"GO_BP",NA,"turquoise_hpv_pos"
"GO:0002704","negative regulation of leukocyte mediated immunity","19/773","65/18842",0.292307692307692,7.12504726838491,10.2312261078006,7.44120453570087e-12,4.68282699229451e-10,4.68282699229451e-10,"3071/50943/6504/729230/5788/11006/5133/30009/10859/201633/3902/151888/8832/1378/1379/3824/1380/259307/2213",19,"GO_BP",NA,"turquoise_hpv_pos"
"GO:0002455","humoral immune response mediated by circulating immunoglobulin","16/773","44/18842",0.363636363636364,8.86369516641186,10.8011960337785,7.85276850751668e-12,4.85806865295524e-10,4.85806865295524e-10,"3503/3495/713/3493/730/3501/3426/3502/714/1378/1379/1380/3494/712/3500/2213",16,"GO_BP",NA,"turquoise_hpv_pos"
"GO:0001819","positive regulation of cytokine production","56/773","499/18842",0.112224448897796,2.73548908943372,8.12665157961511,8.19742443289506e-12,4.98676653001116e-10,4.98676653001116e-10,"923/6504/51311/59067/199/914/5294/729230/7805/6693/3495/126259/5788/51284/3458/388325/3115/30009/10859/972/284293/201633/920/4063/3594/3662/246778/1236/5450/7294/116449/150372/114836/93978/2048/8477/940/51744/3569/924/26253/3603/400935/10538/10666/8807/26191/56253/6363/10148/283420/959/2213/160365/3702/1536",56,"GO_BP",NA,"turquoise_hpv_pos"
"GO:0002709","regulation of T cell mediated immunity","23/773","100/18842",0.23,5.6062871927555,9.55251455060752,1.14046605734571e-11,6.82410017919972e-10,6.82410017919972e-10,"3071/50943/6504/911/729230/5788/11006/5133/30009/10859/7133/3902/151888/3594/910/2529/3824/3569/7454/924/912/259307/2213",23,"GO_BP",NA,"turquoise_hpv_pos"
"GO:0006958","complement activation, classical pathway","15/773","39/18842",0.384615384615385,9.37506219524331,10.8288274650714,1.3762589876083e-11,8.10216984640372e-10,8.10216984640372e-10,"3503/3495/713/3493/730/3501/3426/3502/714/1378/1379/1380/3494/712/3500",15,"GO_BP",NA,"turquoise_hpv_pos"
"GO:0050866","negative regulation of cell activation","32/773","198/18842",0.161616161616162,3.93942007396082,8.60001812500907,2.87607226289399e-11,1.66242426664102e-09,1.66242426664102e-09,"50943/146722/55024/969/7805/6693/5788/11006/5133/6422/30009/10859/201633/3902/151888/8832/9750/116449/79626/1493/1378/4332/1269/7940/8530/54900/23495/26191/259307/56253/2213/26279",32,"GO_BP",NA,"turquoise_hpv_pos"
"GO:1902105","regulation of leukocyte differentiation","40/773","295/18842",0.135593220338983,3.30510667222137,8.25353244040735,2.91493570041165e-11,1.66242426664102e-09,1.66242426664102e-09,"3071/9290/50943/914/939/10272/9760/969/729230/9840/11006/3458/115352/399/6422/30009/10859/3560/972/3902/920/3594/3662/246778/146433/150372/22806/8477/2124/714/1493/1378/3561/10538/56833/259307/56253/6363/7535/2213",40,"GO_BP",NA,"turquoise_hpv_pos"
"GO:0002823","negative regulation of adaptive immune response based on somatic recombination of immune receptors built from immunoglobulin superfamily domains","18/773","62/18842",0.290322580645161,7.07665985060301,9.9126013419632,3.01737959117618e-11,1.69437469350662e-09,1.69437469350662e-09,"3071/50943/6504/969/5788/11006/5133/30009/10859/3902/151888/1378/1379/3824/1380/259307/10148/2213",18,"GO_BP",NA,"turquoise_hpv_pos"
"GO:0001909","leukocyte mediated cytotoxicity","26/773","134/18842",0.194029850746269,4.72950898804812,8.96117666897563,3.21107183688692e-11,1.77582003100565e-09,1.77582003100565e-09,"3071/59067/914/911/3820/7409/5788/10859/3684/201633/3594/9437/114836/26228/5551/910/3824/57823/259197/4818/10666/10870/912/3500/56253/2213",26,"GO_BP",NA,"turquoise_hpv_pos"
"GO:0002700","regulation of production of molecular mediator of immune response","27/773","147/18842",0.183673469387755,4.47707051772844,8.7535475262824,5.0707580397411e-11,2.76242788732165e-09,2.76242788732165e-09,"50943/6504/59067/933/729230/7805/54440/5788/11006/115352/388325/30009/10859/7133/972/151888/23529/116449/2048/441168/51744/1378/3569/924/51237/10666/2213",27,"GO_BP",NA,"turquoise_hpv_pos"
"GO:0002710","negative regulation of T cell mediated immunity","13/773","30/18842",0.433333333333333,10.5625700733075,10.8415764285799,5.29727274954775e-11,2.82392851154598e-09,2.82392851154598e-09,"3071/50943/6504/5788/11006/5133/30009/10859/3902/151888/3824/259307/2213",13,"GO_BP",NA,"turquoise_hpv_pos"
"GO:0032609","type II interferon production","24/773","117/18842",0.205128205128205,5.00003317079643,8.97677362349886,5.41575330981421e-11,2.82392851154598e-09,2.82392851154598e-09,"50943/6504/51311/8740/59067/914/729230/7805/51284/11006/3115/10859/284293/3594/246778/1236/7294/114836/51744/1378/8807/26191/56253/10148",24,"GO_BP",NA,"turquoise_hpv_pos"
"GO:0032649","regulation of type II interferon production","24/773","117/18842",0.205128205128205,5.00003317079643,8.97677362349886,5.41575330981421e-11,2.82392851154598e-09,2.82392851154598e-09,"50943/6504/51311/8740/59067/914/729230/7805/51284/11006/3115/10859/284293/3594/246778/1236/7294/114836/51744/1378/8807/26191/56253/10148",24,"GO_BP",NA,"turquoise_hpv_pos"
"GO:0002698","negative regulation of immune effector process","23/773","108/18842",0.212962962962963,5.19100665995879,9.03419860178451,6.11369437814344e-11,3.14295556059487e-09,3.14295556059487e-09,"3071/50943/6504/933/969/729230/5788/11006/5133/115352/30009/10859/201633/3902/151888/8832/1378/1379/3824/1380/56833/259307/2213",23,"GO_BP",NA,"turquoise_hpv_pos"
"GO:0031341","regulation of cell killing","22/773","99/18842",0.222222222222222,5.41670260169613,9.11319922524999,6.59103633935433e-11,3.34128925536712e-09,3.34128925536712e-09,"3071/59067/911/3820/5788/10859/3684/201633/3594/9437/114836/26228/5551/910/1378/1379/3824/259197/10666/912/56253/2213",22,"GO_BP",NA,"turquoise_hpv_pos"
"GO:0051250","negative regulation of lymphocyte activation","27/773","149/18842",0.181208053691275,4.4169756114502,8.66104256706903,7.0073544864834e-11,3.5036772432417e-09,3.5036772432417e-09,"50943/55024/969/7805/6693/11006/5133/6422/30009/10859/201633/3902/151888/9750/116449/79626/1493/1378/4332/7940/54900/23495/26191/259307/56253/2213/26279",27,"GO_BP",NA,"turquoise_hpv_pos"
"GO:0002820","negative regulation of adaptive immune response","18/773","65/18842",0.276923076923077,6.75004478057518,9.6048251878317,7.23910077952285e-11,3.52526984383117e-09,3.52526984383117e-09,"3071/50943/6504/969/5788/11006/5133/30009/10859/3902/151888/1378/1379/3824/1380/259307/10148/2213",18,"GO_BP",NA,"turquoise_hpv_pos"
"GO:0002440","production of molecular mediator of immune response","30/773","182/18842",0.164835164835165,4.01788379796142,8.46168883027814,7.2437051585572e-11,3.52526984383117e-09,3.52526984383117e-09,"50943/6504/59067/933/729230/7805/54440/5788/11006/115352/388325/30009/10859/7133/972/151888/23529/116449/2048/441168/51744/1378/3569/924/51237/10538/10666/57379/959/2213",30,"GO_BP",NA,"turquoise_hpv_pos"
"GO:0002707","negative regulation of lymphocyte mediated immunity","17/773","58/18842",0.293103448275862,7.14444394878887,9.69342393311399,9.04378466314674e-11,4.34339658164284e-09,4.34339658164284e-09,"3071/50943/6504/5788/11006/5133/30009/10859/201633/3902/151888/1378/1379/3824/1380/259307/2213",17,"GO_BP",NA,"turquoise_hpv_pos"
"GO:0006959","humoral immune response","39/773","296/18842",0.131756756756757,3.21159225201916,7.93232410052141,1.23699428133482e-10,5.863674190743e-09,5.863674190743e-09,"3503/3507/3512/3495/3458/5133/713/3493/6354/5199/931/730/3501/6370/28912/3426/1236/5450/3502/4283/29760/940/714/1378/1379/3569/6846/1380/3494/712/596/3003/10563/6366/3500/4069/6363/10148/2213",39,"GO_BP",NA,"turquoise_hpv_pos"
"GO:0002699","positive regulation of immune effector process","34/773","235/18842",0.14468085106383,3.52661914067876,8.06139491326778,1.5535229913738e-10,7.26969092117228e-09,7.26969092117228e-09,"6504/3689/59067/911/729230/7805/54440/5788/388325/30009/10859/972/3684/5199/3594/23529/116449/114836/2048/117157/26228/910/51744/1378/3824/3569/924/259197/51237/10666/912/3109/56253/6363",34,"GO_BP",NA,"turquoise_hpv_pos"
"GO:0006956","complement activation","17/773","65/18842",0.261538461538462,6.37504229276545,8.97842426786283,6.53008743084518e-10,3.01706571171961e-08,3.01706571171961e-08,"3503/3495/713/3493/5199/730/3501/3426/3502/714/1378/1379/1380/3494/712/3003/3500",17,"GO_BP",NA,"turquoise_hpv_pos"
"GO:0019882","antigen processing and presentation","21/773","104/18842",0.201923076923077,4.92190765250274,8.29520414432598,1.17188341788696e-09,5.34671809410926e-08,5.34671809410926e-08,"50856/2208/911/925/57705/3115/972/3111/1236/910/7454/1520/8530/219972/3117/912/6366/3109/6363/2213/3120",21,"GO_BP",NA,"turquoise_hpv_pos"
"GO:0032729","positive regulation of type II interferon production","18/773","76/18842",0.236842105263158,5.77306461496562,8.62368563644295,1.19099680914791e-09,5.36683747332083e-08,5.36683747332083e-08,"6504/51311/59067/914/729230/51284/3115/10859/284293/3594/246778/7294/114836/51744/8807/26191/56253/10148",18,"GO_BP",NA,"turquoise_hpv_pos"
"GO:0046632","alpha-beta T cell differentiation","23/773","125/18842",0.184,4.4850297542044,8.0857077375215,1.31571790244549e-09,5.8565491999098e-08,5.8565491999098e-08,"3071/50943/59067/8320/9760/969/6693/11006/30009/171558/4063/3594/3662/246778/29851/114836/944/8477/3569/10538/8807/6363/3702",23,"GO_BP",NA,"turquoise_hpv_pos"
"GO:0045619","regulation of lymphocyte differentiation","29/773","193/18842",0.150259067357513,3.66258906487744,7.69005926643683,1.42272133152074e-09,6.25654561451892e-08,6.25654561451891e-08,"3071/50943/914/939/9760/969/729230/9840/11006/115352/399/6422/30009/3902/3594/3662/246778/150372/22806/8477/1493/1378/3561/10538/56833/259307/56253/6363/7535",29,"GO_BP",NA,"turquoise_hpv_pos"
"GO:0050858","negative regulation of antigen receptor-mediated signaling pathway","14/773","45/18842",0.311111111111111,7.58338364237459,9.14504428788211,1.73985610302903e-09,7.56008901911424e-08,7.56008901911424e-08,"53347/933/7805/971/11006/84174/5133/115352/3902/921/1493/4068/26191/2213",14,"GO_BP",NA,"turquoise_hpv_pos"
"GO:0050900","leukocyte migration","41/773","352/18842",0.116477272727273,2.8391523579913,7.20435736216232,1.83049084492496e-09,7.86034303997188e-08,7.86034303997188e-08,"3071/3689/1800/5764/199/6403/969/5294/6402/729230/6693/3676/3695/2848/30009/1234/972/6354/1240/920/6370/64805/1236/120425/9750/146433/4283/26228/2529/7412/3569/3683/3603/131450/10563/56833/6366/56253/6363/7535/2833",41,"GO_BP",NA,"turquoise_hpv_pos"
"GO:0060326","cell chemotaxis","38/773","311/18842",0.122186495176849,2.97831557842456,7.27613922032825,1.89218036530449e-09,8.03076550390859e-08,8.03076550390859e-08,"3071/3689/1800/5764/199/643/5294/729230/1233/1237/2848/2047/2247/1234/972/6354/1240/920/51554/6370/1236/51411/120425/9750/146433/4283/26228/10663/7412/3569/6846/3603/10563/56833/6366/6363/2829/2833",38,"GO_BP",NA,"turquoise_hpv_pos"
"GO:0050856","regulation of T cell receptor signaling pathway","15/773","54/18842",0.277777777777778,6.77087825212017,8.78361272222675,2.66572261389353e-09,1.11837787824269e-07,1.11837787824269e-07,"53347/7805/5788/9840/11006/84174/50852/5133/3902/1236/940/1493/4068/10666/26191",15,"GO_BP",NA,"turquoise_hpv_pos"
"GO:0001910","regulation of leukocyte mediated cytotoxicity","19/773","89/18842",0.213483146067416,5.20368620724741,8.22175590825494,2.70523836805991e-09,1.12205909584303e-07,1.12205909584303e-07,"3071/59067/911/3820/5788/10859/3684/201633/3594/9437/114836/26228/910/3824/259197/10666/912/56253/2213",19,"GO_BP",NA,"turquoise_hpv_pos"
"GO:0002286","T cell activation involved in immune response","22/773","123/18842",0.178861788617886,4.35978502087738,7.73209864210407,5.20826752616588e-09,2.13597488432646e-07,2.13597488432646e-07,"3071/50943/8320/911/969/6693/30009/10859/972/4063/3594/3662/246778/114836/3569/3683/10538/8807/3109/6363/3936/2213",22,"GO_BP",NA,"turquoise_hpv_pos"
"GO:0002228","natural killer cell mediated immunity","18/773","83/18842",0.216867469879518,5.2861796474384,8.09429888875505,5.42251862895336e-09,2.19913255507553e-07,2.19913255507553e-07,"59067/914/3820/7409/10859/201633/9437/116449/114836/117157/441168/3824/57823/259197/4818/10666/10870/56253",18,"GO_BP",NA,"turquoise_hpv_pos"
"GO:0030101","natural killer cell activation","19/773","93/18842",0.204301075268817,4.97987174672064,7.95785752651387,5.88201323076285e-09,2.33189092530823e-07,2.33189092530823e-07,"6504/59067/962/914/9760/50615/7409/5788/3594/9437/116449/51744/4068/3561/3824/57823/259197/4818/26191",19,"GO_BP",NA,"turquoise_hpv_pos"
"GO:1990868","response to chemokine","20/773","103/18842",0.194174757281553,4.73304110827817,7.85747199761063,5.94153030284016e-09,2.33189092530823e-07,2.33189092530823e-07,"643/729230/1233/1237/2848/1234/6354/1240/51554/6370/1236/9750/4283/10663/6846/10563/6366/6363/2829/2833",20,"GO_BP",NA,"turquoise_hpv_pos"
"GO:1990869","cellular response to chemokine","20/773","103/18842",0.194174757281553,4.73304110827817,7.85747199761063,5.94153030284016e-09,2.33189092530823e-07,2.33189092530823e-07,"643/729230/1233/1237/2848/1234/6354/1240/51554/6370/1236/9750/4283/10663/6846/10563/6366/6363/2829/2833",20,"GO_BP",NA,"turquoise_hpv_pos"
"GO:0030890","positive regulation of B cell proliferation","12/773","35/18842",0.342857142857143,8.35719829975975,9.01075921193496,7.30013088189271e-09,2.83462528924557e-07,2.83462528924557e-07,"3071/59067/4773/54440/5788/115650/115352/972/23529/2048/596/10673",12,"GO_BP",NA,"turquoise_hpv_pos"
"GO:0070098","chemokine-mediated signaling pathway","19/773","95/18842",0.2,4.87503234152652,7.8315172215874,8.53034195601493e-09,3.27744717257416e-07,3.27744717257416e-07,"643/729230/1233/1237/2848/1234/6354/1240/51554/6370/1236/4283/10663/6846/10563/6366/6363/2829/2833",19,"GO_BP",NA,"turquoise_hpv_pos"
"GO:0033631","cell-cell adhesion mediated by integrin","11/773","29/18842",0.379310344827586,9.2457509925503,9.19125572985103,9.077110481521e-09,3.45119304766163e-07,3.45119304766163e-07,"83706/3689/3385/3676/3684/8631/3687/7412/3683/10563/916",11,"GO_BP",NA,"turquoise_hpv_pos"
"GO:0050672","negative regulation of lymphocyte proliferation","16/773","70/18842",0.228571428571429,5.57146553317317,7.925448710149,1.72108224621978e-08,6.47623731824969e-07,6.47623731824969e-07,"50943/7805/6693/11006/10859/151888/9750/1493/1378/4332/7940/23495/259307/56253/2213/26279",16,"GO_BP",NA,"turquoise_hpv_pos"
"GO:1903706","regulation of hemopoiesis","41/773","382/18842",0.107329842931937,2.61618227752078,6.60056080307278,1.97960374603294e-08,7.34473223810449e-07,7.34473223810449e-07,"3071/9290/50943/5764/914/939/10272/9760/969/729230/9840/11006/3458/115352/399/6422/30009/10859/3560/972/3902/920/3594/3662/246778/146433/150372/22806/8477/2124/714/1493/1378/3561/10538/56833/259307/56253/6363/7535/2213",41,"GO_BP",NA,"turquoise_hpv_pos"
"GO:0033627","cell adhesion mediated by integrin","17/773","80/18842",0.2125,5.17972186287193,7.74867549129784,1.99213285362286e-08,7.34473223810449e-07,7.34473223810449e-07,"3071/83706/3689/3385/5294/3676/3695/3684/64805/8631/3687/7412/3683/199920/10563/6366/916",17,"GO_BP",NA,"turquoise_hpv_pos"
"GO:0043373","CD4-positive, alpha-beta T cell lineage commitment","11/773","31/18842",0.354838709677419,8.64925092851479,8.81593695758488,2.06044017416257e-08,7.5206066356934e-07,7.5206066356934e-07,"50943/9760/969/6693/30009/4063/3594/3662/114836/3569/10538",11,"GO_BP",NA,"turquoise_hpv_pos"
"GO:0032945","negative regulation of mononuclear cell proliferation","16/773","71/18842",0.225352112676056,5.49299418763552,7.84505493494223,2.1381455433609e-08,7.72696161709632e-07,7.72696161709632e-07,"50943/7805/6693/11006/10859/151888/9750/1493/1378/4332/7940/23495/259307/56253/2213/26279",16,"GO_BP",NA,"turquoise_hpv_pos"
"GO:0002363","alpha-beta T cell lineage commitment","11/773","32/18842",0.34375,8.37896183699871,8.64073166390437,3.02380265268219e-08,1.07154171672718e-06,1.07154171672718e-06,"50943/9760/969/6693/30009/4063/3594/3662/114836/3569/10538",11,"GO_BP",NA,"turquoise_hpv_pos"
"GO:0043369","CD4-positive or CD8-positive, alpha-beta T cell lineage commitment","11/773","32/18842",0.34375,8.37896183699871,8.64073166390437,3.02380265268219e-08,1.07154171672718e-06,1.07154171672718e-06,"50943/9760/969/6693/30009/4063/3594/3662/114836/3569/10538",11,"GO_BP",NA,"turquoise_hpv_pos"
"GO:0072676","lymphocyte migration","19/773","103/18842",0.184466019417476,4.49638905286427,7.35935615997137,3.41651039346256e-08,1.19906374385946e-06,1.19906374385946e-06,"199/969/5294/729230/6693/3676/2848/30009/6354/1236/9750/2529/3683/131450/10563/6366/56253/7535/2833",19,"GO_BP",NA,"turquoise_hpv_pos"
"GO:0002274","myeloid leukocyte activation","29/773","222/18842",0.130630630630631,3.18414274559165,6.77083655371509,3.60899080966681e-08,1.25455394812227e-06,1.25455394812227e-06,"6504/3689/2208/146722/199/914/5294/3937/729230/5788/11006/3458/399/972/3684/8832/1794/116449/26228/5730/11280/1269/3569/8530/712/3603/10538/10666/2213",29,"GO_BP",NA,"turquoise_hpv_pos"
"GO:0071674","mononuclear cell migration","28/773","212/18842",0.132075471698113,3.21936098025336,6.72146763886809,4.88332621448287e-08,1.68152270593042e-06,1.68152270593042e-06,"199/969/5294/729230/6693/3676/2848/30009/1234/6354/1240/64805/1236/120425/9750/146433/26228/2529/3569/3683/131450/10563/56833/6366/56253/6363/7535/2833",28,"GO_BP",NA,"turquoise_hpv_pos"
"GO:0045123","cellular extravasation","15/773","66/18842",0.227272727272727,5.53980947900741,7.641572178398,5.22254448526839e-08,1.78152218422707e-06,1.78152218422707e-06,"3689/6403/5294/6402/729230/6693/3676/3695/6370/120425/9750/2529/7412/3683/6366",15,"GO_BP",NA,"turquoise_hpv_pos"
"GO:0031295","T cell costimulation","12/773","41/18842",0.292682926829268,7.13419367052661,8.13267842164923,5.5070516932982e-08,1.86117950745726e-06,1.86117950745726e-06,"8740/126259/7409/115650/11006/921/1236/29851/940/6366/6363/959",12,"GO_BP",NA,"turquoise_hpv_pos"
"GO:0002577","regulation of antigen processing and presentation","9/773","21/18842",0.428571428571429,10.4464978746997,8.95846897572714,5.92627859000496e-08,1.97037723394271e-06,1.97037723394271e-06,"972/3111/1236/7454/1520/8530/6366/6363/2213",9,"GO_BP",NA,"turquoise_hpv_pos"
"GO:0006935","chemotaxis","44/773","443/18842",0.0993227990970655,2.42100928924568,6.26002882769571,5.99210610870249e-08,1.97037723394271e-06,1.97037723394271e-06,"3071/3689/1800/5764/199/643/5294/729230/6693/1233/1237/2848/2047/2247/5168/1234/972/6354/9423/1240/920/51554/6370/64805/1236/51411/120425/9750/146433/4283/26228/10663/57556/7412/3569/6846/3603/10563/56833/6366/6363/2829/6585/2833",44,"GO_BP",NA,"turquoise_hpv_pos"
"GO:0042330","taxis","44/773","443/18842",0.0993227990970655,2.42100928924568,6.26002882769571,5.99210610870249e-08,1.97037723394271e-06,1.97037723394271e-06,"3071/3689/1800/5764/199/643/5294/729230/6693/1233/1237/2848/2047/2247/5168/1234/972/6354/9423/1240/920/51554/6370/64805/1236/51411/120425/9750/146433/4283/26228/10663/57556/7412/3569/6846/3603/10563/56833/6366/6363/2829/6585/2833",44,"GO_BP",NA,"turquoise_hpv_pos"
"GO:0002705","positive regulation of leukocyte mediated immunity","21/773","130/18842",0.161538461538462,3.93752612200219,6.9513310498243,7.34979974629446e-08,2.39524723874775e-06,2.39524723874775e-06,"6504/3689/59067/911/388325/30009/3684/3594/23529/116449/114836/117157/26228/910/3824/3569/924/259197/10666/912/56253",21,"GO_BP",NA,"turquoise_hpv_pos"
"GO:0031294","lymphocyte costimulation","12/773","42/18842",0.285714285714286,6.96433191646646,8.00354124606198,7.42390789138674e-08,2.39798794721784e-06,2.39798794721784e-06,"8740/126259/7409/115650/11006/921/1236/29851/940/6366/6363/959",12,"GO_BP",NA,"turquoise_hpv_pos"
"GO:0002360","T cell lineage commitment","11/773","35/18842",0.314285714285714,7.6607651081131,8.15779976440557,8.73506400522839e-08,2.79675294904242e-06,2.79675294904242e-06,"50943/9760/969/6693/30009/4063/3594/3662/114836/3569/10538",11,"GO_BP",NA,"turquoise_hpv_pos"
"GO:1903038","negative regulation of leukocyte cell-cell adhesion","22/773","144/18842",0.152777777777778,3.72398303866609,6.786763729352,1.00702963482362e-07,3.19622449313583e-06,3.19622449313583e-06,"50943/969/7805/6693/11006/5133/30009/10859/201633/3902/151888/6370/9750/79626/1493/1378/54900/26191/259307/6366/56253/26279",22,"GO_BP",NA,"turquoise_hpv_pos"
"GO:0070664","negative regulation of leukocyte proliferation","16/773","79/18842",0.20253164556962,4.93674161167243,7.25227025962951,1.05986651626576e-07,3.33492481411208e-06,3.33492481411208e-06,"50943/7805/6693/11006/10859/151888/9750/1493/1378/4332/7940/23495/259307/56253/2213/26279",16,"GO_BP",NA,"turquoise_hpv_pos"
"GO:0045580","regulation of T cell differentiation","24/773","169/18842",0.142011834319527,3.46156142593599,6.64846893957926,1.1110964939855e-07,3.46624119918553e-06,3.46624119918553e-06,"3071/50943/914/939/9760/969/729230/9840/11006/399/30009/3902/3594/3662/246778/8477/1493/1378/3561/10538/259307/56253/6363/7535",24,"GO_BP",NA,"turquoise_hpv_pos"
"GO:0050855","regulation of B cell receptor signaling pathway","9/773","23/18842",0.391304347826087,9.53810675516058,8.47426206457569,1.53002452143354e-07,4.73270296884104e-06,4.73270296884104e-06,"933/930/971/115352/921/150372/26228/26191/2213",9,"GO_BP",NA,"turquoise_hpv_pos"
"GO:0019884","antigen processing and presentation of exogenous antigen","12/773","45/18842",0.266666666666667,6.50004312203536,7.64016509876865,1.72392691493873e-07,5.28767499119862e-06,5.28767499119862e-06,"50856/911/3115/3111/910/1520/219972/3117/912/3109/2213/3120",12,"GO_BP",NA,"turquoise_hpv_pos"
"GO:0050868","negative regulation of T cell activation","20/773","125/18842",0.16,3.90002587322122,6.7284250913004,1.76146828700894e-07,5.35779937298552e-06,5.35779937298552e-06,"50943/969/7805/6693/11006/5133/30009/10859/201633/3902/151888/9750/79626/1493/1378/54900/26191/259307/56253/26279",20,"GO_BP",NA,"turquoise_hpv_pos"
"GO:0002715","regulation of natural killer cell mediated immunity","13/773","55/18842",0.236363636363636,5.76140185816771,7.31412076782663,2.48159648064773e-07,7.48580756559026e-06,7.48580756559026e-06,"59067/3820/10859/201633/9437/116449/114836/117157/441168/3824/259197/10666/56253",13,"GO_BP",NA,"turquoise_hpv_pos"
"GO:0030595","leukocyte chemotaxis","27/773","217/18842",0.124423963133641,3.03285422168701,6.22963533445583,2.8966980274638e-07,8.66635065593678e-06,8.66635065593678e-06,"3071/3689/1800/5764/199/5294/729230/2848/1234/972/6354/1240/920/6370/1236/120425/9750/146433/4283/26228/3569/3603/10563/56833/6366/6363/2833",27,"GO_BP",NA,"turquoise_hpv_pos"
"GO:0050871","positive regulation of B cell activation","14/773","65/18842",0.215384615384615,5.25003482933625,7.09922150795623,2.96654075060419e-07,8.80314938187422e-06,8.80314938187422e-06,"3071/59067/4773/939/54440/5788/115650/115352/972/23529/2048/3569/596/10673",14,"GO_BP",NA,"turquoise_hpv_pos"
"GO:0043367","CD4-positive, alpha-beta T cell differentiation","18/773","107/18842",0.168224299065421,4.10049449287277,6.65228224345097,3.34253455616604e-07,9.83891220161777e-06,9.83891220161777e-06,"3071/50943/59067/9760/969/6693/30009/4063/3594/3662/246778/29851/114836/8477/3569/10538/8807/6363",18,"GO_BP",NA,"turquoise_hpv_pos"
"GO:0042267","natural killer cell mediated cytotoxicity","15/773","77/18842",0.194805194805195,4.74840812486349,6.81698928817477,4.5099147698308e-07,1.31689511279059e-05,1.31689511279059e-05,"59067/914/3820/7409/10859/201633/9437/114836/3824/57823/259197/4818/10666/10870/56253",15,"GO_BP",NA,"turquoise_hpv_pos"
"GO:0045577","regulation of B cell differentiation","9/773","26/18842",0.346153846153846,8.43755597571898,7.84924584696452,5.23556752241758e-07,1.51665249657335e-05,1.51665249657335e-05,"3071/939/115352/6422/150372/22806/1378/56833/259307",9,"GO_BP",NA,"turquoise_hpv_pos"
"GO:0002701","negative regulation of production of molecular mediator of immune response","10/773","34/18842",0.294117647058824,7.16916520812724,7.44679183534962,6.82356287600568e-07,1.96110271633234e-05,1.96110271633234e-05,"50943/6504/933/11006/115352/30009/10859/151888/1378/2213",10,"GO_BP",NA,"turquoise_hpv_pos"
"GO:0006968","cellular defense response","12/773","51/18842",0.235294117647059,5.73533216650179,7.00382446878271,7.58770793159305e-07,2.16368233986833e-05,2.16368233986833e-05,"729230/10219/6693/50852/1234/653361/9437/4283/5551/4068/4332/3702",12,"GO_BP",NA,"turquoise_hpv_pos"
"GO:0002468","dendritic cell antigen processing and presentation","7/773","15/18842",0.466666666666667,11.3750754635619,8.31421010676091,9.18172016654229e-07,2.59792857425421e-05,2.59792857425421e-05,"50856/972/1236/219972/6366/6363/2213",7,"GO_BP",NA,"turquoise_hpv_pos"
"GO:0035710","CD4-positive, alpha-beta T cell activation","19/773","127/18842",0.149606299212598,3.64667773578755,6.18988629885317,1.0312785230969e-06,2.89551277638745e-05,2.89551277638745e-05,"3071/50943/59067/9760/969/6693/30009/4063/3594/3662/246778/29851/114836/8477/3569/4818/10538/8807/6363",19,"GO_BP",NA,"turquoise_hpv_pos"
"GO:0002295","T-helper cell lineage commitment","9/773","28/18842",0.321428571428571,7.83487340602476,7.48589245682483,1.07487338733015e-06,2.99487623187409e-05,2.99487623187409e-05,"969/6693/30009/4063/3594/3662/114836/3569/10538",9,"GO_BP",NA,"turquoise_hpv_pos"
"GO:0031343","positive regulation of cell killing","13/773","62/18842",0.209677419354839,5.11092100321329,6.70597368538128,1.08970636610993e-06,3.01320320931914e-05,3.01320320931914e-05,"59067/911/3684/3594/114836/26228/5551/910/3824/259197/10666/912/56253",13,"GO_BP",NA,"turquoise_hpv_pos"
"GO:0045730","respiratory burst","10/773","36/18842",0.277777777777778,6.77087825212017,7.16835672600011,1.22774807560266e-06,3.36938381650354e-05,3.36938381650354e-05,"5294/654816/3512/3493/1043/653361/3494/56833/654817/1536",10,"GO_BP",NA,"turquoise_hpv_pos"
"GO:0042093","T-helper cell differentiation","16/773","94/18842",0.170212765957447,4.14896369491619,6.33036528004546,1.27010563693104e-06,3.45961610059576e-05,3.45961610059576e-05,"50943/59067/969/6693/30009/4063/3594/3662/246778/29851/114836/8477/3569/10538/8807/6363",16,"GO_BP",NA,"turquoise_hpv_pos"
"GO:0002367","cytokine production involved in immune response","16/773","96/18842",0.166666666666667,4.0625269512721,6.22208432067704,1.69788059397442e-06,4.55681188824016e-05,4.55681188824016e-05,"50943/6504/729230/7805/11006/388325/30009/10859/7133/972/151888/116449/441168/3569/924/10666",16,"GO_BP",NA,"turquoise_hpv_pos"
"GO:0002718","regulation of cytokine production involved in immune response","16/773","96/18842",0.166666666666667,4.0625269512721,6.22208432067704,1.69788059397442e-06,4.55681188824016e-05,4.55681188824016e-05,"50943/6504/729230/7805/11006/388325/30009/10859/7133/972/151888/116449/441168/3569/924/10666",16,"GO_BP",NA,"turquoise_hpv_pos"
"GO:0002685","regulation of leukocyte migration","25/773","210/18842",0.119047619047619,2.90180496519436,5.73218963256628,1.80521584967264e-06,4.80951667978476e-05,4.80951667978476e-05,"3071/5764/199/6403/969/729230/6693/3676/972/6354/1240/6370/64805/1236/9750/146433/26228/2529/3569/131450/10563/56833/6366/6363/2833",25,"GO_BP",NA,"turquoise_hpv_pos"
"GO:0002708","positive regulation of lymphocyte mediated immunity","17/773","108/18842",0.157407407407407,3.83683100953476,6.11511668179736,1.84572050180589e-06,4.88179697941412e-05,4.88179697941412e-05,"6504/59067/911/30009/3594/23529/116449/114836/117157/910/3824/3569/924/259197/10666/912/56253",17,"GO_BP",NA,"turquoise_hpv_pos"
"GO:0050901","leukocyte tethering or rolling","9/773","30/18842",0.3,7.31254851228978,7.15686019871821,2.06799726985232e-06,5.43035254313739e-05,5.43035254313739e-05,"6403/6402/6693/3676/3695/6370/2529/7412/6366",9,"GO_BP",NA,"turquoise_hpv_pos"
"GO:0046634","regulation of alpha-beta T cell activation","16/773","100/18842",0.16,3.90002587322122,6.01407124476583,2.96136655258936e-06,7.72070565496511e-05,7.72070565496511e-05,"3071/50943/969/729230/11006/30009/10859/64926/3594/3662/246778/8477/10538/56253/6363/10148",16,"GO_BP",NA,"turquoise_hpv_pos"
"GO:0050857","positive regulation of antigen receptor-mediated signaling pathway","8/773","24/18842",0.333333333333333,8.1250539025442,7.22406601139451,3.17082949724974e-06,8.2081756489089e-05,8.2081756489089e-05,"5788/9840/50852/1236/150372/26228/940/10666",8,"GO_BP",NA,"turquoise_hpv_pos"
"GO:0072678","T cell migration","13/773","68/18842",0.191176470588235,4.6599573852827,6.25355164905586,3.2785098533247e-06,8.42715560889799e-05,8.42715560889799e-05,"199/969/5294/729230/6693/3676/9750/3683/131450/10563/6366/7535/2833",13,"GO_BP",NA,"turquoise_hpv_pos"
"GO:0042130","negative regulation of T cell proliferation","12/773","59/18842",0.203389830508475,4.95766000833205,6.2973331827161,3.95823925709394e-06,9.964525298868e-05,9.964525298868e-05,"50943/7805/6693/11006/10859/151888/9750/1493/1378/259307/56253/26279",12,"GO_BP",NA,"turquoise_hpv_pos"
"GO:0061756","leukocyte adhesion to vascular endothelial cell","12/773","59/18842",0.203389830508475,4.95766000833205,6.2973331827161,3.95823925709394e-06,9.964525298868e-05,9.964525298868e-05,"3689/6403/6402/6693/3676/3695/3684/6370/2529/7412/3569/6366",12,"GO_BP",NA,"turquoise_hpv_pos"
"GO:0002702","positive regulation of production of molecular mediator of immune response","17/773","114/18842",0.149122807017544,3.63489253534872,5.8363898732345,3.95851005023523e-06,9.964525298868e-05,9.964525298868e-05,"6504/59067/7805/54440/5788/388325/30009/10859/972/23529/116449/2048/51744/3569/924/51237/10666",17,"GO_BP",NA,"turquoise_hpv_pos"
"GO:0050869","negative regulation of B cell activation","8/773","25/18842",0.32,7.80005174644243,7.03690506924592,4.49582135113694e-06,0.000111630938310543,0.000111630938310543,"55024/7805/6422/1493/1378/4332/23495/2213",8,"GO_BP",NA,"turquoise_hpv_pos"
"GO:0072540","T-helper 17 cell lineage commitment","8/773","25/18842",0.32,7.80005174644243,7.03690506924592,4.49582135113694e-06,0.000111630938310543,0.000111630938310543,"969/30009/4063/3594/3662/114836/3569/10538",8,"GO_BP",NA,"turquoise_hpv_pos"
"GO:0097529","myeloid leukocyte migration","24/773","207/18842",0.115942028985507,2.82610570523277,5.46413033946686,4.59887030948259e-06,0.000113418085335213,0.000113418085335213,"3071/3689/1800/199/5294/729230/972/6354/1240/6370/64805/1236/120425/9750/146433/4283/26228/2529/3569/131450/10563/56833/6366/6363",24,"GO_BP",NA,"turquoise_hpv_pos"
"GO:0001912","positive regulation of leukocyte mediated cytotoxicity","12/773","60/18842",0.2,4.87503234152652,6.21805703697996,4.76504552413053e-06,0.000116727625255547,0.000116727625255547,"59067/911/3684/3594/114836/26228/910/3824/259197/10666/912/56253",12,"GO_BP",NA,"turquoise_hpv_pos"
"GO:0002287","alpha-beta T cell activation involved in immune response","14/773","81/18842",0.172839506172839,4.21299091243033,5.99375073421087,4.82757745740948e-06,0.000117471051463631,0.000117471051463631,"50943/8320/969/6693/30009/4063/3594/3662/246778/114836/3569/10538/8807/6363",14,"GO_BP",NA,"turquoise_hpv_pos"
"GO:0022408","negative regulation of cell-cell adhesion","23/773","194/18842",0.118556701030928,2.88983875915232,5.47247957475375,4.96742334844678e-06,0.00012007347829027,0.00012007347829027,"50943/969/7805/6693/11006/5133/30009/10859/201633/3902/151888/6370/654/9750/79626/1493/1378/54900/26191/259307/6366/56253/26279",23,"GO_BP",NA,"turquoise_hpv_pos"
"GO:0046629","gamma-delta T cell activation","7/773","19/18842",0.368421052631579,8.98032273439096,7.19825947019901,6.22437987929191e-06,0.000148490108231474,0.000148490108231474,"3071/6966/919/120425/917/916/3702",7,"GO_BP",NA,"turquoise_hpv_pos"
"GO:0071379","cellular response to prostaglandin stimulus","7/773","19/18842",0.368421052631579,8.98032273439096,7.19825947019901,6.22437987929191e-06,0.000148490108231474,0.000148490108231474,"5732/6422/8644/1236/6366/6363/1646",7,"GO_BP",NA,"turquoise_hpv_pos"
"GO:0050860","negative regulation of T cell receptor signaling pathway","9/773","34/18842",0.264705882352941,6.45224868731451,6.58140277318247,6.54144854890327e-06,0.000155040825996733,0.000155040825996733,"53347/7805/11006/84174/5133/3902/1493/4068/26191",9,"GO_BP",NA,"turquoise_hpv_pos"
"GO:0050727","regulation of inflammatory response","38/773","429/18842",0.0885780885780886,2.15910523284391,5.02300833475462,7.53894427386354e-06,0.000177529978061948,0.000177529978061948,"8740/59067/55450/969/729230/5788/51284/3587/3458/5133/7133/89790/6354/1240/920/653361/313/84699/1236/3818/26228/79626/2529/3957/3569/2853/8530/3603/4818/131450/118788/3003/81030/56833/338557/330/2213/26279",38,"GO_BP",NA,"turquoise_hpv_pos"
"GO:0006909","phagocytosis","25/773","228/18842",0.109649122807018,2.67271509952112,5.25586508719552,7.93488746974074e-06,0.000185656020926626,0.000185656020926626,"3071/6504/3689/2208/146722/199/3385/114786/7409/5788/3458/91937/3560/3684/5199/51411/1794/26228/122618/3561/3687/3683/3003/2213/55423",25,"GO_BP",NA,"turquoise_hpv_pos"
"GO:0032615","interleukin-12 production","11/773","53/18842",0.207547169811321,5.05899582611243,6.12039383640779,8.12643301587478e-06,0.000187730889290778,0.000187730889290778,"6504/7805/3458/388325/10859/1240/201633/1236/3603/6363/959",11,"GO_BP",NA,"turquoise_hpv_pos"
"GO:0032655","regulation of interleukin-12 production","11/773","53/18842",0.207547169811321,5.05899582611243,6.12039383640779,8.12643301587478e-06,0.000187730889290778,0.000187730889290778,"6504/7805/3458/388325/10859/1240/201633/1236/3603/6363/959",11,"GO_BP",NA,"turquoise_hpv_pos"
"GO:0097530","granulocyte migration","18/773","133/18842",0.135338345864662,3.29889406569464,5.50293211078279,8.42848541409063e-06,0.000193484099128496,0.000193484099128496,"3071/3689/1800/5294/972/6354/1240/6370/1236/120425/9750/146433/4283/2529/10563/56833/6366/6363",18,"GO_BP",NA,"turquoise_hpv_pos"
"GO:0007204","positive regulation of cytosolic calcium ion concentration","20/773","160/18842",0.125,3.04689521345407,5.37797254375933,9.19562984418284e-06,0.000209775305820421,0.000209775305820421,"5732/643/148/2099/729230/5026/1233/1237/1234/1240/1043/920/51554/1236/10663/10800/10563/338557/2829/2833",20,"GO_BP",NA,"turquoise_hpv_pos"
"GO:0002637","regulation of immunoglobulin production","11/773","54/18842",0.203703703703704,4.96531071822146,6.03543380236032,9.83075015870645e-06,0.000222591665499382,0.000222591665499382,"59067/933/54440/5788/115352/23529/2048/1378/3569/51237/2213",11,"GO_BP",NA,"turquoise_hpv_pos"
"GO:0002292","T cell differentiation involved in immune response","14/773","86/18842",0.162790697674419,3.96804958031228,5.70591013936762,9.94039492504091e-06,0.000222591665499382,0.000222591665499382,"50943/8320/969/6693/30009/4063/3594/3662/246778/114836/3569/10538/8807/6363",14,"GO_BP",NA,"turquoise_hpv_pos"
"GO:0002377","immunoglobulin production","14/773","86/18842",0.162790697674419,3.96804958031228,5.70591013936762,9.94039492504091e-06,0.000222591665499382,0.000222591665499382,"59067/933/54440/5788/115352/23529/2048/1378/3569/51237/10538/57379/959/2213",14,"GO_BP",NA,"turquoise_hpv_pos"
"GO:0001776","leukocyte homeostasis","13/773","75/18842",0.173333333333333,4.22502802932298,5.78817110682359,1.01559746698325e-05,0.000226032363078589,0.000226032363078589,"3071/50943/8740/202309/2322/972/4049/3957/3561/3569/27240/23495/10673",13,"GO_BP",NA,"turquoise_hpv_pos"
"GO:0050921","positive regulation of chemotaxis","18/773","135/18842",0.133333333333333,3.25002156101768,5.42657929836341,1.04051248509032e-05,0.000230173973974526,0.000230173973974526,"3071/5764/199/729230/2247/972/6354/1240/64805/1236/9750/146433/3569/3603/10563/6366/6363/2833",18,"GO_BP",NA,"turquoise_hpv_pos"
"GO:0019722","calcium-mediated signaling","24/773","219/18842",0.10958904109589,2.67125059809672,5.14533284874516,1.20975238805919e-05,0.000265999772073255,0.000265999772073255,"4773/5341/933/643/729230/5026/1233/5788/1237/84174/50852/1234/1240/51554/2903/64805/1236/255231/150372/10663/2899/5023/2829/2833",24,"GO_BP",NA,"turquoise_hpv_pos"
"GO:0007162","negative regulation of cell adhesion","29/773","295/18842",0.0983050847457627,2.39620233736049,4.99916182780054,1.31229403498255e-05,0.000286818756148881,0.000286818756148881,"50943/969/27299/7805/6693/5788/11006/5133/53616/30009/10859/201633/3902/151888/6370/654/9750/2048/79626/1493/57556/1378/54900/26191/54857/259307/6366/56253/26279",29,"GO_BP",NA,"turquoise_hpv_pos"
"GO:0071621","granulocyte chemotaxis","16/773","112/18842",0.142857142857143,3.48216595823323,5.44936126798288,1.32442522934897e-05,0.000287747148043079,0.000287747148043079,"3071/3689/1800/5294/972/6354/1240/6370/1236/120425/9750/146433/4283/10563/6366/6363",16,"GO_BP",NA,"turquoise_hpv_pos"
"GO:0002335","mature B cell differentiation","8/773","29/18842",0.275862068965517,6.72418254003658,6.38054988773704,1.54199840050577e-05,0.000333035157505683,0.000333035157505683,"59067/930/5450/3394/1378/3569/56833/2213",8,"GO_BP",NA,"turquoise_hpv_pos"
"GO:0002687","positive regulation of leukocyte migration","18/773","139/18842",0.129496402877698,3.15649576070062,5.27806865112527,1.56472121264576e-05,0.000335954848597473,0.000335954848597473,"3071/5764/199/729230/6693/3676/972/6354/1240/64805/1236/9750/146433/2529/3569/10563/6366/6363",18,"GO_BP",NA,"turquoise_hpv_pos"
"GO:0045088","regulation of innate immune response","40/773","482/18842",0.0829875518672199,2.02283499648403,4.70508444693657,2.02642858425464e-05,0.000432541773832132,0.000432541773832132,"51311/59067/146722/497189/3820/51284/115352/388325/5063/10859/149628/5199/201633/653361/3426/9437/7294/116449/114836/93978/117157/441168/1378/4332/3824/81793/1520/26253/5608/259197/118788/10666/26191/81030/56833/912/23547/56253/330/2213",40,"GO_BP",NA,"turquoise_hpv_pos"
"GO:0002690","positive regulation of leukocyte chemotaxis","14/773","92/18842",0.152173913043478,3.709263738118,5.38789625495984,2.19846967849956e-05,0.000463846160226017,0.000463846160226017,"3071/5764/199/729230/972/6354/1240/1236/9750/146433/3569/10563/6366/6363",14,"GO_BP",NA,"turquoise_hpv_pos"
"GO:0002478","antigen processing and presentation of exogenous peptide antigen","9/773","39/18842",0.230769230769231,5.62503731714599,5.98010259020358,2.19850371833153e-05,0.000463846160226017,0.000463846160226017,"50856/3115/3111/1520/219972/3117/3109/2213/3120",9,"GO_BP",NA,"turquoise_hpv_pos"
"GO:0001771","immunological synapse formation","5/773","10/18842",0.5,12.1875808538163,7.31918335741866,2.43417762832259e-05,0.000507699905335855,0.000507699905335855,"923/1236/5551/6366/6363",5,"GO_BP",NA,"turquoise_hpv_pos"
"GO:0002604","regulation of dendritic cell antigen processing and presentation","5/773","10/18842",0.5,12.1875808538163,7.31918335741866,2.43417762832259e-05,0.000507699905335855,0.000507699905335855,"972/1236/6366/6363/2213",5,"GO_BP",NA,"turquoise_hpv_pos"
"GO:0042269","regulation of natural killer cell mediated cytotoxicity","10/773","49/18842",0.204081632653061,4.97452279747604,5.76181935774538,2.44853142795938e-05,0.000507792029093849,0.000507792029093849,"59067/3820/10859/201633/9437/114836/3824/259197/10666/56253",10,"GO_BP",NA,"turquoise_hpv_pos"
"GO:1990266","neutrophil migration","14/773","93/18842",0.150537634408602,3.66937918179415,5.3374934080385,2.49191263207225e-05,0.000513868989099644,0.000513868989099644,"3071/3689/1800/5294/972/1236/120425/9750/4283/2529/10563/56833/6366/6363",14,"GO_BP",NA,"turquoise_hpv_pos"
"GO:0002688","regulation of leukocyte chemotaxis","16/773","118/18842",0.135593220338983,3.30510667222137,5.19526108932353,2.57843242354435e-05,0.000528723502580724,0.000528723502580724,"3071/5764/199/729230/972/6354/1240/1236/9750/146433/26228/3569/10563/56833/6366/6363",16,"GO_BP",NA,"turquoise_hpv_pos"
"GO:0034694","response to prostaglandin","8/773","31/18842",0.258064516129032,6.29036431164712,6.09726608396068,2.63506769282942e-05,0.000537318272560189,0.000537318272560189,"5732/6422/8644/1236/11280/6366/6363/1646",8,"GO_BP",NA,"turquoise_hpv_pos"
"GO:0002369","T cell cytokine production","9/773","40/18842",0.225,5.48441138421734,5.87229792155743,2.73435438411436e-05,0.000551402955912565,0.000551402955912565,"50943/6504/729230/11006/30009/7133/151888/3569/924",9,"GO_BP",NA,"turquoise_hpv_pos"
"GO:0002724","regulation of T cell cytokine production","9/773","40/18842",0.225,5.48441138421734,5.87229792155743,2.73435438411436e-05,0.000551402955912565,0.000551402955912565,"50943/6504/729230/11006/30009/7133/151888/3569/924",9,"GO_BP",NA,"turquoise_hpv_pos"
"GO:0032613","interleukin-10 production","11/773","60/18842",0.183333333333333,4.46877964639931,5.56616507658081,2.81291074528899e-05,0.000557995881538305,0.000557995881538305,"50943/11006/10859/201633/3662/246778/940/3569/10148/959/2213",11,"GO_BP",NA,"turquoise_hpv_pos"
"GO:0032653","regulation of interleukin-10 production","11/773","60/18842",0.183333333333333,4.46877964639931,5.56616507658081,2.81291074528899e-05,0.000557995881538305,0.000557995881538305,"50943/11006/10859/201633/3662/246778/940/3569/10148/959/2213",11,"GO_BP",NA,"turquoise_hpv_pos"
"GO:0034113","heterotypic cell-cell adhesion","11/773","60/18842",0.183333333333333,4.46877964639931,5.56616507658081,2.81291074528899e-05,0.000557995881538305,0.000557995881538305,"3689/914/3676/3695/3684/8631/4897/3687/7412/131450/912",11,"GO_BP",NA,"turquoise_hpv_pos"
"GO:0001913","T cell mediated cytotoxicity","10/773","50/18842",0.2,4.87503234152652,5.67477301149098,2.94927891605144e-05,0.000581884759112852,0.000581884759112852,"3071/911/5788/10859/3594/5551/910/3824/912/2213",10,"GO_BP",NA,"turquoise_hpv_pos"
"GO:0002717","positive regulation of natural killer cell mediated immunity","8/773","32/18842",0.25,6.09379042690815,5.96480605312093,3.38789642711897e-05,0.000664829137579798,0.000664829137579798,"59067/116449/114836/117157/3824/259197/10666/56253",8,"GO_BP",NA,"turquoise_hpv_pos"
"GO:0002407","dendritic cell chemotaxis","7/773","24/18842",0.291666666666667,7.10942216472618,6.19432071857015,3.57213473907862e-05,0.000693526159448775,0.000693526159448775,"5294/729230/1234/1236/56833/6366/6363",7,"GO_BP",NA,"turquoise_hpv_pos"
"GO:0032703","negative regulation of interleukin-2 production","7/773","24/18842",0.291666666666667,7.10942216472618,6.19432071857015,3.57213473907862e-05,0.000693526159448775,0.000693526159448775,"50943/84636/7805/5788/11006/30009/1378",7,"GO_BP",NA,"turquoise_hpv_pos"
"GO:0002821","positive regulation of adaptive immune response","15/773","110/18842",0.136363636363636,3.32388568740445,5.05584431244705,4.27978361341425e-05,0.000826519057617038,0.000826519057617038,"6504/911/729230/54440/30009/920/3594/23529/93978/8631/910/3569/924/10666/912",15,"GO_BP",NA,"turquoise_hpv_pos"
"GO:0050859","negative regulation of B cell receptor signaling pathway","5/773","11/18842",0.454545454545455,11.0796189580148,6.9163733447931,4.31177567374469e-05,0.000828314800482533,0.000828314800482533,"933/971/115352/921/2213",5,"GO_BP",NA,"turquoise_hpv_pos"
"GO:0001914","regulation of T cell mediated cytotoxicity","9/773","43/18842",0.209302325581395,5.10177803183008,5.56946746679487,5.0505884023415e-05,0.000957730324895197,0.000957730324895197,"3071/911/5788/10859/3594/910/3824/912/2213",9,"GO_BP",NA,"turquoise_hpv_pos"
"GO:0045622","regulation of T-helper cell differentiation","9/773","43/18842",0.209302325581395,5.10177803183008,5.56946746679487,5.0505884023415e-05,0.000957730324895197,0.000957730324895197,"50943/969/30009/3594/3662/246778/8477/10538/6363",9,"GO_BP",NA,"turquoise_hpv_pos"
"GO:0030593","neutrophil chemotaxis","12/773","75/18842",0.16,3.90002587322122,5.20486824170135,5.064163087802e-05,0.000957730324895197,0.000957730324895197,"3071/3689/1800/5294/972/1236/120425/9750/4283/10563/6366/6363",12,"GO_BP",NA,"turquoise_hpv_pos"
"GO:0032623","interleukin-2 production","11/773","64/18842",0.171875,4.18948091849935,5.28639962744382,5.25765517619589e-05,0.000984125199646924,0.000984125199646924,"50943/84636/729230/7805/5788/11006/30009/920/3662/940/1378",11,"GO_BP",NA,"turquoise_hpv_pos"
"GO:0032663","regulation of interleukin-2 production","11/773","64/18842",0.171875,4.18948091849935,5.28639962744382,5.25765517619589e-05,0.000984125199646924,0.000984125199646924,"50943/84636/729230/7805/5788/11006/30009/920/3662/940/1378",11,"GO_BP",NA,"turquoise_hpv_pos"
"GO:0050920","regulation of chemotaxis","21/773","196/18842",0.107142857142857,2.61162446867492,4.69108941592531,5.81481335994113e-05,0.00108286065121353,0.00108286065121353,"3071/5764/199/729230/2247/972/6354/1240/64805/1236/9750/146433/26228/3569/3603/10563/56833/6366/6363/6585/2833",21,"GO_BP",NA,"turquoise_hpv_pos"
"GO:0002347","response to tumor cell","10/773","54/18842",0.185185185185185,4.51391883474678,5.34838907239371,5.92466063513952e-05,0.00109217228880097,0.00109217228880097,"7805/5133/3902/151888/5551/1612/4818/10666/259307/56253",10,"GO_BP",NA,"turquoise_hpv_pos"
"GO:0043370","regulation of CD4-positive, alpha-beta T cell differentiation","10/773","54/18842",0.185185185185185,4.51391883474678,5.34838907239371,5.92466063513952e-05,0.00109217228880097,0.00109217228880097,"3071/50943/969/30009/3594/3662/246778/8477/10538/6363",10,"GO_BP",NA,"turquoise_hpv_pos"
"GO:2000404","regulation of T cell migration","9/773","44/18842",0.204545454545455,4.98582853110667,5.47474366826898,6.12044595107964e-05,0.00112259435786134,0.00112259435786134,"199/969/729230/6693/3676/9750/131450/10563/6366",9,"GO_BP",NA,"turquoise_hpv_pos"
"GO:0033622","integrin activation","7/773","26/18842",0.269230769230769,6.56254353667031,5.87044613799335,6.31921520769671e-05,0.00115325677540465,0.00115325677540465,"83706/6403/5341/64805/8631/51237/10563",7,"GO_BP",NA,"turquoise_hpv_pos"
"GO:0046637","regulation of alpha-beta T cell differentiation","11/773","66/18842",0.166666666666667,4.0625269512721,5.15495658014964,7.04904642252592e-05,0.00128005071851839,0.00128005071851839,"3071/50943/969/11006/30009/3594/3662/246778/8477/10538/6363",11,"GO_BP",NA,"turquoise_hpv_pos"
"GO:0001768","establishment of T cell polarity","5/773","12/18842",0.416666666666667,10.1563173781803,6.56237378548354,7.14195378763781e-05,0.00129050155073654,0.00129050155073654,"1236/9750/6366/56253/6363",5,"GO_BP",NA,"turquoise_hpv_pos"
"GO:1902107","positive regulation of leukocyte differentiation","19/773","170/18842",0.111764705882353,2.72428277908835,4.67102503477224,7.31685643141786e-05,0.00130914343013114,0.00130914343013114,"3071/50943/939/9840/11006/3458/399/3560/972/920/3594/146433/8477/2124/1378/3561/259307/6363/7535",19,"GO_BP",NA,"turquoise_hpv_pos"
"GO:1903708","positive regulation of hemopoiesis","19/773","170/18842",0.111764705882353,2.72428277908835,4.67102503477224,7.31685643141786e-05,0.00130914343013114,0.00130914343013114,"3071/50943/939/9840/11006/3458/399/3560/972/920/3594/146433/8477/2124/1378/3561/259307/6363/7535",19,"GO_BP",NA,"turquoise_hpv_pos"
"GO:0019886","antigen processing and presentation of exogenous peptide antigen via MHC class II","7/773","27/18842",0.259259259259259,6.31948636864549,5.72102879800908,8.23067796860334e-05,0.00146546217489767,0.00146546217489767,"3115/3111/1520/3117/3109/2213/3120",7,"GO_BP",NA,"turquoise_hpv_pos"
"GO:0001774","microglial cell activation","9/773","46/18842",0.195652173913043,4.76905337758029,5.29362470499729,8.83858734941776e-05,0.00155849487079105,0.00155849487079105,"3689/199/5788/3458/3684/26228/3569/8530/712",9,"GO_BP",NA,"turquoise_hpv_pos"
"GO:0002269","leukocyte activation involved in inflammatory response","9/773","46/18842",0.195652173913043,4.76905337758029,5.29362470499729,8.83858734941776e-05,0.00155849487079105,0.00155849487079105,"3689/199/5788/3458/3684/26228/3569/8530/712",9,"GO_BP",NA,"turquoise_hpv_pos"
"GO:0050777","negative regulation of immune response","21/773","202/18842",0.103960396039604,2.53405146465487,4.53385183254002,8.99989277342826e-05,0.00157930810687563,0.00157930810687563,"3071/50943/6504/969/729230/5788/11006/5133/30009/10859/201633/3902/151888/1378/1379/3824/1380/56833/259307/10148/2213",21,"GO_BP",NA,"turquoise_hpv_pos"
"GO:0002312","B cell activation involved in immune response","12/773","80/18842",0.15,3.65627425614489,4.92439638378541,9.68427938842867e-05,0.00169127367309879,0.00169127367309879,"59067/930/202309/23529/5450/3394/1378/3569/10538/4064/959/2213",12,"GO_BP",NA,"turquoise_hpv_pos"
"GO:0007259","cell surface receptor signaling pathway via JAK-STAT","17/773","146/18842",0.116438356164384,2.83820376047777,4.61179921677113,0.000104143734371484,0.00181011728788532,0.00181011728788532,"59067/729230/50615/5788/3587/3458/2322/3560/1439/3594/246778/23529/2048/3568/3561/3569/10148",17,"GO_BP",NA,"turquoise_hpv_pos"
"GO:0001767","establishment of lymphocyte polarity","5/773","13/18842",0.384615384615385,9.37506219524331,6.24770840954056,0.000112140735773195,0.00192166049564396,0.00192166049564396,"1236/9750/6366/56253/6363",5,"GO_BP",NA,"turquoise_hpv_pos"
"GO:0002725","negative regulation of T cell cytokine production","5/773","13/18842",0.384615384615385,9.37506219524331,6.24770840954056,0.000112140735773195,0.00192166049564396,0.00192166049564396,"50943/6504/11006/30009/151888",5,"GO_BP",NA,"turquoise_hpv_pos"
"GO:0071380","cellular response to prostaglandin E stimulus","5/773","13/18842",0.384615384615385,9.37506219524331,6.24770840954056,0.000112140735773195,0.00192166049564396,0.00192166049564396,"5732/6422/1236/6366/6363",5,"GO_BP",NA,"turquoise_hpv_pos"
"GO:0036037","CD8-positive, alpha-beta T cell activation","8/773","38/18842",0.210526315789474,5.13161299108055,5.27303888739518,0.000126675368046446,0.00216058454845574,0.00216058454845574,"3071/50856/8320/9760/11006/10859/944/56253",8,"GO_BP",NA,"turquoise_hpv_pos"
"GO:0036336","dendritic cell migration","7/773","29/18842",0.241379310344828,5.88365972253201,5.44364794036572,0.000134665617258994,0.002286183734862,0.002286183734862,"5294/729230/1234/1236/56833/6366/6363",7,"GO_BP",NA,"turquoise_hpv_pos"
"GO:0002237","response to molecule of bacterial origin","28/773","319/18842",0.0877742946708464,2.13951262637528,4.24554533462717,0.000136046162481462,0.00229892820859878,0.00229892820859878,"923/50943/6403/3587/388325/10859/7133/1234/389643/4049/1439/1236/654/356/4283/2048/26228/8564/1269/7412/3569/81793/2853/9450/8807/4064/26191/10563",28,"GO_BP",NA,"turquoise_hpv_pos"
"GO:0007229","integrin-mediated signaling pathway","14/773","109/18842",0.128440366972477,3.1307547147418,4.61442618644777,0.000147140723803739,0.00247494765844999,0.00247494765844999,"83706/3689/5764/5341/2533/3385/3676/3695/3684/3687/3683/199920/84106/959",14,"GO_BP",NA,"turquoise_hpv_pos"
"GO:0033630","positive regulation of cell adhesion mediated by integrin","6/773","21/18842",0.285714285714286,6.96433191646646,5.65620012234456,0.00014944973295086,0.00250225470307633,0.00250225470307633,"3071/64805/8631/10563/6366/916",6,"GO_BP",NA,"turquoise_hpv_pos"
"GO:0002418","immune response to tumor cell","8/773","39/18842",0.205128205128205,5.00003317079643,5.17198177772561,0.000153692227624028,0.00256153712706714,0.00256153712706714,"5133/3902/151888/5551/4818/10666/259307/56253",8,"GO_BP",NA,"turquoise_hpv_pos"
"GO:0035589","G protein-coupled purinergic nucleotide receptor signaling pathway","5/773","14/18842",0.357142857142857,8.70541489558307,5.96530445524746,0.000168561105166668,0.00279658197208336,0.00279658197208336,"53829/64805/9934/29909/286530",5,"GO_BP",NA,"turquoise_hpv_pos"
"GO:0035590","purinergic nucleotide receptor signaling pathway","7/773","30/18842",0.233333333333333,5.68753773178094,5.31450208378736,0.000169480076278628,0.00279910533220359,0.00279910533220359,"5026/53829/64805/9934/29909/5023/286530",7,"GO_BP",NA,"turquoise_hpv_pos"
"GO:0071675","regulation of mononuclear cell migration","16/773","138/18842",0.115942028985507,2.82610570523277,4.45320689079726,0.000173261816134125,0.00284867400400701,0.00284867400400701,"199/969/729230/6693/3676/6354/1240/64805/1236/9750/146433/26228/131450/10563/56833/6366",16,"GO_BP",NA,"turquoise_hpv_pos"
"GO:0034695","response to prostaglandin E","6/773","22/18842",0.272727272727273,6.64777137480889,5.48218013442353,0.000198401206689337,0.00324737401083444,0.00324737401083444,"5732/6422/1236/11280/6366/6363",6,"GO_BP",NA,"turquoise_hpv_pos"
"GO:0043299","leukocyte degranulation","11/773","74/18842",0.148648648648649,3.62333484843187,4.67665414768693,0.000203709289814424,0.00330461736810066,0.00330461736810066,"3071/3689/5294/729230/3684/8832/116449/5730/11280/4818/2213",11,"GO_BP",NA,"turquoise_hpv_pos"
"GO:0072538","T-helper 17 type immune response","11/773","74/18842",0.148648648648649,3.62333484843187,4.67665414768693,0.000203709289814424,0.00330461736810066,0.00330461736810066,"50943/969/30009/4063/3594/3662/114836/93978/2048/3569/10538",11,"GO_BP",NA,"turquoise_hpv_pos"
"GO:1902624","positive regulation of neutrophil migration","7/773","31/18842",0.225806451612903,5.50406877269123,5.19104245941928,0.000211226151089143,0.00341139580298836,0.00341139580298836,"3071/972/1236/9750/2529/6366/6363",7,"GO_BP",NA,"turquoise_hpv_pos"
"GO:1902622","regulation of neutrophil migration","8/773","41/18842",0.195121951219512,4.75612911368441,4.9798542127163,0.000222009069645875,0.00356974935774204,0.00356974935774204,"3071/972/1236/9750/2529/56833/6366/6363",8,"GO_BP",NA,"turquoise_hpv_pos"
"GO:0050766","positive regulation of phagocytosis","11/773","75/18842",0.146666666666667,3.57502371711945,4.62156537657911,0.000230017793694119,0.00368230239905059,0.00368230239905059,"3071/146722/5788/3458/3560/5199/1794/26228/3561/2213/55423",11,"GO_BP",NA,"turquoise_hpv_pos"
"GO:0002260","lymphocyte homeostasis","9/773","52/18842",0.173076923076923,4.21877798785949,4.80733035272374,0.000236931142662366,0.00375999422051147,0.00375999422051147,"3071/50943/8740/202309/972/3957/27240/23495/10673",9,"GO_BP",NA,"turquoise_hpv_pos"
"GO:0007157","heterophilic cell-cell adhesion","9/773","52/18842",0.173076923076923,4.21877798785949,4.80733035272374,0.000236931142662366,0.00375999422051147,0.00375999422051147,"923/6403/9378/6402/286204/120425/7412/3683/56253",9,"GO_BP",NA,"turquoise_hpv_pos"
"GO:0008037","cell recognition","15/773","128/18842",0.1171875,2.8564642626132,4.35896044853331,0.000243258005754598,0.00382745040569487,0.00382745040569487,"923/5199/921/1236/6900/2048/5551/4897/57453/259197/10666/3003/6366/56253/6363",15,"GO_BP",NA,"turquoise_hpv_pos"
"GO:0032695","negative regulation of interleukin-12 production","5/773","15/18842",0.333333333333333,8.1250539025442,5.70976041338708,0.000244327656034768,0.00382745040569487,0.00382745040569487,"6504/10859/1240/201633/1236",5,"GO_BP",NA,"turquoise_hpv_pos"
"GO:1903236","regulation of leukocyte tethering or rolling","5/773","15/18842",0.333333333333333,8.1250539025442,5.70976041338708,0.000244327656034768,0.00382745040569487,0.00382745040569487,"6403/3676/6370/2529/6366",5,"GO_BP",NA,"turquoise_hpv_pos"
"GO:0045576","mast cell activation","10/773","64/18842",0.15625,3.80861901681759,4.65514072776516,0.000259185771610018,0.00404285498451524,0.00404285498451524,"146722/5294/3937/399/8832/116449/5730/11280/1269/10666",10,"GO_BP",NA,"turquoise_hpv_pos"
"GO:0002495","antigen processing and presentation of peptide antigen via MHC class II","7/773","32/18842",0.21875,5.33206662354463,5.07283084952645,0.000260883363398169,0.00405201819746093,0.00405201819746093,"3115/3111/1520/3117/3109/2213/3120",7,"GO_BP",NA,"turquoise_hpv_pos"
"GO:0045582","positive regulation of T cell differentiation","13/773","102/18842",0.127450980392157,3.10663825685514,4.41245126991195,0.000271553748888566,0.00419987789594604,0.00419987789594604,"3071/50943/939/9840/11006/399/3594/8477/1378/3561/259307/6363/7535",13,"GO_BP",NA,"turquoise_hpv_pos"
"GO:0061900","glial cell activation","9/773","53/18842",0.169811320754717,4.13917840318289,4.73343875512841,0.000275147519642363,0.00423750399449209,0.00423750399449209,"3689/199/5788/3458/3684/26228/3569/8530/712",9,"GO_BP",NA,"turquoise_hpv_pos"
"GO:2000401","regulation of lymphocyte migration","10/773","65/18842",0.153846153846154,3.75002487809732,4.59361782808077,0.000295224705909952,0.00452760578391313,0.00452760578391313,"199/969/729230/6693/3676/6354/9750/131450/10563/6366",10,"GO_BP",NA,"turquoise_hpv_pos"
"GO:0002824","positive regulation of adaptive immune response based on somatic recombination of immune receptors built from immunoglobulin superfamily domains","13/773","103/18842",0.12621359223301,3.07647672038081,4.37066113413579,0.000299337560076859,0.0045714731978265,0.0045714731978265,"6504/911/729230/30009/920/3594/23529/93978/910/3569/924/10666/912",13,"GO_BP",NA,"turquoise_hpv_pos"
"GO:0032496","response to lipopolysaccharide","26/773","302/18842",0.0860927152317881,2.098523855624,3.98045539798678,0.000314920021013496,0.00478940865291358,0.00478940865291358,"923/50943/6403/3587/388325/10859/7133/1234/389643/4049/1439/1236/654/356/4283/2048/26228/8564/1269/7412/3569/9450/8807/4064/26191/10563",26,"GO_BP",NA,"turquoise_hpv_pos"
"GO:0072539","T-helper 17 cell differentiation","9/773","54/18842",0.166666666666667,4.0625269512721,4.6613443424271,0.000318327702300557,0.00481907209176283,0.00481907209176283,"50943/969/30009/4063/3594/3662/114836/3569/10538",9,"GO_BP",NA,"turquoise_hpv_pos"
"GO:0002834","regulation of response to tumor cell","7/773","33/18842",0.212121212121212,5.17048884707358,4.95947543677142,0.000319511081152495,0.00481907209176283,0.00481907209176283,"5133/3902/151888/1612/10666/259307/56253",7,"GO_BP",NA,"turquoise_hpv_pos"
"GO:0090023","positive regulation of neutrophil chemotaxis","6/773","24/18842",0.25,6.09379042690815,5.16457542574579,0.000333650772502972,0.00501162682977715,0.00501162682977715,"3071/972/1236/9750/6366/6363",6,"GO_BP",NA,"turquoise_hpv_pos"
"GO:0097553","calcium ion transmembrane import into cytosol","18/773","176/18842",0.102272727272727,2.49291426555333,4.11566705043616,0.000342115774016459,0.0050887382961077,0.0050887382961077,"930/5026/5788/1812/2247/1234/920/931/2903/1236/356/8911/4283/55503/5023/6366/6363/2833",18,"GO_BP",NA,"turquoise_hpv_pos"
"GO:0002399","MHC class II protein complex assembly","5/773","16/18842",0.3125,7.61723803363519,5.47686939027254,0.000343431081636806,0.0050887382961077,0.0050887382961077,"3115/3111/3117/3109/3120",5,"GO_BP",NA,"turquoise_hpv_pos"
"GO:0002503","peptide antigen assembly with MHC class II protein complex","5/773","16/18842",0.3125,7.61723803363519,5.47686939027254,0.000343431081636806,0.0050887382961077,0.0050887382961077,"3115/3111/3117/3109/3120",5,"GO_BP",NA,"turquoise_hpv_pos"
"GO:0002833","positive regulation of response to biotic stimulus","33/773","424/18842",0.0778301886792453,1.89712343479216,3.86445770351377,0.000344361194284548,0.0050887382961077,0.0050887382961077,"51311/59067/146722/497189/51284/115352/388325/5063/149628/5199/654/7294/116449/114836/93978/117157/4332/3824/81793/1520/26253/5608/259197/118788/10666/9450/4064/26191/81030/912/23547/56253/330",33,"GO_BP",NA,"turquoise_hpv_pos"
"GO:0002920","regulation of humoral immune response","8/773","44/18842",0.181818181818182,4.43184758320593,4.71382190176761,0.000369457068622458,0.00541573614647378,0.00541573614647378,"5199/3426/1236/1378/1379/1380/10563/2213",8,"GO_BP",NA,"turquoise_hpv_pos"
"GO:0006911","phagocytosis, engulfment","8/773","44/18842",0.181818181818182,4.43184758320593,4.71382190176761,0.000369457068622458,0.00541573614647378,0.00541573614647378,"3071/3689/199/114786/91937/3684/51411/26228",8,"GO_BP",NA,"turquoise_hpv_pos"
"GO:0002504","antigen processing and presentation of peptide or polysaccharide antigen via MHC class II","7/773","34/18842",0.205882352941176,5.01841564568906,4.85062464884817,0.000388248972740176,0.00562344742262556,0.00562344742262556,"3115/3111/1520/3117/3109/2213/3120",7,"GO_BP",NA,"turquoise_hpv_pos"
"GO:0002825","regulation of T-helper 1 type immune response","7/773","34/18842",0.205882352941176,5.01841564568906,4.85062464884817,0.000388248972740176,0.00562344742262556,0.00562344742262556,"6504/729230/30009/3594/246778/6363/10148",7,"GO_BP",NA,"turquoise_hpv_pos"
"GO:0031342","negative regulation of cell killing","7/773","34/18842",0.205882352941176,5.01841564568906,4.85062464884817,0.000388248972740176,0.00562344742262556,0.00562344742262556,"3071/5788/10859/201633/1378/3824/2213",7,"GO_BP",NA,"turquoise_hpv_pos"
"GO:0150076","neuroinflammatory response","11/773","80/18842",0.1375,3.35158473479948,4.35954056228292,0.000408711783077005,0.00589643481514255,0.00589643481514255,"3689/199/5788/3458/7133/3684/26228/3569/8530/712/131450",11,"GO_BP",NA,"turquoise_hpv_pos"
"GO:0002720","positive regulation of cytokine production involved in immune response","10/773","68/18842",0.147058823529412,3.58458260406362,4.41612267693512,0.000429339119284871,0.00616963695035347,0.00616963695035347,"6504/7805/388325/30009/10859/972/116449/3569/924/10666",10,"GO_BP",NA,"turquoise_hpv_pos"
"GO:0033628","regulation of cell adhesion mediated by integrin","8/773","45/18842",0.177777777777778,4.33336208135691,4.63040672054173,0.000433393937123255,0.00620348184509757,0.00620348184509757,"3071/83706/5294/64805/8631/10563/6366/916",8,"GO_BP",NA,"turquoise_hpv_pos"
"GO:0032735","positive regulation of interleukin-12 production","7/773","35/18842",0.2,4.87503234152652,4.74596197428799,0.000468317004886163,0.00660058227735443,0.00660058227735443,"7805/3458/388325/1236/3603/6363/959",7,"GO_BP",NA,"turquoise_hpv_pos"
"GO:0002523","leukocyte migration involved in inflammatory response","5/773","17/18842",0.294117647058824,7.16916520812724,5.26329887132027,0.00047017846359237,0.00660058227735443,0.00660058227735443,"3689/5764/30009/2529/56833",5,"GO_BP",NA,"turquoise_hpv_pos"
"GO:0033623","regulation of integrin activation","5/773","17/18842",0.294117647058824,7.16916520812724,5.26329887132027,0.00047017846359237,0.00660058227735443,0.00660058227735443,"6403/5341/64805/8631/10563",5,"GO_BP",NA,"turquoise_hpv_pos"
"GO:0050862","positive regulation of T cell receptor signaling pathway","5/773","17/18842",0.294117647058824,7.16916520812724,5.26329887132027,0.00047017846359237,0.00660058227735443,0.00660058227735443,"9840/50852/1236/940/10666",5,"GO_BP",NA,"turquoise_hpv_pos"
"GO:0060263","regulation of respiratory burst","5/773","17/18842",0.294117647058824,7.16916520812724,5.26329887132027,0.00047017846359237,0.00660058227735443,0.00660058227735443,"3512/3493/653361/3494/56833",5,"GO_BP",NA,"turquoise_hpv_pos"
"GO:0018108","peptidyl-tyrosine phosphorylation","14/773","122/18842",0.114754098360656,2.79714970415456,4.11894422963792,0.000480929979366316,0.00664335348145849,0.00664335348145849,"3689/59067/55024/3587/3458/6422/2322/57091/2048/640/3561/3569/91461/7535",14,"GO_BP",NA,"turquoise_hpv_pos"
"GO:0002713","negative regulation of B cell mediated immunity","4/773","10/18842",0.4,9.75006468305304,5.72450189557219,0.000484145760566564,0.00664335348145849,0.00664335348145849,"1378/1379/1380/2213",4,"GO_BP",NA,"turquoise_hpv_pos"
"GO:0002890","negative regulation of immunoglobulin mediated immune response","4/773","10/18842",0.4,9.75006468305304,5.72450189557219,0.000484145760566564,0.00664335348145849,0.00664335348145849,"1378/1379/1380/2213",4,"GO_BP",NA,"turquoise_hpv_pos"
"GO:0002923","regulation of humoral immune response mediated by circulating immunoglobulin","4/773","10/18842",0.4,9.75006468305304,5.72450189557219,0.000484145760566564,0.00664335348145849,0.00664335348145849,"1378/1379/1380/2213",4,"GO_BP",NA,"turquoise_hpv_pos"
"GO:0097048","dendritic cell apoptotic process","4/773","10/18842",0.4,9.75006468305304,5.72450189557219,0.000484145760566564,0.00664335348145849,0.00664335348145849,"10859/1236/6366/6363",4,"GO_BP",NA,"turquoise_hpv_pos"
"GO:2000668","regulation of dendritic cell apoptotic process","4/773","10/18842",0.4,9.75006468305304,5.72450189557219,0.000484145760566564,0.00664335348145849,0.00664335348145849,"10859/1236/6366/6363",4,"GO_BP",NA,"turquoise_hpv_pos"
"GO:1902106","negative regulation of leukocyte differentiation","13/773","109/18842",0.119266055045872,2.90712937797453,4.13013646375336,0.000522211644938659,0.00713884832968579,0.00713884832968579,"9290/50943/10272/969/11006/6422/30009/10859/3902/714/1493/1378/2213",13,"GO_BP",NA,"turquoise_hpv_pos"
"GO:0002719","negative regulation of cytokine production involved in immune response","6/773","26/18842",0.230769230769231,5.62503731714598,4.88104628350776,0.000532111100045938,0.00719335375988028,0.00719335375988028,"50943/6504/11006/30009/10859/151888",6,"GO_BP",NA,"turquoise_hpv_pos"
"GO:0045954","positive regulation of natural killer cell mediated cytotoxicity","6/773","26/18842",0.230769230769231,5.62503731714598,4.88104628350776,0.000532111100045938,0.00719335375988028,0.00719335375988028,"59067/114836/3824/259197/10666/56253",6,"GO_BP",NA,"turquoise_hpv_pos"
"GO:0071624","positive regulation of granulocyte chemotaxis","6/773","26/18842",0.230769230769231,5.62503731714598,4.88104628350776,0.000532111100045938,0.00719335375988028,0.00719335375988028,"3071/972/1236/9750/6366/6363",6,"GO_BP",NA,"turquoise_hpv_pos"
"GO:2000514","regulation of CD4-positive, alpha-beta T cell activation","10/773","70/18842",0.142857142857143,3.48216595823323,4.30327623588147,0.000544231955993531,0.00733006139991288,0.00733006139991288,"3071/50943/969/30009/3594/3662/246778/8477/10538/6363",10,"GO_BP",NA,"turquoise_hpv_pos"
"GO:0046635","positive regulation of alpha-beta T cell activation","9/773","58/18842",0.155172413793103,3.78235267877058,4.3894165642238,0.000550832523890775,0.00739168644191666,0.00739168644191666,"3071/50943/729230/11006/64926/3594/8477/6363/10148",9,"GO_BP",NA,"turquoise_hpv_pos"
"GO:2000107","negative regulation of leukocyte apoptotic process","7/773","36/18842",0.194444444444444,4.73961477648412,4.6452015732286,0.00056101498762205,0.00747337483511125,0.00747337483511125,"10859/1234/972/171558/1236/6366/6363",7,"GO_BP",NA,"turquoise_hpv_pos"
"GO:2000316","regulation of T-helper 17 type immune response","7/773","36/18842",0.194444444444444,4.73961477648412,4.6452015732286,0.00056101498762205,0.00747337483511125,0.00747337483511125,"50943/969/30009/3594/93978/2048/10538",7,"GO_BP",NA,"turquoise_hpv_pos"
"GO:0018212","peptidyl-tyrosine modification","14/773","124/18842",0.112903225806452,2.75203438634562,4.04853976702328,0.00056745524409585,0.00753167869436311,0.00753167869436311,"3689/59067/55024/3587/3458/6422/2322/57091/2048/640/3561/3569/91461/7535",14,"GO_BP",NA,"turquoise_hpv_pos"
"GO:0032620","interleukin-17 production","8/773","47/18842",0.170212765957447,4.14896369491619,4.47064391981956,0.000588210449660744,0.0077507875135802,0.0077507875135802,"3071/50943/59067/3458/4063/3594/114836/3569",8,"GO_BP",NA,"turquoise_hpv_pos"
"GO:0032660","regulation of interleukin-17 production","8/773","47/18842",0.170212765957447,4.14896369491619,4.47064391981956,0.000588210449660744,0.0077507875135802,0.0077507875135802,"3071/50943/59067/3458/4063/3594/114836/3569",8,"GO_BP",NA,"turquoise_hpv_pos"
"GO:0045055","regulated exocytosis","20/773","216/18842",0.0925925925925926,2.25695941737339,3.84293461413523,0.000604733185269373,0.007939842180695,0.007939842180695,"3071/3689/5341/5294/729230/5579/22895/3684/9899/8832/116449/5730/11280/55503/4818/5023/8447/91683/2213/9143",20,"GO_BP",NA,"turquoise_hpv_pos"
"GO:0002313","mature B cell differentiation involved in immune response","6/773","27/18842",0.222222222222222,5.41670260169613,4.75009822855872,0.000660626620148767,0.00858109310869395,0.00858109310869395,"59067/5450/3394/1378/3569/2213",6,"GO_BP",NA,"turquoise_hpv_pos"
"GO:0002438","acute inflammatory response to antigenic stimulus","6/773","27/18842",0.222222222222222,5.41670260169613,4.75009822855872,0.000660626620148767,0.00858109310869395,0.00858109310869395,"923/1236/2529/3500/2213/26279",6,"GO_BP",NA,"turquoise_hpv_pos"
"GO:0045061","thymic T cell selection","6/773","27/18842",0.222222222222222,5.41670260169613,4.75009822855872,0.000660626620148767,0.00858109310869395,0.00858109310869395,"9760/1236/915/917/916/7535",6,"GO_BP",NA,"turquoise_hpv_pos"
"GO:0002691","regulation of cellular extravasation","7/773","37/18842",0.189189189189189,4.61151707982238,4.54808454284666,0.000667721673268467,0.00864249683485782,0.00864249683485782,"6403/729230/3676/6370/9750/2529/6366",7,"GO_BP",NA,"turquoise_hpv_pos"
"GO:0097696","cell surface receptor signaling pathway via STAT","17/773","172/18842",0.0988372093023256,2.40917295947532,3.83999826567451,0.000731291438250528,0.00932982789602226,0.00932982789602226,"59067/729230/50615/5788/3587/3458/2322/3560/1439/3594/246778/23529/2048/3568/3561/3569/10148",17,"GO_BP",NA,"turquoise_hpv_pos"
"GO:0031666","positive regulation of lipopolysaccharide-mediated signaling pathway","4/773","11/18842",0.363636363636364,8.86369516641186,5.39586385825651,0.000736161762754633,0.00932982789602226,0.00932982789602226,"388325/654/9450/4064",4,"GO_BP",NA,"turquoise_hpv_pos"
"GO:0033625","positive regulation of integrin activation","4/773","11/18842",0.363636363636364,8.86369516641186,5.39586385825651,0.000736161762754633,0.00932982789602226,0.00932982789602226,"5341/64805/8631/10563",4,"GO_BP",NA,"turquoise_hpv_pos"
"GO:0034154","toll-like receptor 7 signaling pathway","4/773","11/18842",0.363636363636364,8.86369516641186,5.39586385825651,0.000736161762754633,0.00932982789602226,0.00932982789602226,"51284/388325/118788/23547",4,"GO_BP",NA,"turquoise_hpv_pos"
"GO:0042436","indole-containing compound catabolic process","4/773","11/18842",0.363636363636364,8.86369516641186,5.39586385825651,0.000736161762754633,0.00932982789602226,0.00932982789602226,"23498/169355/8564/259307",4,"GO_BP",NA,"turquoise_hpv_pos"
"GO:0140507","granzyme-mediated programmed cell death signaling pathway","4/773","11/18842",0.363636363636364,8.86369516641186,5.39586385825651,0.000736161762754633,0.00932982789602226,0.00932982789602226,"5552/5551/4818/3003",4,"GO_BP",NA,"turquoise_hpv_pos"
"GO:0097028","dendritic cell differentiation","7/773","38/18842",0.184210526315789,4.49016136719548,4.45437572498603,0.000789893419608921,0.00997616256599503,0.00997616256599503,"2322/10859/1236/3394/10538/6363/2213",7,"GO_BP",NA,"turquoise_hpv_pos"
"GO:0019730","antimicrobial humoral response","18/773","189/18842",0.0952380952380952,2.32144397215549,3.77641726088141,0.000801947253764175,0.0100516400948069,0.0100516400948069,"3503/3507/3512/3495/3493/6354/3501/6370/28912/3502/4283/6846/3494/10563/6366/3500/4069/6363",18,"GO_BP",NA,"turquoise_hpv_pos"
"GO:1903707","negative regulation of hemopoiesis","13/773","114/18842",0.114035087719298,2.77962370350196,3.94193600761494,0.000802723526306658,0.0100516400948069,0.0100516400948069,"9290/50943/10272/969/11006/6422/30009/10859/3902/714/1493/1378/2213",13,"GO_BP",NA,"turquoise_hpv_pos"
"GO:0042088","T-helper 1 type immune response","9/773","61/18842",0.147540983606557,3.59633533391301,4.2008870788289,0.000804131207584556,0.0100516400948069,0.0100516400948069,"6504/729230/6693/30009/3594/246778/8807/6363/10148",9,"GO_BP",NA,"turquoise_hpv_pos"
"GO:0097305","response to alcohol","22/773","254/18842",0.0866141732283465,2.11123447861385,3.68791495214583,0.000816656470910808,0.0101733655932575,0.0101733655932575,"5732/50943/5788/6422/6559/2247/1234/6354/920/8644/2903/1236/11280/1269/7412/11184/1621/5368/6366/6363/1646/1536",22,"GO_BP",NA,"turquoise_hpv_pos"
"GO:0045621","positive regulation of lymphocyte differentiation","13/773","115/18842",0.11304347826087,2.75545306260195,3.90551850133531,0.000871824460382243,0.0108236710217523,0.0108236710217523,"3071/50943/939/9840/11006/399/3594/8477/1378/3561/259307/6363/7535",13,"GO_BP",NA,"turquoise_hpv_pos"
"GO:0042116","macrophage activation","12/773","101/18842",0.118811881188119,2.89605881674843,3.95176194412188,0.00087525084443073,0.0108293748548209,0.0108293748548209,"3689/2208/199/5788/3458/972/3684/26228/3569/8530/712/2213",12,"GO_BP",NA,"turquoise_hpv_pos"
"GO:0032733","positive regulation of interleukin-10 production","7/773","39/18842",0.179487179487179,4.37502902444688,4.36386096524764,0.000929062430355616,0.0114177706087475,0.0114177706087475,"201633/3662/246778/940/3569/10148/959",7,"GO_BP",NA,"turquoise_hpv_pos"
"GO:2000403","positive regulation of lymphocyte migration","7/773","39/18842",0.179487179487179,4.37502902444688,4.36386096524764,0.000929062430355616,0.0114177706087475,0.0114177706087475,"199/729230/6693/3676/6354/10563/6366",7,"GO_BP",NA,"turquoise_hpv_pos"
"GO:1903305","regulation of regulated secretory pathway","13/773","116/18842",0.112068965517241,2.73169915688986,3.86948879494858,0.000945844939349919,0.0115850135188832,0.0115850135188832,"3071/3689/729230/5579/22895/3684/9899/8832/55503/5023/8447/91683/2213",13,"GO_BP",NA,"turquoise_hpv_pos"
"GO:0045089","positive regulation of innate immune response","30/773","396/18842",0.0757575757575758,1.84660315966914,3.52168930644473,0.000970457643038624,0.0118467237360902,0.0118467237360902,"51311/59067/146722/497189/51284/115352/388325/5063/149628/5199/7294/116449/114836/93978/117157/4332/3824/81793/1520/26253/5608/259197/118788/10666/26191/81030/912/23547/56253/330",30,"GO_BP",NA,"turquoise_hpv_pos"
"GO:0001911","negative regulation of leukocyte mediated cytotoxicity","6/773","29/18842",0.206896551724138,5.04313690502743,4.50674599299439,0.000988595757462871,0.0120279150491316,0.0120279150491316,"3071/5788/10859/201633/3824/2213",6,"GO_BP",NA,"turquoise_hpv_pos"
"GO:0071622","regulation of granulocyte chemotaxis","8/773","51/18842",0.156862745098039,3.82355477766786,4.17619743355569,0.00103119388353674,0.0125045105478708,0.0125045105478708,"3071/972/1240/1236/9750/146433/6366/6363",8,"GO_BP",NA,"turquoise_hpv_pos"
"GO:0006957","complement activation, alternative pathway","5/773","20/18842",0.25,6.09379042690815,4.71408977510499,0.00106345339091899,0.0127455718773112,0.0127455718773112,"5199/730/3426/1378/1380",5,"GO_BP",NA,"turquoise_hpv_pos"
"GO:0002864","regulation of acute inflammatory response to antigenic stimulus","4/773","12/18842",0.333333333333333,8.1250539025442,5.1065581301973,0.00106853287519376,0.0127455718773112,0.0127455718773112,"1236/2529/2213/26279",4,"GO_BP",NA,"turquoise_hpv_pos"
"GO:0033632","regulation of cell-cell adhesion mediated by integrin","4/773","12/18842",0.333333333333333,8.1250539025442,5.1065581301973,0.00106853287519376,0.0127455718773112,0.0127455718773112,"83706/8631/10563/916",4,"GO_BP",NA,"turquoise_hpv_pos"
"GO:0072672","neutrophil extravasation","4/773","12/18842",0.333333333333333,8.1250539025442,5.1065581301973,0.00106853287519376,0.0127455718773112,0.0127455718773112,"5294/120425/9750/2529",4,"GO_BP",NA,"turquoise_hpv_pos"
"GO:0140105","interleukin-10-mediated signaling pathway","4/773","12/18842",0.333333333333333,8.1250539025442,5.1065581301973,0.00106853287519376,0.0127455718773112,0.0127455718773112,"11006/3587/10859/11024",4,"GO_BP",NA,"turquoise_hpv_pos"
"GO:0046006","regulation of activated T cell proliferation","7/773","40/18842",0.175,4.2656532988357,4.27634474989788,0.00108683458861322,0.0128796956118126,0.0128796956118126,"50943/6504/7805/126259/11006/3594/56253",7,"GO_BP",NA,"turquoise_hpv_pos"
"GO:1904994","regulation of leukocyte adhesion to vascular endothelial cell","7/773","40/18842",0.175,4.2656532988357,4.27634474989788,0.00108683458861322,0.0128796956118126,0.0128796956118126,"3689/6403/3676/6370/2529/3569/6366",7,"GO_BP",NA,"turquoise_hpv_pos"
"GO:0002275","myeloid cell activation involved in immune response","11/773","90/18842",0.122222222222222,2.97918643093287,3.89277072160137,0.00112094639519303,0.0132409525645779,0.0132409525645779,"6504/3689/5294/729230/3458/3684/8832/1794/116449/5730/11280",11,"GO_BP",NA,"turquoise_hpv_pos"
"GO:0002444","myeloid leukocyte mediated immunity","12/773","104/18842",0.115384615384615,2.81251865857299,3.83364770934069,0.00113527586794808,0.0133669578000339,0.0133669578000339,"3689/5294/729230/3684/8832/116449/26228/5730/11280/3569/3500/2213",12,"GO_BP",NA,"turquoise_hpv_pos"
"GO:0045066","regulatory T cell differentiation","8/773","52/18842",0.153846153846154,3.75002487809732,4.10723514236975,0.00117560529096845,0.0137972968232631,0.0137972968232631,"50943/9760/11006/3902/940/1493/1378/259307",8,"GO_BP",NA,"turquoise_hpv_pos"
"GO:0050798","activated T cell proliferation","7/773","41/18842",0.170731707317073,4.16161297447386,4.19164816048307,0.0012648869013418,0.0147975550958255,0.0147975550958255,"50943/6504/7805/126259/11006/3594/56253",7,"GO_BP",NA,"turquoise_hpv_pos"
"GO:1901654","response to ketone","18/773","197/18842",0.0913705583756345,2.22717213572278,3.581228793548,0.00129254467915793,0.0150728053639823,0.0150728053639823,"5732/50943/5788/6422/6559/2247/30009/3684/653361/8644/1236/11280/11184/367/6366/6363/1646/1536",18,"GO_BP",NA,"turquoise_hpv_pos"
"GO:0071677","positive regulation of mononuclear cell migration","11/773","92/18842",0.119565217391304,2.91442150852129,3.80719836576027,0.00134514327215888,0.0155485462612651,0.0155485462612651,"199/729230/6693/3676/6354/1240/64805/1236/146433/10563/6366",11,"GO_BP",NA,"turquoise_hpv_pos"
"GO:0002396","MHC protein complex assembly","5/773","21/18842",0.238095238095238,5.80360993038872,4.5554438378837,0.00134907953403403,0.0155485462612651,0.0155485462612651,"3115/3111/3117/3109/3120",5,"GO_BP",NA,"turquoise_hpv_pos"
"GO:0002501","peptide antigen assembly with MHC protein complex","5/773","21/18842",0.238095238095238,5.80360993038872,4.5554438378837,0.00134907953403403,0.0155485462612651,0.0155485462612651,"3115/3111/3117/3109/3120",5,"GO_BP",NA,"turquoise_hpv_pos"
"GO:0050729","positive regulation of inflammatory response","16/773","166/18842",0.0963855421686747,2.34941317663929,3.61186675806001,0.00135038059310166,0.0155485462612651,0.0155485462612651,"59067/55450/729230/51284/3458/6354/920/84699/1236/26228/3957/3569/3603/4818/3003/81030",16,"GO_BP",NA,"turquoise_hpv_pos"
"GO:0002673","regulation of acute inflammatory response","7/773","42/18842",0.166666666666667,4.0625269512721,4.109607096817,0.00146496457481274,0.0168148449624733,0.0168148449624733,"84699/1236/3818/2529/3569/2213/26279",7,"GO_BP",NA,"turquoise_hpv_pos"
"GO:0030889","negative regulation of B cell proliferation","4/773","13/18842",0.307692307692308,7.50004975619465,4.84896882882547,0.00149359604826956,0.0170897353485389,0.0170897353485389,"1493/4332/23495/2213",4,"GO_BP",NA,"turquoise_hpv_pos"
"GO:0050731","positive regulation of peptidyl-tyrosine phosphorylation","8/773","54/18842",0.148148148148148,3.61113506779742,3.97429961246049,0.00151261866736135,0.0171995580556664,0.0171995580556664,"59067/55024/3587/3458/2322/57091/3561/3569",8,"GO_BP",NA,"turquoise_hpv_pos"
"GO:0099024","plasma membrane invagination","8/773","54/18842",0.148148148148148,3.61113506779742,3.97429961246049,0.00151261866736135,0.0171995580556664,0.0171995580556664,"3071/3689/199/114786/91937/3684/51411/26228",8,"GO_BP",NA,"turquoise_hpv_pos"
"GO:0050730","regulation of peptidyl-tyrosine phosphorylation","10/773","80/18842",0.125,3.04689521345407,3.79468474078043,0.0015648634374518,0.0177383588406804,0.0177383588406804,"3689/59067/55024/3587/3458/6422/2322/57091/3561/3569",10,"GO_BP",NA,"turquoise_hpv_pos"
"GO:0002837","regulation of immune response to tumor cell","6/773","32/18842",0.1875,4.57034282018111,4.18085564593197,0.00169867654587388,0.0190774442844297,0.0190774442844297,"5133/3902/151888/10666/259307/56253",6,"GO_BP",NA,"turquoise_hpv_pos"
"GO:0090022","regulation of neutrophil chemotaxis","6/773","32/18842",0.1875,4.57034282018111,4.18085564593197,0.00169867654587388,0.0190774442844297,0.0190774442844297,"3071/972/1236/9750/6366/6363",6,"GO_BP",NA,"turquoise_hpv_pos"
"GO:2000406","positive regulation of T cell migration","6/773","32/18842",0.1875,4.57034282018111,4.18085564593197,0.00169867654587388,0.0190774442844297,0.0190774442844297,"199/729230/6693/3676/10563/6366",6,"GO_BP",NA,"turquoise_hpv_pos"
"GO:1904427","positive regulation of calcium ion transmembrane transport","8/773","55/18842",0.145454545454545,3.54547806656474,3.91017909122104,0.00170762504140083,0.0191191147273406,0.0191191147273406,"930/5026/1812/920/931/4283/5023/2833",8,"GO_BP",NA,"turquoise_hpv_pos"
"GO:0048002","antigen processing and presentation of peptide antigen","9/773","68/18842",0.132352941176471,3.22612434365726,3.80364635289488,0.00177168194062075,0.019775654688886,0.019775654688886,"50856/3115/3111/1520/219972/3117/3109/2213/3120",9,"GO_BP",NA,"turquoise_hpv_pos"
"GO:0033077","T cell differentiation in thymus","8/773","56/18842",0.142857142857143,3.48216595823323,3.84753281432312,0.00192197125155908,0.0213255733080718,0.0213255733080718,"9760/5788/9840/1236/915/917/916/7535",8,"GO_BP",NA,"turquoise_hpv_pos"
"GO:0032635","interleukin-6 production","15/773","156/18842",0.0961538461538462,2.34376554881083,3.48579860900788,0.00192806553196266,0.0213255733080718,0.0213255733080718,"3071/6504/51311/199/7805/51284/11006/3458/388325/972/5450/3569/3603/131450/26191",15,"GO_BP",NA,"turquoise_hpv_pos"
"GO:0032675","regulation of interleukin-6 production","15/773","156/18842",0.0961538461538462,2.34376554881083,3.48579860900788,0.00192806553196266,0.0213255733080718,0.0213255733080718,"3071/6504/51311/199/7805/51284/11006/3458/388325/972/5450/3569/3603/131450/26191",15,"GO_BP",NA,"turquoise_hpv_pos"
"GO:0051489","regulation of filopodium assembly","7/773","44/18842",0.159090909090909,3.87786663530519,3.95290013526625,0.00193849787029083,0.0213761849745061,0.0213761849745061,"9378/1236/9750/2048/26051/6366/2823",7,"GO_BP",NA,"turquoise_hpv_pos"
"GO:0001782","B cell homeostasis","4/773","14/18842",0.285714285714286,6.96433191646646,4.6174094758047,0.00202361002551072,0.0221143011769884,0.0221143011769884,"3071/202309/972/23495",4,"GO_BP",NA,"turquoise_hpv_pos"
"GO:0002517","T cell tolerance induction","4/773","14/18842",0.285714285714286,6.96433191646646,4.6174094758047,0.00202361002551072,0.0221143011769884,0.0221143011769884,"50943/11006/151888/29851",4,"GO_BP",NA,"turquoise_hpv_pos"
"GO:0046007","negative regulation of activated T cell proliferation","4/773","14/18842",0.285714285714286,6.96433191646646,4.6174094758047,0.00202361002551072,0.0221143011769884,0.0221143011769884,"50943/7805/11006/56253",4,"GO_BP",NA,"turquoise_hpv_pos"
"GO:0097306","cellular response to alcohol","11/773","97/18842",0.11340206185567,2.76419359571091,3.6029982297589,0.00207008861145931,0.0225546968114224,0.0225546968114224,"5732/6422/6354/8644/1236/11184/5368/6366/6363/1646/1536",11,"GO_BP",NA,"turquoise_hpv_pos"
"GO:0006816","calcium ion transport","30/773","416/18842",0.0721153846153846,1.75782416160812,3.23276579576695,0.00207758441662801,0.0225689973830126,0.0225689973830126,"8973/930/5026/5788/115352/1812/2247/10859/1234/489/920/931/2903/8832/1236/255231/356/8911/4283/11280/1139/65267/64072/55503/596/5023/6366/6363/2823/2833",30,"GO_BP",NA,"turquoise_hpv_pos"
"GO:0010720","positive regulation of cell development","27/773","362/18842",0.074585635359116,1.81803692294497,3.25050524438015,0.0021235729308984,0.0230001222486029,0.0230001222486029,"3071/50943/5764/939/30812/9840/11006/3458/399/3560/7133/972/9423/4049/920/3594/23529/146433/2048/8477/2124/1378/3561/3569/259307/6363/7535",27,"GO_BP",NA,"turquoise_hpv_pos"
"GO:0017157","regulation of exocytosis","16/773","174/18842",0.0919540229885057,2.24139418001219,3.40259371752804,0.00219722192841157,0.0237273965642078,0.0237273965642078,"3071/3689/729230/5579/3458/22895/3684/9899/55512/8832/29091/55503/5023/8447/91683/2213",16,"GO_BP",NA,"turquoise_hpv_pos"
"GO:0032640","tumor necrosis factor production","17/773","191/18842",0.0890052356020942,2.16951701062699,3.36005842017575,0.00229977420758696,0.0246887525226247,0.0246887525226247,"6504/50856/914/729230/6693/5788/11006/3458/10859/2048/1139/3569/26191/23547/6363/2213/1536",17,"GO_BP",NA,"turquoise_hpv_pos"
"GO:0032680","regulation of tumor necrosis factor production","17/773","191/18842",0.0890052356020942,2.16951701062699,3.36005842017575,0.00229977420758696,0.0246887525226247,0.0246887525226247,"6504/50856/914/729230/6693/5788/11006/3458/10859/2048/1139/3569/26191/23547/6363/2213/1536",17,"GO_BP",NA,"turquoise_hpv_pos"
"GO:0010721","negative regulation of cell development","19/773","225/18842",0.0844444444444444,2.05834698864453,3.30323256129881,0.00240044752931417,0.0256939398299025,0.0256939398299025,"9290/50943/5764/10272/969/11006/6422/30009/10859/3902/1630/714/1493/1378/3569/5744/54857/2213/6585",19,"GO_BP",NA,"turquoise_hpv_pos"
"GO:0071887","leukocyte apoptotic process","10/773","85/18842",0.117647058823529,2.86766608325089,3.56945300559155,0.00247688042075843,0.0264345425022464,0.0264345425022464,"10859/1234/972/171558/1236/356/3569/6366/6363/917",10,"GO_BP",NA,"turquoise_hpv_pos"
"GO:0002639","positive regulation of immunoglobulin production","7/773","46/18842",0.152173913043478,3.709263738118,3.80515318296239,0.00252262787105959,0.0268442907561734,0.0268442907561734,"59067/54440/5788/23529/2048/3569/51237",7,"GO_BP",NA,"turquoise_hpv_pos"
"GO:0050764","regulation of phagocytosis","11/773","100/18842",0.11,2.68126778783959,3.48661174059319,0.00263932463683047,0.0280044619896256,0.0280044619896256,"3071/146722/5788/3458/3560/5199/1794/26228/3561/2213/55423",11,"GO_BP",NA,"turquoise_hpv_pos"
"GO:0032488","Cdc42 protein signal transduction","4/773","15/18842",0.266666666666667,6.50004312203536,4.40753556670017,0.00267062179622925,0.0282544045108312,0.0282544045108312,"9423/1236/7454/6363",4,"GO_BP",NA,"turquoise_hpv_pos"
"GO:1904064","positive regulation of cation transmembrane transport","12/773","115/18842",0.104347826086957,2.54349513470949,3.43395613004542,0.00269335075424249,0.0284125151820379,0.0284125151820379,"930/5026/3458/1812/920/931/4283/486/1520/65267/5023/2833",12,"GO_BP",NA,"turquoise_hpv_pos"
"GO:0019731","antibacterial humoral response","10/773","86/18842",0.116279069767442,2.83432112879449,3.52638028591945,0.00270223710805503,0.0284241079089362,0.0284241079089362,"3503/3507/3512/3495/3493/3501/28912/3502/3494/3500",10,"GO_BP",NA,"turquoise_hpv_pos"
"GO:0045165","cell fate commitment","17/773","195/18842",0.0871794871794872,2.12501409758848,3.26622010467829,0.00285648086952516,0.0298377167351029,0.0298377167351029,"50943/8320/9760/969/30812/6693/2247/30009/4063/3594/3662/114836/57453/3569/283571/10538/56833",17,"GO_BP",NA,"turquoise_hpv_pos"
"GO:0014015","positive regulation of gliogenesis","7/773","47/18842",0.148936170212766,3.63034323305166,3.73434854166965,0.00286115091980438,0.0298377167351029,0.0298377167351029,"5764/30812/7133/4049/23529/146433/3569",7,"GO_BP",NA,"turquoise_hpv_pos"
"GO:0048247","lymphocyte chemotaxis","7/773","47/18842",0.148936170212766,3.63034323305166,3.73434854166965,0.00286115091980438,0.0298377167351029,0.0298377167351029,"5294/729230/2848/6354/10563/6366/2833",7,"GO_BP",NA,"turquoise_hpv_pos"
"GO:0001818","negative regulation of cytokine production","27/773","371/18842",0.0727762803234501,1.7739336013641,3.11401081106534,0.00298852605347824,0.0310772652284774,0.0310772652284774,"3071/50943/6504/50856/225/84636/5552/7805/5788/11006/3458/30009/10859/1240/201633/151888/8832/1236/2048/1378/1139/3569/131450/26191/338557/23547/2213",27,"GO_BP",NA,"turquoise_hpv_pos"
"GO:0071706","tumor necrosis factor superfamily cytokine production","17/773","196/18842",0.086734693877551,2.11417218892732,3.2431136810008,0.00301191154818435,0.0311429947616796,0.0311429947616796,"6504/50856/914/729230/6693/5788/11006/3458/10859/2048/1139/3569/26191/23547/6363/2213/1536",17,"GO_BP",NA,"turquoise_hpv_pos"
"GO:1903555","regulation of tumor necrosis factor superfamily cytokine production","17/773","196/18842",0.086734693877551,2.11417218892732,3.2431136810008,0.00301191154818435,0.0311429947616796,0.0311429947616796,"6504/50856/914/729230/6693/5788/11006/3458/10859/2048/1139/3569/26191/23547/6363/2213/1536",17,"GO_BP",NA,"turquoise_hpv_pos"
"GO:0043374","CD8-positive, alpha-beta T cell differentiation","5/773","25/18842",0.2,4.87503234152652,4.01000400354979,0.00307523552669616,0.0316186187956084,0.0316186187956084,"3071/8320/9760/11006/944",5,"GO_BP",NA,"turquoise_hpv_pos"
"GO:1904996","positive regulation of leukocyte adhesion to vascular endothelial cell","5/773","25/18842",0.2,4.87503234152652,4.01000400354979,0.00307523552669616,0.0316186187956084,0.0316186187956084,"3689/6403/3676/2529/3569",5,"GO_BP",NA,"turquoise_hpv_pos"
"GO:0010324","membrane invagination","8/773","61/18842",0.131147540983607,3.19674251903378,3.55434336358043,0.00333079437710026,0.0341499985292583,0.0341499985292583,"3071/3689/199/114786/91937/3684/51411/26228",8,"GO_BP",NA,"turquoise_hpv_pos"
"GO:0002524","hypersensitivity","4/773","16/18842",0.25,6.09379042690815,4.21596211709355,0.00344635203442674,0.035039512327737,0.035039512327737,"1236/2529/3500/2213",4,"GO_BP",NA,"turquoise_hpv_pos"
"GO:0002827","positive regulation of T-helper 1 type immune response","4/773","16/18842",0.25,6.09379042690815,4.21596211709355,0.00344635203442674,0.035039512327737,0.035039512327737,"6504/729230/30009/3594",4,"GO_BP",NA,"turquoise_hpv_pos"
"GO:0006568","L-tryptophan metabolic process","4/773","16/18842",0.25,6.09379042690815,4.21596211709355,0.00344635203442674,0.035039512327737,0.035039512327737,"23498/169355/8564/259307",4,"GO_BP",NA,"turquoise_hpv_pos"
"GO:0034767","positive regulation of monoatomic ion transmembrane transport","12/773","119/18842",0.100840336134454,2.45799949992934,3.30002933040317,0.00357440748593416,0.0362405203434992,0.0362405203434992,"930/5026/3458/1812/920/931/4283/486/1520/65267/5023/2833",12,"GO_BP",NA,"turquoise_hpv_pos"
"GO:0002686","negative regulation of leukocyte migration","7/773","49/18842",0.142857142857143,3.48216595823323,3.59836704833268,0.00364148434062584,0.0368183319758568,0.0368183319758568,"969/6370/9750/26228/131450/56833/6366",7,"GO_BP",NA,"turquoise_hpv_pos"
"GO:0002767","immune response-inhibiting cell surface receptor signaling pathway","6/773","37/18842",0.162162162162162,3.95272892556204,3.71845418109594,0.00366307980877339,0.0369343682376322,0.0369343682376322,"11006/10859/3903/9437/11024/23547",6,"GO_BP",NA,"turquoise_hpv_pos"
"GO:0045620","negative regulation of lymphocyte differentiation","8/773","62/18842",0.129032258064516,3.14518215582356,3.49934602879936,0.00368986777998376,0.0370000477937932,0.0370000477937932,"50943/969/11006/6422/30009/3902/1493/1378",8,"GO_BP",NA,"turquoise_hpv_pos"
"GO:0046847","filopodium assembly","8/773","62/18842",0.129032258064516,3.14518215582356,3.49934602879936,0.00368986777998376,0.0370000477937932,0.0370000477937932,"9378/1236/221472/9750/2048/26051/6366/2823",8,"GO_BP",NA,"turquoise_hpv_pos"
"GO:0032755","positive regulation of interleukin-6 production","10/773","90/18842",0.111111111111111,2.70835130084807,3.36007756632428,0.00377279341841741,0.0377279341841741,0.0377279341841741,"51311/199/7805/51284/3458/388325/972/5450/3569/3603",10,"GO_BP",NA,"turquoise_hpv_pos"
"GO:0001934","positive regulation of protein phosphorylation","18/773","219/18842",0.0821917808219178,2.00343794857254,3.08931661376671,0.00410259759755314,0.0409138831449971,0.0409138831449971,"59067/55024/5294/3937/5788/284654/3587/3458/2322/2247/57091/7133/4049/146433/3561/3569/65267/9966",18,"GO_BP",NA,"turquoise_hpv_pos"
"GO:0002765","immune response-inhibiting signal transduction","6/773","38/18842",0.157894736842105,3.84870974331041,3.63571256257687,0.00420180225674172,0.0416754843399654,0.0416754843399654,"11006/10859/3903/9437/11024/23547",6,"GO_BP",NA,"turquoise_hpv_pos"
"GO:0032689","negative regulation of type II interferon production","6/773","38/18842",0.157894736842105,3.84870974331041,3.63571256257687,0.00420180225674172,0.0416754843399654,0.0416754843399654,"50943/6504/7805/11006/10859/1378",6,"GO_BP",NA,"turquoise_hpv_pos"
"GO:0001773","myeloid dendritic cell activation","4/773","17/18842",0.235294117647059,5.73533216650179,4.04000664700004,0.00436209774852962,0.0426203966324855,0.0426203966324855,"6504/914/1794/10538",4,"GO_BP",NA,"turquoise_hpv_pos"
"GO:0002430","complement receptor mediated signaling pathway","4/773","17/18842",0.235294117647059,5.73533216650179,4.04000664700004,0.00436209774852962,0.0426203966324855,0.0426203966324855,"3684/1240/1378/1380",4,"GO_BP",NA,"turquoise_hpv_pos"
"GO:0002921","negative regulation of humoral immune response","4/773","17/18842",0.235294117647059,5.73533216650179,4.04000664700004,0.00436209774852962,0.0426203966324855,0.0426203966324855,"1378/1379/1380/2213",4,"GO_BP",NA,"turquoise_hpv_pos"
"GO:0140131","positive regulation of lymphocyte chemotaxis","4/773","17/18842",0.235294117647059,5.73533216650179,4.04000664700004,0.00436209774852962,0.0426203966324855,0.0426203966324855,"729230/6354/10563/6366",4,"GO_BP",NA,"turquoise_hpv_pos"
"GO:0010818","T cell chemotaxis","5/773","27/18842",0.185185185185185,4.51391883474678,3.77916765910836,0.00436713105220537,0.0426203966324855,0.0426203966324855,"5294/729230/10563/6366/2833",5,"GO_BP",NA,"turquoise_hpv_pos"
"GO:0032740","positive regulation of interleukin-17 production","5/773","27/18842",0.185185185185185,4.51391883474678,3.77916765910836,0.00436713105220537,0.0426203966324855,0.0426203966324855,"59067/4063/3594/114836/3569",5,"GO_BP",NA,"turquoise_hpv_pos"
"GO:0051897","positive regulation of phosphatidylinositol 3-kinase/protein kinase B signal transduction","16/773","188/18842",0.0851063829787234,2.07448184745809,3.0624336210077,0.00472713776254352,0.0460108075554236,0.0460108075554236,"6403/9378/930/5294/7409/2322/2247/57091/8644/64805/1236/118788/10870/6366/6363/1646",16,"GO_BP",NA,"turquoise_hpv_pos"
"GO:0002712","regulation of B cell mediated immunity","6/773","39/18842",0.153846153846154,3.75002487809732,3.55574015276967,0.00479684586153919,0.0463187497212118,0.0463187497212118,"23529/1378/1379/1380/10666/2213",6,"GO_BP",NA,"turquoise_hpv_pos"
"GO:0002889","regulation of immunoglobulin mediated immune response","6/773","39/18842",0.153846153846154,3.75002487809732,3.55574015276967,0.00479684586153919,0.0463187497212118,0.0463187497212118,"23529/1378/1379/1380/10666/2213",6,"GO_BP",NA,"turquoise_hpv_pos"
"GO:0043300","regulation of leukocyte degranulation","6/773","39/18842",0.153846153846154,3.75002487809732,3.55574015276967,0.00479684586153919,0.0463187497212118,0.0463187497212118,"3071/3689/729230/3684/8832/2213",6,"GO_BP",NA,"turquoise_hpv_pos"
"GO:0002244","hematopoietic progenitor cell differentiation","8/773","65/18842",0.123076923076923,3.00001990247786,3.34081598814304,0.00494849753327796,0.0475537045413512,0.0475537045413512,"5341/83881/10272/5788/6422/2322/23495/10538",8,"GO_BP",NA,"turquoise_hpv_pos"
"GO:0071219","cellular response to molecule of bacterial origin","18/773","223/18842",0.0807174887892377,1.96750184187169,3.0060812782027,0.00495079663718177,0.0475537045413512,0.0475537045413512,"923/388325/10859/7133/1234/389643/654/4283/2048/26228/8564/3569/81793/9450/8807/4064/26191/10563",18,"GO_BP",NA,"turquoise_hpv_pos"
"GO:2000319","regulation of T-helper 17 cell differentiation","5/773","28/18842",0.178571428571429,4.35270744779154,3.67205153664439,0.00514000289919755,0.0492414975907377,0.0492414975907377,"50943/969/30009/3594/10538",5,"GO_BP",NA,"turquoise_hpv_pos"
"hsa04640","Hematopoietic cell lineage","32/329","100/9424",0.32,9.16620060790274,15.6138536672475,9.0002429317725e-23,2.48406704916921e-20,2.48406704916921e-20,"2208/914/933/911/925/930/927/3676/2322/3115/3684/920/931/3581/921/3111/926/910/3568/1378/1379/3569/1380/924/3117/915/951/912/3109/917/916/3120",32,"KEGG","Immune system","turquoise_hpv_pos"
"hsa04060","Cytokine-cytokine receptor interaction","50/329","298/9424",0.167785234899329,4.80610350666041,12.6981276146425,4.05023238350997e-21,5.58932068924376e-19,5.58932068924376e-19,"8740/59067/643/939/729230/1233/50615/115650/1237/3587/3458/608/3560/7133/1234/6354/4049/1439/920/51554/3581/3594/6370/246778/23529/1236/654/356/146433/4283/944/3568/10663/3561/3569/6846/3603/9966/23495/3604/8807/10563/6366/10673/6363/3977/10148/2829/959/2833",50,"KEGG","Signaling molecules and interaction","turquoise_hpv_pos"
"hsa04514","Cell adhesion molecule (CAM) interaction","35/329","160/9424",0.21875,6.26595744680851,12.7770106357067,8.21351849240773e-19,7.55643701301511e-17,7.55643701301511e-17,"923/3689/6403/914/933/3385/9378/925/6402/927/6693/5788/94030/3676/5133/3695/3115/3684/201633/920/3111/120425/29851/6900/926/4897/940/1493/7412/3683/3117/10666/3109/959/3120",35,"KEGG","Signaling molecules and interaction","turquoise_hpv_pos"
"hsa05340","Primary immunodeficiency","19/329","38/9424",0.5,14.322188449848,15.650142233531,2.39787820566853e-18,1.65453596191128e-16,1.65453596191128e-16,"925/930/927/5788/115650/4261/920/29851/29760/926/3561/973/23495/3543/915/57379/916/7535/959",19,"KEGG","Immune disease","turquoise_hpv_pos"
"hsa04061","Viral protein interaction with cytokine and cytokine receptor","25/329","100/9424",0.25,7.16109422492401,11.7800710853212,3.42999311088195e-15,1.89335619720684e-13,1.89335619720684e-13,"8740/643/729230/1233/1237/3587/3560/7133/1234/6354/4049/51554/6370/1236/146433/4283/3561/3569/6846/8807/10563/6366/6363/2829/2833",25,"KEGG","Signaling molecules and interaction","turquoise_hpv_pos"
"hsa04659","Th17 cell differentiation","24/329","109/9424",0.220183486238532,6.30701876690555,10.5989693334926,2.61206942545247e-13,1.20155193570814e-11,1.20155193570814e-11,"50943/59067/4773/50615/3458/3115/30009/3560/920/919/3594/3662/3111/246778/3561/3569/3117/915/3109/917/10148/916/7535/3120",24,"KEGG","Immune system","turquoise_hpv_pos"
"hsa04672","Intestinal immune network for IgA production","17/329","50/9424",0.34,9.73908814589666,11.7836501548939,3.90149167467678e-13,1.5383024317297e-11,1.5383024317297e-11,"115650/3676/3695/608/3115/6370/3111/29851/940/3569/3117/23495/57379/10673/3109/959/3120",17,"KEGG","Immune system","turquoise_hpv_pos"
"hsa04660","T cell receptor signaling pathway","22/329","122/9424",0.180327868852459,5.1653794409288,8.80719292292063,1.72698255100197e-10,5.95808980095679e-09,5.95808980095679e-09,"4773/925/3937/927/7409/5788/3458/5133/5063/920/919/29851/926/9402/940/1493/915/917/916/7535/959/3702",22,"KEGG","Immune system","turquoise_hpv_pos"
"hsa04662","B cell receptor signaling pathway","18/329","91/9424",0.197802197802198,5.66592070543438,8.50625915615232,1.73752021196004e-09,5.32839531667745e-08,5.32839531667745e-08,"4773/55024/933/930/974/971/5579/7409/11006/10859/11024/29760/640/1380/973/118788/23547/2213",18,"KEGG","Immune system","turquoise_hpv_pos"
"hsa04517","IgSF CAM signaling","33/329","300/9424",0.11,3.15088145896657,7.20071559063047,3.9469698849294e-09,1.08936368824051e-07,1.08936368824051e-07,"6504/3689/962/914/3385/3937/10225/5579/7409/94030/3676/5063/3737/3684/9423/201633/4063/8832/120425/6900/114836/117157/1630/4897/940/51744/4068/3687/3683/57823/10666/56253/6585",33,"KEGG","Signaling molecules and interaction","turquoise_hpv_pos"
"hsa04062","Chemokine signaling pathway","25/329","193/9424",0.129533678756477,3.71041151550467,7.23570255613257,1.28802884645965e-08,3.23178146929875e-07,3.23178146929875e-07,"643/5294/729230/1233/5579/7409/1237/94235/1234/6354/653361/6370/1236/1794/2788/4283/10663/7454/6846/10563/6366/6363/2829/3702/2833",25,"KEGG","Immune system","turquoise_hpv_pos"
"hsa04658","Th1 and Th2 cell differentiation","17/329","93/9424",0.182795698924731,5.23606889564336,7.80785226452645,1.74046799681029e-08,4.00307639266366e-07,4.00307639266366e-07,"4773/3458/3115/30009/3560/920/919/3594/3111/3561/3117/915/3109/917/916/7535/3120",17,"KEGG","Immune system","turquoise_hpv_pos"
"hsa05321","Inflammatory bowel disease","14/329","66/9424",0.212121212121212,6.07607994842037,7.87045959693346,4.53773930258415e-08,9.63396959625558e-07,9.63396959625558e-07,"50943/59067/50615/3458/3115/30009/3594/3111/3561/3569/3117/8807/3109/3120",14,"KEGG","Immune disease","turquoise_hpv_pos"
"hsa04650","Natural killer cell mediated cytotoxicity","19/329","133/9424",0.142857142857143,4.09205384281372,6.83019072617093,1.58479062662192e-07,3.12430152105464e-06,3.12430152105464e-06,"3689/4773/962/3937/5579/7409/3458/919/9437/356/117157/5551/51744/4068/3824/3683/259197/10870/7535",19,"KEGG","Immune system","turquoise_hpv_pos"
"hsa05332","Graft-versus-host disease","11/329","45/9424",0.244444444444444,7.00195879770348,7.67559747903126,2.78466794708012e-07,5.12378902262742e-06,5.12378902262742e-06,"3458/3115/3111/356/5551/940/3824/3569/3117/3109/3120",11,"KEGG","Immune disease","turquoise_hpv_pos"
"hsa05140","Leishmaniasis","14/329","78/9424",0.179487179487179,5.14129841789416,6.98493119244992,4.10569063445217e-07,7.08231634442999e-06,7.08231634442999e-06,"3689/5579/3676/3458/3115/3684/653361/3111/1378/1379/3117/3109/1536/3120",14,"KEGG","Infectious disease: parasitic","turquoise_hpv_pos"
"hsa05330","Allograft rejection","10/329","39/9424",0.256410256410256,7.34471202556309,7.5512399884685,6.05216769761349e-07,9.82587226200778e-06,9.82587226200778e-06,"3458/3115/3111/356/5551/940/3117/3109/959/3120",10,"KEGG","Immune disease","turquoise_hpv_pos"
"hsa04612","Antigen processing and presentation","14/329","82/9424",0.170731707317073,4.89050337311884,6.72951838170896,7.7706737134637e-07,1.1915033027311e-05,1.1915033027311e-05,"925/927/3458/3115/972/4261/920/3111/926/3824/1520/3117/3109/3120",14,"KEGG","Immune system","turquoise_hpv_pos"
"hsa05150","Staphylococcus aureus infection","15/329","99/9424",0.151515151515152,4.34005710601455,6.35386907988247,1.52795231350882e-06,2.2195517817286e-05,2.2195517817286e-05,"3689/6403/8689/713/3115/3684/3426/3111/714/3683/712/3117/3109/2213/3120",15,"KEGG","Infectious disease: bacterial","turquoise_hpv_pos"
"hsa05320","Autoimmune thyroid disease","11/329","54/9424",0.203703703703704,5.8349656647529,6.77659719391204,1.98168736724022e-06,2.65734184126132e-05,2.65734184126132e-05,"3115/3111/356/5551/940/1493/3117/7253/3109/959/3120",11,"KEGG","Immune disease","turquoise_hpv_pos"
"hsa04940","Type I diabetes mellitus","10/329","44/9424",0.227272727272727,6.51008565902183,6.96745964951928,2.02189053139448e-06,2.65734184126132e-05,2.65734184126132e-05,"3458/3115/4049/3111/356/5551/940/3117/3109/3120",10,"KEGG","Endocrine and metabolic disease","turquoise_hpv_pos"
"hsa05144","Malaria","10/329","50/9424",0.2,5.72887537993921,6.37634180740687,6.94705006666807e-06,8.71539008363813e-05,8.71539008363813e-05,"3689/6403/3820/3458/1378/7412/1379/3569/3683/959",10,"KEGG","Infectious disease: parasitic","turquoise_hpv_pos"
"hsa05145","Toxoplasmosis","15/329","112/9424",0.133928571428571,3.83630047763786,5.74289609318214,7.3822950111333e-06,8.85875401335996e-05,8.85875401335996e-05,"5294/3587/3458/3115/1234/4261/3111/3918/5608/3117/596/3109/330/959/3120",15,"KEGG","Infectious disease: parasitic","turquoise_hpv_pos"
"hsa05152","Tuberculosis","19/329","181/9424",0.104972375690608,3.00686829333826,5.18492973512813,1.74111208635664e-05,0.000200227889931014,0.000200227889931014,"3689/3587/3458/3115/972/3684/4261/3111/1378/3687/1379/3569/1520/26253/3117/596/3109/2213/3120",19,"KEGG","Infectious disease: bacterial","turquoise_hpv_pos"
"hsa04610","Complement and coagulation cascades","12/329","89/9424",0.134831460674157,3.86216317748711,5.15968780931145,5.68081462284764e-05,0.000627161934362379,0.000627161934362379,"3689/713/3684/730/3426/3818/714/1378/3687/1379/1380/712",12,"KEGG","Immune system","turquoise_hpv_pos"
"hsa05235","PD-L1 expression and PD-1 checkpoint pathway in cancer","12/329","90/9424",0.133333333333333,3.81925025329281,5.11107410036897,6.3530254121523e-05,0.000674398082213091,0.000674398082213091,"4773/3458/5133/920/919/940/5608/10538/915/917/916/7535",12,"KEGG","Cancer: overview","turquoise_hpv_pos"
"hsa04064","NF-kappa B signaling pathway","13/329","105/9424",0.123809523809524,3.54644666377189,4.9904047485268,6.95581636686545e-05,0.000711039006390691,0.000711039006390691,"8740/5579/115650/4049/29760/7412/596/6366/10673/6363/7535/330/959",13,"KEGG","Signal transduction","turquoise_hpv_pos"
"hsa05323","Rheumatoid arthritis","12/329","95/9424",0.126315789473684,3.61823708206687,4.87802945535853,0.000108441823845842,0.00106892654933758,0.00106892654933758,"3689/3458/3115/3111/940/1493/3569/3683/3117/10673/3109/3120",12,"KEGG","Immune disease","turquoise_hpv_pos"
"hsa05416","Viral myocarditis","10/329","70/9424",0.142857142857143,4.09205384281372,4.93842631164606,0.000144407830405611,0.00137436417903271,0.00137436417903271,"3689/3115/3111/5551/940/3683/3117/3109/959/3120",10,"KEGG","Cardiovascular disease","turquoise_hpv_pos"
"hsa04082","Neuroactive ligand signaling","18/329","199/9424",0.0904522613065327,2.59094866429411,4.31410498881668,0.000201539564824749,0.00185416399638769,0.00185416399638769,"8973/63910/148/3352/5026/5579/53829/1812/94235/2903/64805/9934/2788/6506/1139/2899/5023/5368",18,"KEGG","Signaling molecules and interaction","turquoise_hpv_pos"
"hsa04518","Integrin signaling","15/329","154/9424",0.0974025974025974,2.79003671100936,4.25964713428467,0.000307088654572685,0.00273407963426003,0.00273407963426003,"83706/3689/3385/3676/1288/3695/3684/7143/3918/3687/1286/7412/3683/1297/64098",15,"KEGG","Signaling molecules and interaction","turquoise_hpv_pos"
"hsa04080","Neuroactive ligand-receptor interaction","26/329","371/9424",0.0700808625336927,2.00742263987088,3.76524806507431,0.000549474787974173,0.00473922004627724,0.00473922004627724,"5732/8973/57105/10911/148/3352/5026/130574/53829/1812/1395/1268/2903/9934/6753/27334/64106/1269/1139/2899/10800/8698/5023/5368/7253/286530",26,"KEGG","Signaling molecules and interaction","turquoise_hpv_pos"
"hsa04670","Leukocyte transendothelial migration","12/329","116/9424",0.103448275862069,2.96321140341683,4.04630921583639,0.000709129107187886,0.00589817041388354,0.00589817041388354,"3689/5579/7409/3676/399/3684/653361/7294/7412/3683/3702/1536",12,"KEGG","Immune system","turquoise_hpv_pos"
"hsa05310","Asthma","6/329","32/9424",0.1875,5.37082066869301,4.71031691765714,0.000726586210405944,0.00589817041388354,0.00589817041388354,"3115/3111/3117/3109/959/3120",6,"KEGG","Immune disease","turquoise_hpv_pos"
"hsa04630","JAK-STAT signaling pathway","15/329","168/9424",0.0892857142857143,2.55753365175858,3.87410689288896,0.000774691130350879,0.00610899291362408,0.00610899291362408,"59067/50615/3587/3458/3560/1439/3581/3594/246778/23529/3568/3561/3569/596/3977",15,"KEGG","Signal transduction","turquoise_hpv_pos"
"hsa05169","Epstein-Barr virus infection","17/329","205/9424",0.0829268292682927,2.37538735265772,3.78661579701998,0.000821550297025626,0.00628040685521538,0.00628040685521538,"2208/930/3115/919/3111/29760/3569/3683/1380/5608/3117/596/915/3109/917/916/3120",17,"KEGG","Infectious disease: viral","turquoise_hpv_pos"
"hsa05166","Human T-cell leukemia virus 1 infection","18/329","224/9424",0.0803571428571429,2.30178028658272,3.75023928492815,0.000841938600155685,0.00628040685521538,0.00628040685521538,"3689/4773/115650/3115/3560/4049/920/3111/84699/3561/3569/3683/3117/915/3109/917/916/3120",18,"KEGG","Infectious disease: viral","turquoise_hpv_pos"
"hsa05146","Amoebiasis","11/329","103/9424",0.106796116504854,3.0591082125889,3.99629667752141,0.000899520539693047,0.0065333597093495,0.0065333597093495,"3689/911/5579/3458/1288/3684/3918/910/1286/3569/912",11,"KEGG","Infectious disease: parasitic","turquoise_hpv_pos"
"hsa05135","Yersinia infection","13/329","138/9424",0.0942028985507246,2.69838333113079,3.82254067307647,0.00104685195243466,0.00740849074030683,0.00740849074030683,"4773/2533/925/3937/927/7409/3676/920/926/3569/7454/5608/7535",13,"KEGG","Infectious disease: bacterial","turquoise_hpv_pos"
"hsa04380","Osteoclast differentiation","13/329","142/9424",0.0915492957746479,2.62237253307076,3.70480341280275,0.00136265247614199,0.00940230208537975,0.00940230208537975,"4773/3937/11006/3458/10859/489/653361/11024/29760/5608/23547/2213/55423",13,"KEGG","Development and regeneration","turquoise_hpv_pos"
"hsa05322","Systemic lupus erythematosus","13/329","143/9424",0.0909090909090909,2.60403426360873,3.67599969091097,0.0014529152437302,0.00978060017730576,0.00978060017730576,"3458/713/3115/730/3111/2903/940/714/712/3117/3109/959/3120",13,"KEGG","Immune disease","turquoise_hpv_pos"
"hsa05143","African trypanosomiasis","6/329","37/9424",0.162162162162162,4.6450340918426,4.22503431480583,0.00160971867949824,0.010578151322417,0.010578151322417,"5579/3458/169355/356/7412/3569",6,"KEGG","Infectious disease: parasitic","turquoise_hpv_pos"
"hsa05162","Measles","12/329","136/9424",0.0882352941176471,2.52744502056142,3.41244083802788,0.00281102402641992,0.0180428518905092,0.0180428518905092,"6504/51284/3560/356/940/3561/3569/596/915/917/916/2213",12,"KEGG","Infectious disease: viral","turquoise_hpv_pos"
"hsa04974","Protein digestion and absorption","10/329","103/9424",0.0970873786407767,2.78100746598991,3.45656152282915,0.00311329195196009,0.0190948573053552,0.0190948573053552,"478/480/1288/1310/4224/9056/486/1286/1297/10008",10,"KEGG","Digestive system","turquoise_hpv_pos"
"hsa05142","Chagas disease","10/329","103/9424",0.0970873786407767,2.78100746598991,3.45656152282915,0.00311329195196009,0.0190948573053552,0.0190948573053552,"3458/713/919/356/714/3569/712/915/917/916",10,"KEGG","Infectious disease: parasitic","turquoise_hpv_pos"
"hsa05170","Human immunodeficiency virus 1 infection","16/329","214/9424",0.0747663551401869,2.14163565605204,3.21288949673342,0.00335166961595066,0.020110017695704,0.020110017695704,"4773/164668/5579/5063/94235/7133/1234/920/919/356/2788/5608/596/915/917/916",16,"KEGG","Infectious disease: viral","turquoise_hpv_pos"
"hsa05168","Herpes simplex virus 1 infection","14/329","180/9424",0.0777777777777778,2.22789598108747,3.16343601675738,0.00416496648578678,0.0244581010654713,0.0244581010654713,"8740/3458/3115/972/5199/4049/3111/356/3569/3117/596/3109/330/3120",14,"KEGG","Infectious disease: viral","turquoise_hpv_pos"
"hsa04973","Carbohydrate digestion and absorption","6/329","48/9424",0.125,3.58054711246201,3.40890426280328,0.00616458314513925,0.0354463530845507,0.0354463530845507,"478/83756/480/5579/93432/486",6,"KEGG","Digestive system","turquoise_hpv_pos"
"HALLMARK_ALLOGRAFT_REJECTION","HALLMARK_ALLOGRAFT_REJECTION","58/188","200/4384",0.29,6.76255319148936,17.6555409009007,5.92037480262495e-35,2.19053867697123e-33,2.19053867697123e-33,"ITGB2/CD3D/CXCL13/CD1D/CCL7/CD247/IGSF6/PTPRC/CD74/HLA-DOA/CXCL9/CXCR3/NCR1/LY86/CTSS/PRKCB/CD7/CCL19/CCR2/IL18RAP/CD2/CD4/FASLG/CRTAM/FYB1/CD8B/IL6/LCP2/IFNG/CD96/SIT1/CD28/CD40LG/CD79A/SRGN/TRAT1/IL2RG/ITGAL/KLRD1/GPR65/IL16/IRF8/IL2RB/PRF1/IRF4/HLA-DMB/HLA-DQA1/IL12RB1/CD3E/ZAP70/CD8A/CD3G/CFP/MAP4K1/ITK/WAS/CCR5/FCGR2B",58,"MSigDB_H",NA,"turquoise_hpv_pos"
"HALLMARK_IL2_STAT5_SIGNALING","HALLMARK_IL2_STAT5_SIGNALING","25/188","199/4384",0.125628140703518,2.92954132363947,5.89630324737061,8.01368543747093e-07,1.08787699032519e-05,1.08787699032519e-05,"ICOS/PTGER2/SELP/TNFRSF1B/TLR7/CTLA4/TNFRSF9/BATF/CST7/RHOH/ABCB1/FGL2/BCL2/ADAM19/SHE/CD48/CD79B/GPR65/IRF8/IL2RB/IRF4/IL10RA/EOMES/SELL/CCR4",25,"MSigDB_H",NA,"turquoise_hpv_pos"
"HALLMARK_INFLAMMATORY_RESPONSE","HALLMARK_INFLAMMATORY_RESPONSE","25/188","200/4384",0.125,2.91489361702128,5.86692763654211,8.82062424587989e-07,1.08787699032519e-05,1.08787699032519e-05,"CCL7/SLAMF1/CXCL9/PTGER2/TNFRSF1B/IL18RAP/MEP1A/SLC7A2/CMKLR1/TNFRSF9/EBI3/SLC1A2/IL6/LCP2/CCR7/CYBB/KCNA3/CD48/TNFSF15/IL2RB/LTA/IL10RA/SELL/CD69/CXCR6",25,"MSigDB_H",NA,"turquoise_hpv_pos"
"HALLMARK_INTERFERON_GAMMA_RESPONSE","HALLMARK_INTERFERON_GAMMA_RESPONSE","23/188","200/4384",0.115,2.68170212765957,5.15246622658098,1.05575841951127e-05,9.76576538047927e-05,9.76576538047927e-05,"GPR18/CCL7/CD74/CXCL9/SELP/BANK1/P2RY14/CMKLR1/SLAMF7/VCAM1/IL6/LCP2/ZBP1/FGL2/ITGB7/CIITA/CSF2RB/IRF8/IL2RB/IRF4/HLA-DQA1/IL10RA/CD69",23,"MSigDB_H",NA,"turquoise_hpv_pos"
"HALLMARK_KRAS_SIGNALING_UP","HALLMARK_KRAS_SIGNALING_UP","22/188","200/4384",0.11,2.56510638297872,4.79523552160042,3.37927615408765e-05,0.000250066435402486,0.000250066435402486,"ITGB2/DOCK2/MYCN/CTSS/TNFRSF1B/TMEM158/CMKLR1/CD37/ALDH1A2/ADAMDEC1/ABCB1/EPHB2/CLEC4A/IKZF1/IL2RG/TLR8/IRF8/BIRC3/IL10RA/LAPTM5/LCP1/MAP4K1",22,"MSigDB_H",NA,"turquoise_hpv_pos"
"HALLMARK_IL6_JAK_STAT3_SIGNALING","HALLMARK_IL6_JAK_STAT3_SIGNALING","11/188","87/4384",0.126436781609195,2.94839814135485,3.88509440471301,0.00108490567833391,0.00669025168305911,0.00669025168305911,"CXCL13/CCL7/CXCL9/IL9R/TNFRSF1B/EBI3/IL6/IL2RG/CSF2RB/IL12RB1/ITGA4",11,"MSigDB_H",NA,"turquoise_hpv_pos"
"GO:0008544","epidermis development","77/226","287/18842",0.268292682926829,22.3680120872005,40.191813169796,1.76142616979427e-84,3.11948574670565e-81,2.17356892189318e-81,"3849/6706/57822/50604/110806278/144501/448835/6698/59344/340654/1747/301/6705/1308/3858/8796/3872/643418/125981/353132/1475/6699/388533/5650/5493/9935/5266/9119/7051/29986/43847/6704/353142/1041/2069/2171/353141/23581/353131/353140/388698/79755/1823/3861/4014/353137/9333/84648/338785/6820/1382/204219/6278/643414/3848/5017/242/8456/353139/25818/360/353145/3713/3868/196374/6701/375791/84518/3854/6703/163778/286887/26239/11005/26154/79413/2312",77,"GO_BP",NA,"yellow_hpv_neg"
"GO:0043588","skin development","68/226","236/18842",0.288135593220339,24.0223488825559,39.2140892875875,1.66925913748679e-76,1.47812896624455e-73,1.02991821231181e-73,"3849/6706/57822/50604/110806278/144501/448835/6698/59344/340654/1747/301/6705/3858/8796/3872/643418/125981/353132/1475/6699/5493/9935/5266/9119/7051/29986/6704/353142/1041/2069/353141/23581/353131/353140/388698/1823/3861/4014/353137/84648/338785/204219/6278/643414/3848/242/8456/353139/25818/360/353145/3713/3868/196374/6701/375791/84518/3854/6703/163778/286887/26239/11005/151516/26154/79413/2312",68,"GO_BP",NA,"yellow_hpv_neg"
"GO:0030216","keratinocyte differentiation","58/226","147/18842",0.394557823129252,32.8949491300945,42.7740975624326,2.74777711505714e-74,1.62210442358873e-71,1.130236215024e-71,"3849/6706/50604/110806278/144501/448835/6698/340654/301/6705/3858/8796/643418/125981/353132/1475/6699/5493/9935/5266/9119/7051/29986/6704/353142/1041/2069/353141/23581/353131/353140/3861/4014/353137/84648/338785/204219/6278/643414/3848/8456/353139/25818/360/353145/3713/3868/196374/6701/84518/3854/6703/163778/286887/26239/26154/79413/2312",58,"GO_BP",NA,"yellow_hpv_neg"
"GO:0009913","epidermal cell differentiation","62/226","191/18842",0.324607329842932,27.0630588889404,39.8890797455396,3.23850484272081e-73,1.43384801911464e-70,9.99064508102641e-71,"3849/6706/50604/110806278/144501/448835/6698/340654/1747/301/6705/3858/8796/643418/125981/353132/1475/6699/5493/9935/5266/9119/7051/29986/6704/353142/1041/2069/353141/23581/353131/353140/3861/4014/353137/84648/338785/6820/204219/6278/643414/3848/5017/8456/353139/25818/360/353145/3713/3868/196374/6701/84518/3854/6703/163778/286887/26239/11005/26154/79413/2312",62,"GO_BP",NA,"yellow_hpv_neg"
"GO:0031424","keratinization","43/226","79/18842",0.544303797468354,45.3795227960121,43.5519939928891,1.02763195775334e-62,3.63987239436233e-60,2.53615953347371e-60,"3849/6706/144501/448835/6698/340654/6705/3858/643418/353132/6699/5493/5266/9119/7051/6704/353142/1041/353141/23581/353131/353140/4014/353137/84648/338785/204219/643414/3848/353139/25818/353145/3713/3868/196374/6701/84518/3854/6703/163778/286887/26239/2312",43,"GO_BP",NA,"yellow_hpv_neg"
"GO:0070268","cornification","15/226","15/18842",1,83.3716814159292,35.1638167852679,9.56994324045917e-30,2.82472824647553e-27,1.9681902813042e-27,"3849/6698/340654/3858/643418/5266/7051/6704/1041/23581/204219/643414/3848/25818/2312",15,"GO_BP",NA,"yellow_hpv_neg"
"GO:0045104","intermediate filament cytoskeleton organization","15/226","89/18842",0.168539325842697,14.0514069802128,13.5981544031579,1.67113595149457e-13,4.04593172629247e-11,2.8190901239597e-11,"3849/144501/3858/3872/25984/5493/9119/3861/338785/8688/3848/3868/196374/3854/286887",15,"GO_BP",NA,"yellow_hpv_neg"
"GO:0045103","intermediate filament-based process","15/226","90/18842",0.166666666666667,13.8952802359882,13.5111168912399,1.98428325021375e-13,4.04593172629247e-11,2.8190901239597e-11,"3849/144501/3858/3872/25984/5493/9119/3861/338785/8688/3848/3868/196374/3854/286887",15,"GO_BP",NA,"yellow_hpv_neg"
"GO:0045109","intermediate filament organization","14/226","74/18842",0.189189189189189,15.773020808419,14.0294026953919,2.0560917863711e-13,4.04593172629247e-11,2.8190901239597e-11,"3849/144501/3858/3872/25984/9119/3861/338785/8688/3848/3868/196374/3854/286887",14,"GO_BP",NA,"yellow_hpv_neg"
"GO:0098773","skin epidermis development","13/226","74/18842",0.175675675675676,14.6463764649605,12.9594693761443,4.12946296287254e-12,7.31327890724727e-10,5.0956846867201e-10,"57822/59344/1747/3872/388698/1823/242/8456/3868/375791/11005/26154/2312",13,"GO_BP",NA,"yellow_hpv_neg"
"GO:0018149","peptide cross-linking","8/226","18/18842",0.444444444444444,37.0540806293019,16.8615591479929,1.49363625846495e-11,2.40475437612858e-09,1.6755644363048e-09,"6698/301/1475/6699/7051/4014/9333/3713",8,"GO_BP",NA,"yellow_hpv_neg"
"GO:0061436","establishment of skin barrier","9/226","27/18842",0.333333333333333,27.7905604719764,15.3488053792699,1.70227387464784e-11,2.51227252666778e-09,1.75048002481109e-09,"57822/59344/388698/1823/242/3868/375791/26154/2312",9,"GO_BP",NA,"yellow_hpv_neg"
"GO:0019730","antimicrobial humoral response","17/226","189/18842",0.0899470899470899,7.49904012735871,9.89392888979164,1.3068242054593e-10,1.78029666759109e-08,1.24046007022552e-08,"26525/6283/5646/6700/1673/5650/5266/6280/57115/6590/6278/84659/25818/149708/114771/128488/11005",17,"GO_BP",NA,"yellow_hpv_neg"
"GO:0006959","humoral immune response","19/226","296/18842",0.0641891891891892,5.35156063142789,8.31435906480884,3.25558146690129e-09,4.11831055563014e-07,2.86952163313312e-07,"26525/124976/6283/5646/6700/1673/5650/5266/6280/57115/6590/6278/3848/84659/25818/149708/114771/128488/11005",19,"GO_BP",NA,"yellow_hpv_neg"
"GO:0042742","defense response to bacterium","18/226","322/18842",0.0559006211180124,4.6605287748035,7.29985576269446,7.16317683060114e-08,8.45732411132975e-06,5.8928228379236e-06,"6283/6700/1673/5650/5266/6280/57115/353142/6590/284110/64127/84659/25818/149708/114771/128488/11005/6279",18,"GO_BP",NA,"yellow_hpv_neg"
"GO:0045682","regulation of epidermis development","8/226","51/18842",0.156862745098039,13.0779108103418,9.5162308580765,1.54624611535425e-07,1.71150116893274e-05,1.19252532392708e-05,"3849/50604/110806278/3858/6820/360/26154/79413",8,"GO_BP",NA,"yellow_hpv_neg"
"GO:0045684","positive regulation of epidermis development","6/226","28/18842",0.214285714285714,17.8653603034134,9.84004486853919,8.41880099267136e-07,8.77040974001234e-05,6.11097199700039e-05,"3849/50604/110806278/3858/6820/79413",6,"GO_BP",NA,"yellow_hpv_neg"
"GO:0019731","antibacterial humoral response","9/226","86/18842",0.104651162790698,8.72494340399259,7.91111010748669,9.04607595759581e-07,8.90033362272343e-05,6.20149926226222e-05,"6700/5650/5266/6590/84659/25818/149708/128488/11005",9,"GO_BP",NA,"yellow_hpv_neg"
"GO:0042303","molting cycle","8/226","66/18842",0.121212121212121,10.105658353446,8.16478569588193,1.19511621770472e-06,0.000105827541077753,7.373761992979e-05,"1747/162514/3872/1823/3861/8456/3868/11005",8,"GO_BP",NA,"yellow_hpv_neg"
"GO:0042633","hair cycle","8/226","66/18842",0.121212121212121,10.105658353446,8.16478569588193,1.19511621770472e-06,0.000105827541077753,7.373761992979e-05,"1747/162514/3872/1823/3861/8456/3868/11005",8,"GO_BP",NA,"yellow_hpv_neg"
"GO:0048730","epidermis morphogenesis","5/226","19/18842",0.263157894736842,21.9399161620866,10.0616759720878,2.40798447025691e-06,0.000203073356991666,0.000141495737907359,"1747/3872/43847/388698/1823",5,"GO_BP",NA,"yellow_hpv_neg"
"GO:0006665","sphingolipid metabolic process","11/226","162/18842",0.0679012345679012,5.66104009614334,6.5647005350611,4.23778253092895e-06,0.000341141493739781,0.000237697687685883,"222/55304/124976/59344/125981/285848/4759/126410/204219/242/26154",11,"GO_BP",NA,"yellow_hpv_neg"
"GO:0016042","lipid catabolic process","16/226","347/18842",0.0461095100864553,3.84422738517253,5.89202922652017,4.82483483218477e-06,0.000371512282078227,0.000258859188979985,"222/340654/643418/125981/285848/4759/255189/123745/2171/79153/8909/643414/283748/56603/64600/119548",16,"GO_BP",NA,"yellow_hpv_neg"
"GO:0006672","ceramide metabolic process","9/226","106/18842",0.0849056603773585,7.07872766739022,6.91496824398526,5.25050001612659e-06,0.000387443147023341,0.00026995936245574,"55304/59344/125981/285848/4759/126410/204219/242/26154",9,"GO_BP",NA,"yellow_hpv_neg"
"GO:0061844","antimicrobial humoral immune response mediated by antimicrobial peptide","10/226","142/18842",0.0704225352112676,5.87124517013586,6.41987195840691,8.44077048849373e-06,0.000597944181404896,0.000416630494657995,"6283/1673/5650/6280/57115/6278/84659/25818/114771/11005",10,"GO_BP",NA,"yellow_hpv_neg"
"GO:0050832","defense response to fungus","7/226","65/18842",0.107692307692308,8.9784887678693,7.099491153821,1.25502931559291e-05,0.000854868045351941,0.000595647733816005,"26525/6283/1673/6280/84659/383/6279",7,"GO_BP",NA,"yellow_hpv_neg"
"GO:0045604","regulation of epidermal cell differentiation","6/226","46/18842",0.130434782608696,10.8745671412082,7.38800658718091,1.74806731432923e-05,0.00114660267173225,0.000798920121904331,"50604/110806278/6820/360/26154/79413",6,"GO_BP",NA,"yellow_hpv_neg"
"GO:0009620","response to fungus","7/226","70/18842",0.1,8.33716814159292,6.77618459031981,2.05412365769468e-05,0.00129923321349188,0.00090526874120827,"26525/6283/1673/6280/84659/383/6279",7,"GO_BP",NA,"yellow_hpv_neg"
"GO:0030148","sphingolipid biosynthetic process","8/226","108/18842",0.0740740740740741,6.17568010488364,5.94329181932284,4.75922728355711e-05,0.00290641086868264,0.00202510440866497,"55304/124976/59344/125981/285848/126410/204219/242",8,"GO_BP",NA,"yellow_hpv_neg"
"GO:0046503","glycerolipid catabolic process","7/226","81/18842",0.0864197530864197,7.20496012236425,6.16618459169394,5.32959517251236e-05,0.00314623768350646,0.00219220891038875,"285848/255189/123745/2171/79153/283748/119548",7,"GO_BP",NA,"yellow_hpv_neg"
"GO:0045616","regulation of keratinocyte differentiation","5/226","35/18842",0.142857142857143,11.9102402022756,7.11822286649988,5.74947499183527e-05,0.00328461942275492,0.00228862936946783,"50604/110806278/360/26154/79413",5,"GO_BP",NA,"yellow_hpv_neg"
"GO:0002009","morphogenesis of an epithelium","13/226","316/18842",0.0411392405063291,3.42984765318696,4.79948640339306,0.000120828206378126,0.00668708604673942,0.0046593713161113,"57822/1747/3858/3872/25984/43847/388698/1823/3861/8688/8456/23767/3868",13,"GO_BP",NA,"yellow_hpv_neg"
"GO:0030858","positive regulation of epithelial cell differentiation","6/226","65/18842",0.0923076923076923,7.69584751531654,5.95815969482391,0.000127535894202407,0.00684442632219582,0.00476900154386768,"50604/110806278/6820/100133941/8456/79413",6,"GO_BP",NA,"yellow_hpv_neg"
"GO:0002237","response to molecule of bacterial origin","13/226","319/18842",0.0407523510971787,3.39759203262407,4.75858656521449,0.00013270049498344,0.00691213460634331,0.00481617875002517,"26525/56300/27179/4314/27177/6590/84639/64127/3552/6278/11009/100133941/6279",13,"GO_BP",NA,"yellow_hpv_neg"
"GO:0046513","ceramide biosynthetic process","6/226","66/18842",0.0909090909090909,7.57924376508447,5.89942135952782,0.000138899731868804,0.00702832643256148,0.00489713790898673,"55304/59344/285848/126410/204219/242",6,"GO_BP",NA,"yellow_hpv_neg"
"GO:0045606","positive regulation of epidermal cell differentiation","4/226","23/18842",0.173913043478261,14.4994228549442,7.13746279537144,0.000149194348260412,0.00733953307692192,0.00511397784524316,"50604/110806278/6820/79413",4,"GO_BP",NA,"yellow_hpv_neg"
"GO:0001942","hair follicle development","5/226","44/18842",0.113636363636364,9.47405470635559,6.20047253596841,0.000176194290146576,0.00821158125919962,0.00572159620971043,"1747/3872/1823/8456/11005",5,"GO_BP",NA,"yellow_hpv_neg"
"GO:0043616","keratinocyte proliferation","5/226","44/18842",0.113636363636364,9.47405470635559,6.20047253596841,0.000176194290146576,0.00821158125919962,0.00572159620971043,"3849/7051/2069/11202/374",5,"GO_BP",NA,"yellow_hpv_neg"
"GO:0022404","molting cycle process","5/226","45/18842",0.111111111111111,9.26352015732547,6.11491023636105,0.000196299419698427,0.00869115680714787,0.00605575080805121,"1747/3872/1823/8456/11005",5,"GO_BP",NA,"yellow_hpv_neg"
"GO:0022405","hair cycle process","5/226","45/18842",0.111111111111111,9.26352015732547,6.11491023636105,0.000196299419698427,0.00869115680714787,0.00605575080805121,"1747/3872/1823/8456/11005",5,"GO_BP",NA,"yellow_hpv_neg"
"GO:0030856","regulation of epithelial cell differentiation","8/226","139/18842",0.0575539568345324,4.79837015343477,4.95235828922108,0.00027719827947791,0.0119736134867165,0.00834287323959485,"50604/110806278/6820/100133941/8456/360/26154/79413",8,"GO_BP",NA,"yellow_hpv_neg"
"GO:0032496","response to lipopolysaccharide","12/226","302/18842",0.0397350993377483,3.31278204301705,4.4642275418959,0.0003022222891788,0.0127437065270394,0.00887945216167508,"26525/56300/27179/4314/27177/6590/84639/64127/3552/6278/11009/6279",12,"GO_BP",NA,"yellow_hpv_neg"
"GO:0031640","killing of cells of another organism","7/226","111/18842",0.0630630630630631,5.25767360280635,4.95697103999768,0.000384414370435976,0.015472678410048,0.0107809221330933,"6283/1673/57115/353142/84659/114771/383",7,"GO_BP",NA,"yellow_hpv_neg"
"GO:0141061","disruption of cell in another organism","7/226","111/18842",0.0630630630630631,5.25767360280635,4.95697103999768,0.000384414370435976,0.015472678410048,0.0107809221330933,"6283/1673/57115/353142/84659/114771/383",7,"GO_BP",NA,"yellow_hpv_neg"
"GO:0141060","disruption of anatomical structure in another organism","7/226","115/18842",0.0608695652173913,5.07479799923047,4.82929692462247,0.000476304369383054,0.0187452230706087,0.0130611381517797,"6283/1673/57115/353142/84659/114771/383",7,"GO_BP",NA,"yellow_hpv_neg"
"GO:0071216","cellular response to biotic stimulus","10/226","245/18842",0.0408163265306122,3.40292577207874,4.17123791330676,0.000778027175417757,0.0297002043380643,0.0206942574401142,"26525/978/56300/27179/4314/27177/84639/64127/3552/11009",10,"GO_BP",NA,"yellow_hpv_neg"
"GO:1900017","positive regulation of cytokine production involved in inflammatory response","4/226","35/18842",0.114285714285714,9.52819216182048,5.56409128769814,0.000788204180626212,0.0297002043380643,0.0206942574401142,"56300/27179/27177/64127",4,"GO_BP",NA,"yellow_hpv_neg"
"GO:0016045","detection of bacterium","3/226","16/18842",0.1875,15.6321902654867,6.45139024367205,0.000849646487096118,0.0313484151801505,0.0218426838648444,"57115/64127/114771",3,"GO_BP",NA,"yellow_hpv_neg"
"GO:0071222","cellular response to lipopolysaccharide","9/226","210/18842",0.0428571428571429,3.57307206068268,4.13137738548018,0.00100670691366484,0.0355110217935592,0.0247430697308568,"26525/56300/27179/4314/27177/84639/64127/3552/11009",9,"GO_BP",NA,"yellow_hpv_neg"
"GO:0002523","leukocyte migration involved in inflammatory response","3/226","17/18842",0.176470588235294,14.7126496616346,6.23219965591334,0.00102262118095512,0.0355110217935592,0.0247430697308568,"6280/2867/6279",3,"GO_BP",NA,"yellow_hpv_neg"
"GO:0031069","hair follicle morphogenesis","3/226","17/18842",0.176470588235294,14.7126496616346,6.23219965591334,0.00102262118095512,0.0355110217935592,0.0247430697308568,"1747/3872/1823",3,"GO_BP",NA,"yellow_hpv_neg"
"GO:0046475","glycerophospholipid catabolic process","4/226","38/18842",0.105263157894737,8.77596646483465,5.28669267996244,0.00108040752298746,0.0367961869848231,0.0256385362743984,"255189/123745/79153/283748",4,"GO_BP",NA,"yellow_hpv_neg"
"GO:0016264","gap junction assembly","3/226","18/18842",0.166666666666667,13.8952802359882,6.03078837773346,0.0012163369112351,0.0398913457369881,0.0277951548385756,"84525/10804/2706",3,"GO_BP",NA,"yellow_hpv_neg"
"GO:0045618","positive regulation of keratinocyte differentiation","3/226","18/18842",0.166666666666667,13.8952802359882,6.03078837773346,0.0012163369112351,0.0398913457369881,0.0277951548385756,"50604/110806278/79413",3,"GO_BP",NA,"yellow_hpv_neg"
"GO:0048729","tissue morphogenesis","13/226","408/18842",0.0318627450980392,2.65645063335069,3.72702062805363,0.00135169091229211,0.0435244473758059,0.0303265967022075,"57822/1747/3858/3872/25984/43847/388698/1823/3861/8688/8456/23767/3868",13,"GO_BP",NA,"yellow_hpv_neg"
"GO:0098543","detection of other organism","3/226","19/18842",0.157894736842105,13.163949697252,5.84480469965403,0.00143168538054582,0.0452770501597616,0.0315477604621806,"57115/64127/114771",3,"GO_BP",NA,"yellow_hpv_neg"
"GO:0071219","cellular response to molecule of bacterial origin","9/226","223/18842",0.0403587443946188,3.36477638001508,3.91405878191414,0.00152846632931274,0.0474897170037346,0.0330894837707875,"26525/56300/27179/4314/27177/84639/64127/3552/11009",9,"GO_BP",NA,"yellow_hpv_neg"
"hsa04382","Cornified envelope formation","63/127","217/9424",0.290322580645161,21.5433070866142,35.782130398489,1.52697908819491e-71,2.19884988700067e-69,2.19884988700067e-69,"1828/338324/3849/55304/6706/110806278/6283/144501/6698/59344/6705/1308/6700/3858/3872/353132/6699/25984/5493/285848/9119/7051/6280/6704/353142/1041/126410/353141/23581/353131/3034/353140/388698/1823/3861/4014/353137/26285/9333/84648/338785/204219/6278/8688/3848/242/353139/121214/353145/3713/3868/196374/6701/3854/6703/163778/286887/26239/5522/151516/26154/2312/6279",63,"KEGG","Development and regeneration","yellow_hpv_neg"
"hsa04519","Cadherin signaling","18/127","404/9424",0.0445544554455446,3.3061510875497,5.53732751069858,7.2091822963762e-06,0.000519061125339086,0.000519061125339086,"1828/3849/144501/1824/3858/3872/25984/9119/1823/3861/338785/8688/3848/3868/196374/3854/286887/56097",18,"KEGG","Signaling molecules and interaction","yellow_hpv_neg"
"hsa05150","Staphylococcus aureus infection","8/127","99/9424",0.0808080808080808,5.99634136642011,5.84077290477712,5.34943941507062e-05,0.00234757558816654,0.00234757558816654,"1828/3858/3872/25984/1673/3861/8688/3868",8,"KEGG","Infectious disease: bacterial","yellow_hpv_neg"
"hsa00565","Ether lipid metabolism","6/127","52/9424",0.115384615384615,8.56208358570563,6.39075319525644,6.52104330046261e-05,0.00234757558816654,0.00234757558816654,"144110/255189/123745/79153/283748/64600",6,"KEGG","Lipid metabolism","yellow_hpv_neg"
"hsa00590","Arachidonic acid metabolism","6/127","64/9424",0.09375,6.95669291338583,5.58833348180696,0.000210492038578321,0.00606217071105564,0.00606217071105564,"59344/255189/123745/242/283748/64600",6,"KEGG","Lipid metabolism","yellow_hpv_neg"
"hsa04657","IL-17 signaling pathway","7/127","94/9424",0.074468085106383,5.52588373261853,5.154084547932,0.000264928239952126,0.00635827775885102,0.00635827775885102,"338324/4312/1673/4314/6280/6278/6279",7,"KEGG","Immune system","yellow_hpv_neg"
"hsa00592","alpha-Linolenic acid metabolism","4/127","27/9424",0.148148148148148,10.9932925051035,6.07744320091403,0.000434156023679919,0.0089312096299869,0.0089312096299869,"255189/123745/283748/64600",4,"KEGG","Lipid metabolism","yellow_hpv_neg"
"hsa00591","Linoleic acid metabolism","4/127","31/9424",0.129032258064516,9.5748031496063,5.5889198964376,0.000746653239414296,0.0134397583094573,0.0134397583094573,"255189/123745/283748/64600",4,"KEGG","Lipid metabolism","yellow_hpv_neg"
"HALLMARK_ESTROGEN_RESPONSE_EARLY","HALLMARK_ESTROGEN_RESPONSE_EARLY","9/48","200/4384",0.045,4.11,4.73632249997104,0.000254420949737836,0.00343468282146078,0.00281202102341818,"AQP3/TTC39A/ZNF185/RHOD/SULT2B1/CYP26B1/AREG/CLIC3/KLK10",9,"MSigDB_H",NA,"yellow_hpv_neg"
"HALLMARK_ESTROGEN_RESPONSE_LATE","HALLMARK_ESTROGEN_RESPONSE_LATE","9/48","200/4384",0.045,4.11,4.73632249997104,0.000254420949737836,0.00343468282146078,0.00281202102341818,"S100A9/SULT2B1/KLK11/CYP26B1/AREG/FABP5/CLIC3/CA2/KLK10",9,"MSigDB_H",NA,"yellow_hpv_neg"
"HALLMARK_KRAS_SIGNALING_DN","HALLMARK_KRAS_SIGNALING_DN","8/48","200/4384",0.04,3.65333333333333,4.04084963555943,0.00127352510844888,0.01146172597604,0.00938386922014967,"SERPINB2/ABCG4/KLK7/TGM1/LYPD3/ALOX12B/KRT1/KLK8",8,"MSigDB_H",NA,"yellow_hpv_neg"
"HALLMARK_COAGULATION","HALLMARK_COAGULATION","6/48","138/4384",0.0434782608695652,3.97101449275362,3.73092085085611,0.00360540836671251,0.0243365064753095,0.0199246251844639,"ANXA1/SERPINB2/MMP1/MMP10/MMP3/KLK8",6,"MSigDB_H",NA,"yellow_hpv_neg"
"HALLMARK_KRAS_SIGNALING_UP","HALLMARK_KRAS_SIGNALING_UP","7/48","200/4384",0.035,3.19666666666667,3.34537677114782,0.00554312463702068,0.0299328730399117,0.0245064457636704,"MALL/ARG1/MAFB/MMP10/SLPI/EREG/CA2",7,"MSigDB_H",NA,"yellow_hpv_neg"
"GO:0008544","epidermis development","68/350","287/18842",0.236933797909408,12.7551617720259,27.6078847792629,7.46836643302818e-56,1.8827751777664e-52,1.8827751777664e-52,"25833/3849/79755/43847/353142/26154/196374/163778/353145/3713/50604/1382/3890/388533/5650/23581/242/286887/3848/2312/5017/643414/360/25818/51350/3861/1823/84648/2171/29986/3854/3868/1747/6704/9935/301/6701/643418/9333/5266/1041/1475/6699/3872/3857/110806278/6698/8796/2069/147495/3850/6705/6703/10481/6278/204219/59344/144501/57822/5493/353139/7051/9119/6706/6820/84518/375791/338785",68,"GO_BP",NA,"yellow_hpv_pos"
"GO:0043588","skin development","59/350","236/18842",0.25,13.4585714285714,26.4967003424118,7.62930846976821e-50,9.61674332614283e-47,9.61674332614283e-47,"25833/3849/353142/151516/26154/196374/163778/353145/3713/50604/3890/23581/242/286887/3848/2312/643414/360/25818/51350/3861/1823/84648/29986/3854/3868/1747/6704/9935/301/6701/643418/5266/1041/1475/6699/3872/3857/110806278/6698/8796/2069/147495/3850/6705/6703/6278/204219/59344/144501/57822/5493/353139/7051/9119/6706/84518/375791/338785",59,"GO_BP",NA,"yellow_hpv_pos"
"GO:0030216","keratinocyte differentiation","49/350","147/18842",0.333333333333333,17.9447619047619,28.3743197205832,3.00289683404705e-48,2.52343430621087e-45,2.52343430621087e-45,"25833/3849/353142/26154/196374/163778/353145/3713/50604/3890/23581/286887/3848/2312/643414/360/25818/51350/3861/84648/29986/3854/3868/6704/9935/301/6701/643418/5266/1041/1475/6699/110806278/6698/8796/2069/3850/6705/6703/6278/204219/144501/5493/353139/7051/9119/6706/84518/338785",49,"GO_BP",NA,"yellow_hpv_pos"
"GO:0009913","epidermal cell differentiation","52/350","191/18842",0.272251308900524,14.656454749439,26.0974243397605,5.13410503777922e-46,3.23576970006035e-43,3.23576970006035e-43,"25833/3849/353142/26154/196374/163778/353145/3713/50604/3890/23581/286887/3848/2312/5017/643414/360/25818/51350/3861/84648/29986/3854/3868/1747/6704/9935/301/6701/643418/5266/1041/1475/6699/110806278/6698/8796/2069/3850/6705/6703/6278/204219/144501/5493/353139/7051/9119/6706/6820/84518/338785",52,"GO_BP",NA,"yellow_hpv_pos"
"GO:0031424","keratinization","36/350","79/18842",0.455696202531646,24.5320795660036,28.8347884219117,1.51582376351265e-41,7.6427834156308e-39,7.6427834156308e-39,"3849/353142/196374/163778/353145/3713/3890/23581/286887/3848/2312/643414/25818/51350/84648/3854/3868/6704/6701/643418/5266/1041/6699/6698/3850/6705/6703/204219/144501/5493/353139/7051/9119/6706/84518/338785",36,"GO_BP",NA,"yellow_hpv_pos"
"GO:0070268","cornification","13/350","15/18842",0.866666666666667,46.656380952381,24.3360789745847,2.55097235027427e-21,1.07183354917357e-18,1.07183354917357e-18,"3849/23581/3848/2312/643414/25818/6704/643418/5266/1041/6698/204219/7051",13,"GO_BP",NA,"yellow_hpv_pos"
"GO:0045109","intermediate filament organization","16/350","74/18842",0.216216216216216,11.6398455598456,12.6164229910078,3.61754565256445e-13,1.30283322715928e-10,1.30283322715928e-10,"3849/196374/3890/286887/3848/51350/3861/25984/3854/3868/3872/3857/3850/144501/9119/338785",16,"GO_BP",NA,"yellow_hpv_pos"
"GO:0045104","intermediate filament cytoskeleton organization","17/350","89/18842",0.191011235955056,10.2829534510433,12.076465744352,5.70908735227572e-13,1.79907615188589e-10,1.79907615188589e-10,"3849/196374/3890/286887/3848/51350/3861/25984/3854/3868/3872/3857/3850/144501/5493/9119/338785",17,"GO_BP",NA,"yellow_hpv_pos"
"GO:0045103","intermediate filament-based process","17/350","90/18842",0.188888888888889,10.1686984126984,11.9949709298913,6.9210600797468e-13,1.93866582900463e-10,1.93866582900463e-10,"3849/196374/3890/286887/3848/51350/3861/25984/3854/3868/3872/3857/3850/144501/5493/9119/338785",17,"GO_BP",NA,"yellow_hpv_pos"
"GO:0098773","skin epidermis development","12/350","74/18842",0.162162162162162,8.72988416988417,9.16587443024593,1.09196637806464e-08,2.75284723910096e-06,2.75284723910096e-06,"26154/3890/242/2312/1823/3868/1747/3872/147495/59344/57822/375791",12,"GO_BP",NA,"yellow_hpv_pos"
"GO:0018149","peptide cross-linking","7/350","18/18842",0.388888888888889,20.9355555555556,11.6413324786921,1.91845754448154e-08,4.39675588148905e-06,4.39675588148905e-06,"3713/301/9333/1475/6699/6698/7051",7,"GO_BP",NA,"yellow_hpv_pos"
"GO:0061436","establishment of skin barrier","8/350","27/18842",0.296296296296296,15.9508994708995,10.6952550743543,2.13534030893416e-08,4.48599409901918e-06,4.48599409901918e-06,"26154/242/2312/1823/3868/59344/57822/375791",8,"GO_BP",NA,"yellow_hpv_pos"
"GO:0019730","antimicrobial humoral response","17/350","189/18842",0.0899470899470899,4.8422373393802,7.30356333563984,9.3934451599419e-08,1.82160578832412e-05,1.82160578832412e-05,"26525/114771/149708/5650/5646/128488/25818/6280/1673/57115/5266/9547/6278/6700/6283/6590/84659",17,"GO_BP",NA,"yellow_hpv_pos"
"GO:0042572","retinol metabolic process","9/350","54/18842",0.166666666666667,8.97238095238095,8.07121101260963,6.05068463786638e-07,0.00010895554265758,0.00010895554265758,"441282/339761/10170/121214/84649/145226/130/220/57016",9,"GO_BP",NA,"yellow_hpv_pos"
"GO:0006959","humoral immune response","20/350","296/18842",0.0675675675675676,3.63745173745174,6.29215342380166,7.54389303590409e-07,0.000126787695623428,0.000126787695623428,"727/26525/114771/149708/5650/3848/5646/128488/25818/6280/1673/57115/124976/5266/9547/6278/6700/6283/6590/84659",20,"GO_BP",NA,"yellow_hpv_pos"
"GO:0042742","defense response to bacterium","20/350","322/18842",0.062111801242236,3.34374445430346,5.83595261133653,2.76810725325029e-06,0.000436149899090248,0.000436149899090248,"353142/114771/149708/5650/6279/128488/25818/6280/284110/1673/306/57115/5266/338322/56169/6700/6283/6590/84659/64127",20,"GO_BP",NA,"yellow_hpv_pos"
"GO:0001523","retinoid metabolic process","10/350","89/18842",0.112359550561798,6.04879614767255,6.56812662577028,5.95431879646497e-06,0.00088299045211107,0.00088299045211107,"441282/339761/10170/121214/84649/145226/130/220/56603/57016",10,"GO_BP",NA,"yellow_hpv_pos"
"GO:0016101","diterpenoid metabolic process","10/350","93/18842",0.10752688172043,5.78863287250384,6.36880595251238,8.85966762357139e-06,0.00124084567105686,0.00124084567105686,"441282/339761/10170/121214/84649/145226/130/220/56603/57016",10,"GO_BP",NA,"yellow_hpv_pos"
"GO:0120254","olefinic compound metabolic process","13/350","165/18842",0.0787878787878788,4.24148917748918,5.75343277782612,1.31851182630826e-05,0.00174945700743322,0.00174945700743322,"5742/441282/27120/242/339761/10170/121214/84649/145226/130/220/59344/57016",13,"GO_BP",NA,"yellow_hpv_pos"
"GO:0010496","intercellular transport","4/350","10/18842",0.4,21.5337142857143,8.93538658147034,2.24975742757636e-05,0.00283581923746,0.00283581923746,"2706/10804/23237/10686",4,"GO_BP",NA,"yellow_hpv_pos"
"GO:0034308","primary alcohol metabolic process","10/350","106/18842",0.0943396226415094,5.07870619946092,5.79336606834448,2.822678984714e-05,0.00322328991250111,0.00322328991250111,"222/441282/339761/10170/121214/84649/145226/130/220/57016",10,"GO_BP",NA,"yellow_hpv_pos"
"GO:0042303","molting cycle","8/350","66/18842",0.121212121212121,6.52536796536797,6.18622468309109,2.94072463258728e-05,0.00322328991250111,0.00322328991250111,"3890/162514/3861/1823/3868/1747/3872/147495",8,"GO_BP",NA,"yellow_hpv_pos"
"GO:0042633","hair cycle","8/350","66/18842",0.121212121212121,6.52536796536797,6.18622468309109,2.94072463258728e-05,0.00322328991250111,0.00322328991250111,"3890/162514/3861/1823/3868/1747/3872/147495",8,"GO_BP",NA,"yellow_hpv_pos"
"GO:0045682","regulation of epidermis development","7/350","51/18842",0.137254901960784,7.38901960784314,6.28547954410825,4.12092390671882e-05,0.00432868715368257,0.00432868715368257,"3849/26154/50604/3890/360/110806278/6820",7,"GO_BP",NA,"yellow_hpv_pos"
"GO:0006721","terpenoid metabolic process","10/350","112/18842",0.0892857142857143,4.80663265306122,5.55872444459132,4.54590207249836e-05,0.00458408764990734,0.00458408764990734,"441282/339761/10170/121214/84649/145226/130/220/56603/57016",10,"GO_BP",NA,"yellow_hpv_pos"
"GO:0006665","sphingolipid metabolic process","12/350","162/18842",0.0740740740740741,3.98772486772487,5.25416525006406,5.19206502484364e-05,0.00503430612601185,0.00503430612601185,"222/26154/242/2524/126410/124976/55304/204219/285848/59344/768239/4759",12,"GO_BP",NA,"yellow_hpv_pos"
"GO:0019433","triglyceride catabolic process","6/350","40/18842",0.15,8.07514285714286,6.16250435746428,8.86346459221519e-05,0.00827584971739796,0.00827584971739796,"119548/2167/2171/646486/9388/285848",6,"GO_BP",NA,"yellow_hpv_pos"
"GO:0006720","isoprenoid metabolic process","10/350","122/18842",0.0819672131147541,4.41264637002342,5.20250295136681,9.40054409820037e-05,0.00846384702555826,0.00846384702555826,"441282/339761/10170/121214/84649/145226/130/220/56603/57016",10,"GO_BP",NA,"yellow_hpv_pos"
"GO:0002484","antigen processing and presentation of endogenous peptide antigen via MHC class I via ER pathway","4/350","14/18842",0.285714285714286,15.3812244897959,7.4054566367567,0.000101099508623939,0.00849572870803163,0.00849572870803163,"135250/80328/154064/353091",4,"GO_BP",NA,"yellow_hpv_pos"
"GO:0002486","antigen processing and presentation of endogenous peptide antigen via MHC class I via ER pathway, TAP-independent","4/350","14/18842",0.285714285714286,15.3812244897959,7.4054566367567,0.000101099508623939,0.00849572870803163,0.00849572870803163,"135250/80328/154064/353091",4,"GO_BP",NA,"yellow_hpv_pos"
"GO:0046503","glycerolipid catabolic process","8/350","81/18842",0.0987654320987654,5.31696649029982,5.35657573715124,0.000129381140888523,0.0105216082638699,0.0105216082638699,"119548/2167/283748/2171/646486/123745/9388/285848",8,"GO_BP",NA,"yellow_hpv_pos"
"GO:0002476","antigen processing and presentation of endogenous peptide antigen via MHC class Ib","4/350","15/18842",0.266666666666667,14.3558095238095,7.11900568027807,0.00013584913668594,0.0107023647995392,0.0107023647995392,"135250/80328/154064/353091",4,"GO_BP",NA,"yellow_hpv_pos"
"GO:0002428","antigen processing and presentation of peptide antigen via MHC class Ib","4/350","16/18842",0.25,13.4585714285714,6.85872302586168,0.000178487891945266,0.0136353931998186,0.0136353931998186,"135250/80328/154064/353091",4,"GO_BP",NA,"yellow_hpv_pos"
"GO:0045604","regulation of epidermal cell differentiation","6/350","46/18842",0.130434782608696,7.02186335403727,5.62562978800761,0.000196967632208648,0.0138950102254649,0.0138950102254649,"26154/50604/3890/360/110806278/6820",6,"GO_BP",NA,"yellow_hpv_pos"
"GO:0019731","antibacterial humoral response","8/350","86/18842",0.0930232558139535,5.00784053156146,5.12487882480848,0.000196976618159082,0.0138950102254649,0.0138950102254649,"149708/5650/128488/25818/5266/6700/6590/84659",8,"GO_BP",NA,"yellow_hpv_pos"
"GO:0050832","defense response to fungus","7/350","65/18842",0.107692307692308,5.79753846153846,5.3303545216237,0.000198421407424331,0.0138950102254649,0.0138950102254649,"26525/6279/6280/1673/338322/6283/84659",7,"GO_BP",NA,"yellow_hpv_pos"
"GO:0009158","ribonucleoside monophosphate catabolic process","4/350","17/18842",0.235294117647059,12.6668907563025,6.6207342211663,0.000230001866706346,0.0152588080517552,0.0152588080517552,"56953/7378/978/7498",4,"GO_BP",NA,"yellow_hpv_pos"
"GO:0009159","deoxyribonucleoside monophosphate catabolic process","4/350","17/18842",0.235294117647059,12.6668907563025,6.6207342211663,0.000230001866706346,0.0152588080517552,0.0152588080517552,"56953/7378/978/7498",4,"GO_BP",NA,"yellow_hpv_pos"
"GO:0042445","hormone metabolic process","13/350","219/18842",0.0593607305936073,3.195642530985,4.49627561635746,0.000241299589866614,0.0155978529757368,0.0155978529757368,"5653/51200/441282/7038/339761/10170/121214/84649/145226/130/220/56603/57016",13,"GO_BP",NA,"yellow_hpv_pos"
"GO:0016042","lipid catabolic process","17/350","347/18842",0.0489913544668588,2.63741457389872,4.23535946349593,0.000286221240502674,0.018039093682681,0.018039093682681,"222/119548/643414/2167/283748/2171/646486/374569/643418/123745/51302/9388/285848/56603/57016/4759/8909",17,"GO_BP",NA,"yellow_hpv_pos"
"GO:0009620","response to fungus","7/350","70/18842",0.1,5.38342857142857,5.05477391746886,0.000315654618206643,0.0194089095731451,0.0194089095731451,"26525/6279/6280/1673/338322/6283/84659",7,"GO_BP",NA,"yellow_hpv_pos"
"GO:0061844","antimicrobial humoral immune response mediated by antimicrobial peptide","10/350","142/18842",0.0704225352112676,3.79114688128773,4.5930388077619,0.000326907419228311,0.0194966133331465,0.0194966133331465,"114771/5650/25818/6280/1673/57115/9547/6278/6283/84659",10,"GO_BP",NA,"yellow_hpv_pos"
"GO:0042573","retinoic acid metabolic process","5/350","33/18842",0.151515151515152,8.15670995670996,5.66084922855156,0.000332548343246846,0.0194966133331465,0.0194966133331465,"339761/10170/130/220/56603",5,"GO_BP",NA,"yellow_hpv_pos"
"GO:0046461","neutral lipid catabolic process","6/350","51/18842",0.117647058823529,6.33344537815126,5.24701188627366,0.000350338905130627,0.019626763996318,0.019626763996318,"119548/2167/2171/646486/9388/285848",6,"GO_BP",NA,"yellow_hpv_pos"
"GO:0046464","acylglycerol catabolic process","6/350","51/18842",0.117647058823529,6.33344537815126,5.24701188627366,0.000350338905130627,0.019626763996318,0.019626763996318,"119548/2167/2171/646486/9388/285848",6,"GO_BP",NA,"yellow_hpv_pos"
"GO:0048730","epidermis morphogenesis","4/350","19/18842",0.210526315789474,11.3335338345865,6.19976602368532,0.000363734053676435,0.0199342075938759,0.0199342075938759,"43847/1823/1747/3872",4,"GO_BP",NA,"yellow_hpv_pos"
"GO:0045616","regulation of keratinocyte differentiation","5/350","35/18842",0.142857142857143,7.69061224489796,5.45047278514384,0.000441249133831109,0.0235317578733017,0.0235317578733017,"26154/50604/3890/360/110806278",5,"GO_BP",NA,"yellow_hpv_pos"
"GO:0009125","nucleoside monophosphate catabolic process","4/350","20/18842",0.2,10.7668571428571,6.01216655484682,0.000448046163394875,0.0235317578733017,0.0235317578733017,"56953/7378/978/7498",4,"GO_BP",NA,"yellow_hpv_pos"
"GO:0001906","cell killing","13/350","238/18842",0.0546218487394958,2.94052821128451,4.14475943232778,0.000535387647183082,0.0274997478222874,0.0274997478222874,"727/353142/135250/114771/80328/6318/154064/1673/57115/9547/6283/353091/84659",13,"GO_BP",NA,"yellow_hpv_pos"
"GO:0002475","antigen processing and presentation via MHC class Ib","4/350","21/18842",0.19047619047619,10.2541496598639,5.83739219785951,0.000545413483186977,0.0274997478222874,0.0274997478222874,"135250/80328/154064/353091",4,"GO_BP",NA,"yellow_hpv_pos"
"GO:0006066","alcohol metabolic process","16/350","339/18842",0.0471976401179941,2.54085124315213,3.93852441807066,0.000642752350375113,0.0312470999225975,0.0312470999225975,"222/441282/339761/3706/51477/7108/10170/55304/121214/84649/145226/130/51302/220/57016/6820",16,"GO_BP",NA,"yellow_hpv_pos"
"GO:0019885","antigen processing and presentation of endogenous peptide antigen via MHC class I","4/350","22/18842",0.181818181818182,9.78805194805195,5.67398522947884,0.000656920387107364,0.0312470999225975,0.0312470999225975,"135250/80328/154064/353091",4,"GO_BP",NA,"yellow_hpv_pos"
"GO:0052547","regulation of peptidase activity","4/350","22/18842",0.181818181818182,9.78805194805195,5.67398522947884,0.000656920387107364,0.0312470999225975,0.0312470999225975,"1992/64063/144568/1893",4,"GO_BP",NA,"yellow_hpv_pos"
"GO:0006672","ceramide metabolic process","8/350","106/18842",0.0754716981132075,4.06296495956873,4.35061423831875,0.00081285191294597,0.0379481420840146,0.0379481420840146,"26154/242/126410/55304/204219/285848/59344/4759",8,"GO_BP",NA,"yellow_hpv_pos"
"GO:0045861","negative regulation of proteolysis","6/350","60/18842",0.1,5.38342857142857,4.67856530325513,0.000846819847839614,0.0388151424800667,0.0388151424800667,"404203/1476/84651/1992/1475/1893",6,"GO_BP",NA,"yellow_hpv_pos"
"GO:0030148","sphingolipid biosynthetic process","8/350","108/18842",0.0740740740740741,3.98772486772487,4.28382061286283,0.00091899788436226,0.0407954511448889,0.0407954511448889,"242/2524/126410/124976/55304/204219/285848/59344",8,"GO_BP",NA,"yellow_hpv_pos"
"GO:0002483","antigen processing and presentation of endogenous peptide antigen","4/350","24/18842",0.166666666666667,8.97238095238095,5.37651654016817,0.000926730696704327,0.0407954511448889,0.0407954511448889,"135250/80328/154064/353091",4,"GO_BP",NA,"yellow_hpv_pos"
"GO:0009222","pyrimidine ribonucleotide catabolic process","3/350","11/18842",0.272727272727273,14.6820779220779,6.2446163951947,0.000938570474574992,0.0407954511448889,0.0407954511448889,"56953/7378/978",3,"GO_BP",NA,"yellow_hpv_pos"
"GO:0031640","killing of cells of another organism","8/350","111/18842",0.0720720720720721,3.87994851994852,4.186583781674,0.00109876807233597,0.0461665718393162,0.0461665718393162,"727/353142/114771/1673/57115/9547/6283/84659",8,"GO_BP",NA,"yellow_hpv_pos"
"GO:0141061","disruption of cell in another organism","8/350","111/18842",0.0720720720720721,3.87994851994852,4.186583781674,0.00109876807233597,0.0461665718393162,0.0461665718393162,"727/353142/114771/1673/57115/9547/6283/84659",8,"GO_BP",NA,"yellow_hpv_pos"
"hsa04382","Cornified envelope formation","60/196","217/9424",0.276497695852535,13.2944606413994,26.7023272833687,1.34608577509419e-52,2.75947583894309e-50,2.75947583894309e-50,"1828/3849/147409/353142/151516/26154/196374/163778/353145/3713/3890/23581/242/286887/3848/5522/6279/2312/338324/126637/51350/3861/1823/84648/25984/3856/3854/3868/6704/6280/126410/6701/26285/10686/9333/1041/6699/3872/3857/110806278/6698/55304/121214/3850/6705/6703/6278/204219/6700/285848/6283/59344/144501/5493/353139/100132463/7051/9119/6706/338785",60,"KEGG","Development and regeneration","yellow_hpv_pos"
"hsa04519","Cadherin signaling","25/196","404/9424",0.0618811881188119,2.97534855526369,5.9142542575114,9.23331738016718e-07,9.46415031467136e-05,9.46415031467136e-05,"1828/3849/147409/196374/3890/286887/3848/51350/3861/7476/1823/25984/3856/3854/3868/3872/3857/56097/3850/1824/1014/144501/283446/9119/338785",25,"KEGG","Signaling molecules and interaction","yellow_hpv_pos"
"hsa04657","IL-17 signaling pathway","9/196","94/9424",0.0957446808510638,4.60356057316544,5.11709841744028,0.000140219787455984,0.00958168547615891,0.00958168547615891,"6279/338324/4312/6280/1673/8061/6278/4314/100289462",9,"KEGG","Immune system","yellow_hpv_pos"
"hsa05150","Staphylococcus aureus infection","9/196","99/9424",0.0909090909090909,4.37105751391466,4.9139210831268,0.000208704378413068,0.0106960993936697,0.0106960993936697,"1828/727/3861/25984/3868/1673/3872/3857/100289462",9,"KEGG","Infectious disease: bacterial","yellow_hpv_pos"
"HALLMARK_KRAS_SIGNALING_DN","HALLMARK_KRAS_SIGNALING_DN","18/82","200/4384",0.09,4.81170731707317,7.61721412770531,1.51949323805211e-08,5.6221249807928e-07,5.6221249807928e-07,"KLK8/KRT1/YBX2/AKR1B10/TENM2/C5/LYPD3/CYP39A1/SLC6A14/CDH16/CLDN16/ALOX12B/KLK7/TGM1/TFCP2L1/TG/GPR19/LGALS7",18,"MSigDB_H",NA,"yellow_hpv_pos"
"HALLMARK_ESTROGEN_RESPONSE_LATE","HALLMARK_ESTROGEN_RESPONSE_LATE","13/82","200/4384",0.065,3.47512195121951,4.94621762016595,6.91384796931034e-05,0.00127906187432241,0.00127906187432241,"TH/AREG/SULT2B1/MYB/FABP5/CA2/CXCL14/KLK11/CLIC3/KLK10/SLC24A3/CYP26B1/S100A9",13,"MSigDB_H",NA,"yellow_hpv_pos"
"HALLMARK_ESTROGEN_RESPONSE_EARLY","HALLMARK_ESTROGEN_RESPONSE_EARLY","12/82","200/4384",0.06,3.20780487804878,4.41201831865808,0.000288674248276264,0.00356031572874059,0.00356031572874059,"TTC39A/KRT8/AREG/SULT2B1/MYB/ZNF185/RHOD/CLIC3/KLK10/SLC24A3/CYP26B1/AQP3",12,"MSigDB_H",NA,"yellow_hpv_pos"
