"gene","module"
"ENSG00000168530.16","green"
"ENSG00000133055.9","green"
"ENSG00000109061.10","green"
"ENSG00000159251.8","green"
"ENSG00000125414.19","green"
"ENSG00000147381.11","grey"
"ENSG00000196091.15","green"
"ENSG00000129170.10","green"
"ENSG00000122180.5","green"
"ENSG00000134184.13","grey"
"ENSG00000111245.17","green"
"ENSG00000164122.9","green"
"ENSG00000186439.14","green"
"ENSG00000163092.21","green"
"ENSG00000185686.18","grey"
"ENSG00000175084.12","green"
"ENSG00000143632.14","green"
"ENSG00000092054.13","green"
"ENSG00000170807.12","green"
"ENSG00000133020.4","green"
"ENSG00000221867.9","grey"
"ENSG00000111046.4","green"
"ENSG00000104879.5","green"
"ENSG00000197893.14","green"
"ENSG00000197172.10","grey"
"ENSG00000105141.6","yellow"
"ENSG00000239474.7","green"
"ENSG00000167768.4","yellow"
"ENSG00000077522.14","green"
"ENSG00000115593.15","green"
"ENSG00000106536.21","blue"
"ENSG00000148677.7","green"
"ENSG00000182968.5","grey"
"ENSG00000253706.5","grey"
"ENSG00000243955.6","blue"
"ENSG00000143536.7","yellow"
"ENSG00000138100.14","green"
"ENSG00000114854.8","green"
"ENSG00000081248.11","green"
"ENSG00000142700.12","yellow"
"ENSG00000170290.4","green"
"ENSG00000091482.8","green"
"ENSG00000086967.10","green"
"ENSG00000185860.13","blue"
"ENSG00000135902.10","green"
"ENSG00000116745.7","turquoise"
"ENSG00000119125.17","blue"
"ENSG00000180209.12","green"
"ENSG00000239893.2","red"
"ENSG00000203837.5","yellow"
"ENSG00000205076.4","yellow"
"ENSG00000162782.16","green"
"ENSG00000108878.5","green"
"ENSG00000095596.12","blue"
"ENSG00000114638.8","blue"
"ENSG00000172995.16","green"
"ENSG00000104722.14","grey"
"ENSG00000282651.2","turquoise"
"ENSG00000185873.8","blue"
"ENSG00000136694.9","yellow"
"ENSG00000007038.11","blue"
"ENSG00000250920.3","turquoise"
"ENSG00000281990.1","turquoise"
"ENSG00000203783.5","yellow"
"ENSG00000171711.3","yellow"
"ENSG00000147246.10","grey"
"ENSG00000167916.5","blue"
"ENSG00000022556.16","grey"
"ENSG00000198842.10","green"
"ENSG00000181617.6","turquoise"
"ENSG00000138347.16","green"
"ENSG00000145879.11","yellow"
"ENSG00000154080.14","blue"
"ENSG00000163825.4","grey"
"ENSG00000276566.1","turquoise"
"ENSG00000170477.13","blue"
"ENSG00000268916.6","grey"
"ENSG00000233854.2","grey"
"ENSG00000204544.5","blue"
"ENSG00000130595.19","green"
"ENSG00000159184.8","yellow"
"ENSG00000182938.7","yellow"
"ENSG00000184330.12","yellow"
"ENSG00000112761.21","grey"
"ENSG00000177238.14","green"
"ENSG00000008394.13","blue"
"ENSG00000250026.5","blue"
"ENSG00000211655.3","turquoise"
"ENSG00000271569.1","turquoise"
"ENSG00000211973.2","turquoise"
"ENSG00000163209.15","blue"
"ENSG00000007306.15","blue"
"ENSG00000133454.16","green"
"ENSG00000168703.5","yellow"
"ENSG00000196805.7","yellow"
"ENSG00000287059.1","blue"
"ENSG00000159516.9","yellow"
"ENSG00000171345.13","blue"
"ENSG00000141161.12","green"
"ENSG00000225523.2","turquoise"
"ENSG00000157765.13","blue"
"ENSG00000152977.10","grey"
"ENSG00000211638.2","turquoise"
"ENSG00000178172.7","yellow"
"ENSG00000077009.13","green"
"ENSG00000244122.2","blue"
"ENSG00000211639.2","turquoise"
"ENSG00000118729.12","green"
"ENSG00000255666.7","grey"
"ENSG00000125999.11","blue"
"ENSG00000211669.3","turquoise"
"ENSG00000134760.6","yellow"
"ENSG00000182533.7","green"
"ENSG00000253451.1","turquoise"
"ENSG00000148408.13","blue"
"ENSG00000170373.8","brown"
"ENSG00000157119.12","green"
"ENSG00000253154.2","yellow"
"ENSG00000144407.9","blue"
"ENSG00000133636.11","blue"
"ENSG00000094755.17","blue"
"ENSG00000177354.12","green"
"ENSG00000101892.12","green"
"ENSG00000264464.1","grey"
"ENSG00000101470.10","green"
"ENSG00000171401.15","blue"
"ENSG00000234352.9","blue"
"ENSG00000243264.2","turquoise"
"ENSG00000159217.10","grey"
"ENSG00000288062.1","blue"
"ENSG00000148123.15","blue"
"ENSG00000089199.10","green"
"ENSG00000211658.2","turquoise"
"ENSG00000274576.2","turquoise"
"ENSG00000211892.4","turquoise"
"ENSG00000204542.3","yellow"
"ENSG00000211974.3","turquoise"
"ENSG00000282122.1","turquoise"
"ENSG00000223350.2","turquoise"
"ENSG00000211968.3","turquoise"
"ENSG00000012223.13","turquoise"
"ENSG00000211976.2","turquoise"
"ENSG00000211967.3","turquoise"
"ENSG00000102195.10","grey"
"ENSG00000158022.7","green"
"ENSG00000211951.2","turquoise"
"ENSG00000251039.2","turquoise"
"ENSG00000211950.2","turquoise"
"ENSG00000162896.6","blue"
"ENSG00000211898.7","turquoise"
"ENSG00000104327.7","grey"
"ENSG00000141485.17","grey"
"ENSG00000109182.12","yellow"
"ENSG00000119946.11","blue"
"ENSG00000241859.7","red"
"ENSG00000211972.2","turquoise"
"ENSG00000211611.2","turquoise"
"ENSG00000156282.5","yellow"
"ENSG00000183844.17","blue"
"ENSG00000138435.16","green"
"ENSG00000254166.3","grey"
"ENSG00000258815.1","grey"
"ENSG00000276775.1","turquoise"
"ENSG00000211637.2","turquoise"
"ENSG00000156284.6","blue"
"ENSG00000241755.1","turquoise"
"ENSG00000240864.3","turquoise"
"ENSG00000242766.1","turquoise"
"ENSG00000174607.11","blue"
"ENSG00000282639.1","turquoise"
"ENSG00000120729.10","green"
"ENSG00000102854.16","turquoise"
"ENSG00000211890.4","turquoise"
"ENSG00000129437.11","yellow"
"ENSG00000198930.13","grey"
"ENSG00000242371.1","turquoise"
"ENSG00000211895.5","turquoise"
"ENSG00000173991.6","green"
"ENSG00000244094.2","yellow"
"ENSG00000211941.3","turquoise"
"ENSG00000165215.6","blue"
"ENSG00000009709.12","green"
"ENSG00000211642.3","turquoise"
"ENSG00000183072.10","grey"
"ENSG00000187689.10","grey"
"ENSG00000152192.8","blue"
"ENSG00000101443.18","blue"
"ENSG00000184368.16","yellow"
"ENSG00000196344.11","blue"
"ENSG00000211966.2","turquoise"
"ENSG00000010438.17","yellow"
"ENSG00000280411.1","turquoise"
"ENSG00000242515.5","grey"
"ENSG00000197353.4","yellow"
"ENSG00000150893.11","green"
"ENSG00000243290.3","turquoise"
"ENSG00000241635.8","blue"
"ENSG00000084453.16","blue"
"ENSG00000250564.2","grey"
"ENSG00000211937.3","turquoise"
"ENSG00000258053.1","blue"
"ENSG00000272620.2","grey"
"ENSG00000211945.2","turquoise"
"ENSG00000231475.3","turquoise"
"ENSG00000244116.3","turquoise"
"ENSG00000211935.3","turquoise"
"ENSG00000287407.1","grey"
"ENSG00000211650.2","turquoise"
"ENSG00000134258.17","blue"
"ENSG00000211934.3","turquoise"
"ENSG00000244575.3","turquoise"
"ENSG00000134827.8","blue"
"ENSG00000176728.10","red"
"ENSG00000148053.17","blue"
"ENSG00000241244.1","turquoise"
"ENSG00000239855.1","turquoise"
"ENSG00000177551.5","grey"
"ENSG00000162949.16","blue"
"ENSG00000211962.2","turquoise"
"ENSG00000182676.5","green"
"ENSG00000259337.4","turquoise"
"ENSG00000211959.2","turquoise"
"ENSG00000211670.2","turquoise"
"ENSG00000211943.2","turquoise"
"ENSG00000215808.4","yellow"
"ENSG00000133101.10","grey"
"ENSG00000243238.1","turquoise"
"ENSG00000259680.5","turquoise"
"ENSG00000251546.1","turquoise"
"ENSG00000211640.4","turquoise"
"ENSG00000211660.3","turquoise"
"ENSG00000124701.5","green"
"ENSG00000167165.19","blue"
"ENSG00000156413.14","blue"
"ENSG00000211970.3","turquoise"
"ENSG00000211668.2","turquoise"
"ENSG00000163202.5","yellow"
"ENSG00000211964.3","turquoise"
"ENSG00000185962.1","yellow"
"ENSG00000111700.13","grey"
"ENSG00000211662.2","turquoise"
"ENSG00000225087.2","grey"
"ENSG00000257636.6","grey"
"ENSG00000211961.3","turquoise"
"ENSG00000198125.13","green"
"ENSG00000249550.7","turquoise"
"ENSG00000105131.8","blue"
"ENSG00000241351.3","turquoise"
"ENSG00000167080.9","grey"
"ENSG00000211599.2","turquoise"
"ENSG00000211664.3","turquoise"
"ENSG00000198692.10","red"
"ENSG00000188508.11","yellow"
"ENSG00000167754.13","yellow"
"ENSG00000240671.4","turquoise"
"ENSG00000211633.3","turquoise"
"ENSG00000211965.4","turquoise"
"ENSG00000145113.22","blue"
"ENSG00000230316.7","blue"
"ENSG00000124882.4","yellow"
"ENSG00000143520.6","yellow"
"ENSG00000178690.3","blue"
"ENSG00000196811.13","green"
"ENSG00000272163.1","grey"
"ENSG00000075673.12","grey"
"ENSG00000211598.2","turquoise"
"ENSG00000242534.2","turquoise"
"ENSG00000248713.1","green"
"ENSG00000211632.4","turquoise"
"ENSG00000172399.6","green"
"ENSG00000183878.15","red"
"ENSG00000184012.13","blue"
"ENSG00000139988.10","yellow"
"ENSG00000286797.1","grey"
"ENSG00000211946.3","turquoise"
"ENSG00000127249.15","blue"
"ENSG00000178597.7","yellow"
"ENSG00000154620.6","red"
"ENSG00000211955.2","turquoise"
"ENSG00000241294.1","turquoise"
"ENSG00000278196.3","turquoise"
"ENSG00000215853.3","yellow"
"ENSG00000240382.3","turquoise"
"ENSG00000271375.1","turquoise"
"ENSG00000287987.1","yellow"
"ENSG00000095777.17","yellow"
"ENSG00000172867.4","yellow"
"ENSG00000248268.1","grey"
"ENSG00000224041.3","turquoise"
"ENSG00000161896.12","green"
"ENSG00000211663.2","turquoise"
"ENSG00000196581.11","yellow"
"ENSG00000018625.15","green"
"ENSG00000171587.15","blue"
"ENSG00000016082.15","grey"
"ENSG00000259490.2","turquoise"
"ENSG00000099725.14","red"
"ENSG00000090512.12","grey"
"ENSG00000114374.13","red"
"ENSG00000243063.1","turquoise"
"ENSG00000277282.1","turquoise"
"ENSG00000187054.16","blue"
"ENSG00000112238.12","blue"
"ENSG00000211659.2","turquoise"
"ENSG00000185966.4","yellow"
"ENSG00000184459.8","yellow"
"ENSG00000134121.10","blue"
"ENSG00000173641.18","green"
"ENSG00000183091.19","green"
"ENSG00000242076.2","turquoise"
"ENSG00000124134.9","grey"
"ENSG00000211685.3","turquoise"
"ENSG00000243236.6","blue"
"ENSG00000265933.5","grey"
"ENSG00000188624.3","turquoise"
"ENSG00000171243.8","blue"
"ENSG00000240386.3","yellow"
"ENSG00000156885.6","green"
"ENSG00000186867.11","blue"
"ENSG00000142178.9","grey"
"ENSG00000168334.9","green"
"ENSG00000270372.1","grey"
"ENSG00000254851.1","grey"
"ENSG00000172551.11","yellow"
"ENSG00000227877.7","yellow"
"ENSG00000206072.13","blue"
"ENSG00000211673.2","turquoise"
"ENSG00000186474.15","yellow"
"ENSG00000225146.1","grey"
"ENSG00000183778.17","turquoise"
"ENSG00000102683.8","green"
"ENSG00000165553.4","grey"
"ENSG00000131002.12","red"
"ENSG00000229035.2","yellow"
"ENSG00000211947.2","turquoise"
"ENSG00000206073.11","yellow"
"ENSG00000161798.7","blue"
"ENSG00000275874.1","grey"
"ENSG00000243137.8","yellow"
"ENSG00000239819.2","turquoise"
"ENSG00000173157.17","grey"
"ENSG00000239975.2","turquoise"
"ENSG00000211665.3","turquoise"
"ENSG00000121207.12","grey"
"ENSG00000089250.19","grey"
"ENSG00000224650.2","turquoise"
"ENSG00000134765.10","yellow"
"ENSG00000272763.1","grey"
"ENSG00000172782.12","grey"
"ENSG00000231535.7","red"
"ENSG00000232216.1","turquoise"
"ENSG00000096006.12","blue"
"ENSG00000102837.7","grey"
"ENSG00000143556.9","yellow"
"ENSG00000130598.16","green"
"ENSG00000115488.3","yellow"
"ENSG00000115592.11","green"
"ENSG00000169509.6","yellow"
"ENSG00000166869.3","grey"
"ENSG00000211942.3","turquoise"
"ENSG00000211952.3","turquoise"
"ENSG00000130433.7","green"
"ENSG00000166317.12","green"
"ENSG00000007314.12","green"
"ENSG00000225698.3","turquoise"
"ENSG00000170323.9","yellow"
"ENSG00000278857.1","turquoise"
"ENSG00000211652.2","turquoise"
"ENSG00000258732.1","yellow"
"ENSG00000211648.2","turquoise"
"ENSG00000211938.2","turquoise"
"ENSG00000204179.10","grey"
"ENSG00000215182.8","blue"
"ENSG00000211956.2","turquoise"
"ENSG00000182585.10","yellow"
"ENSG00000185247.15","grey"
"ENSG00000253818.1","turquoise"
"ENSG00000163394.6","turquoise"
"ENSG00000224607.4","turquoise"
"ENSG00000007372.24","yellow"
"ENSG00000127325.19","green"
"ENSG00000214263.2","grey"
"ENSG00000267313.7","blue"
"ENSG00000242580.1","turquoise"
"ENSG00000147889.18","grey"
"ENSG00000239571.1","turquoise"
"ENSG00000223648.4","turquoise"
"ENSG00000270550.1","turquoise"
"ENSG00000286733.1","grey"
"ENSG00000254174.1","turquoise"
"ENSG00000242887.1","turquoise"
"ENSG00000135374.11","grey"
"ENSG00000170465.10","yellow"
"ENSG00000231683.6","grey"
"ENSG00000197953.6","grey"
"ENSG00000203786.6","yellow"
"ENSG00000126233.2","yellow"
"ENSG00000197616.13","green"
"ENSG00000203785.9","yellow"
"ENSG00000184148.4","yellow"
"ENSG00000188403.7","turquoise"
"ENSG00000271079.1","grey"
"ENSG00000170549.4","grey"
"ENSG00000244617.2","yellow"
"ENSG00000211625.2","turquoise"
"ENSG00000182261.4","yellow"
"ENSG00000211649.3","turquoise"
"ENSG00000203782.6","yellow"
"ENSG00000197476.3","turquoise"
"ENSG00000137745.12","brown"
"ENSG00000174469.23","grey"
"ENSG00000129514.8","blue"
"ENSG00000286403.1","turquoise"
"ENSG00000224373.3","turquoise"
"ENSG00000158786.5","yellow"
"ENSG00000142973.14","blue"
"ENSG00000185742.7","brown"
"ENSG00000286009.2","red"
"ENSG00000211979.2","turquoise"
"ENSG00000254395.1","turquoise"
"ENSG00000171954.13","yellow"
"ENSG00000283906.1","turquoise"
"ENSG00000165238.16","blue"
"ENSG00000211653.2","turquoise"
"ENSG00000124102.5","yellow"
"ENSG00000170423.13","yellow"
"ENSG00000211666.2","turquoise"
"ENSG00000253883.1","turquoise"
"ENSG00000248740.6","grey"
"ENSG00000211651.3","turquoise"
"ENSG00000275011.1","yellow"
"ENSG00000242265.6","brown"
"ENSG00000133063.16","turquoise"
"ENSG00000170454.6","yellow"
"ENSG00000211933.2","turquoise"
"ENSG00000288611.1","grey"
"ENSG00000180318.4","yellow"
"ENSG00000164796.18","grey"
"ENSG00000162344.4","grey"
"ENSG00000231331.1","turquoise"
"ENSG00000232756.1","blue"
"ENSG00000180176.15","yellow"
"ENSG00000179477.11","yellow"
"ENSG00000182545.6","grey"
"ENSG00000239951.1","turquoise"
"ENSG00000101938.15","turquoise"
"ENSG00000240086.7","grey"
"ENSG00000242207.1","grey"
"ENSG00000211900.2","turquoise"
"ENSG00000112246.10","green"
"ENSG00000211904.2","turquoise"
"ENSG00000211949.3","turquoise"
"ENSG00000258763.5","grey"
"ENSG00000165194.15","brown"
"ENSG00000255501.3","yellow"
"ENSG00000176153.12","turquoise"
"ENSG00000286619.1","grey"
"ENSG00000148704.13","grey"
"ENSG00000167759.13","yellow"
"ENSG00000226145.7","yellow"
"ENSG00000282600.2","turquoise"
"ENSG00000117215.15","turquoise"
"ENSG00000253763.1","turquoise"
"ENSG00000233589.1","grey"
"ENSG00000286342.1","yellow"
"ENSG00000211644.3","turquoise"
"ENSG00000253998.3","turquoise"
"ENSG00000128610.12","blue"
"ENSG00000259672.3","grey"
"ENSG00000188257.12","turquoise"
"ENSG00000139144.11","grey"
"ENSG00000204710.2","turquoise"
"ENSG00000273706.5","blue"
"ENSG00000101210.13","green"
"ENSG00000167769.5","yellow"
"ENSG00000211899.10","turquoise"
"ENSG00000110203.9","turquoise"
"ENSG00000211896.7","turquoise"
"ENSG00000241566.1","turquoise"
"ENSG00000271996.1","grey"
"ENSG00000233928.6","blue"
"ENSG00000126467.11","grey"
"ENSG00000006047.13","yellow"
"ENSG00000224817.2","grey"
"ENSG00000261780.3","turquoise"
"ENSG00000228314.1","turquoise"
"ENSG00000149972.11","blue"
"ENSG00000211593.2","turquoise"
"ENSG00000113296.14","green"
"ENSG00000188293.6","yellow"
"ENSG00000271178.1","turquoise"
"ENSG00000175164.15","blue"
"ENSG00000145358.6","green"
"ENSG00000130822.16","turquoise"
"ENSG00000112936.19","turquoise"
"ENSG00000231346.5","grey"
"ENSG00000135903.20","brown"
"ENSG00000133488.15","blue"
"ENSG00000253755.1","turquoise"
"ENSG00000227748.2","yellow"
"ENSG00000107105.15","blue"
"ENSG00000125798.15","grey"
"ENSG00000174963.18","grey"
"ENSG00000169271.3","green"
"ENSG00000215018.10","grey"
"ENSG00000204421.3","yellow"
"ENSG00000248663.6","blue"
"ENSG00000001626.16","blue"
"ENSG00000211897.9","turquoise"
"ENSG00000165973.19","turquoise"
"ENSG00000243466.1","turquoise"
"ENSG00000198914.5","grey"
"ENSG00000177791.12","green"
"ENSG00000186472.20","yellow"
"ENSG00000187527.11","blue"
"ENSG00000164749.13","yellow"
"ENSG00000257500.1","grey"
"ENSG00000152785.8","blue"
"ENSG00000198643.7","blue"
"ENSG00000099960.13","grey"
"ENSG00000214336.5","blue"
"ENSG00000129152.4","green"
"ENSG00000244437.1","turquoise"
"ENSG00000156738.18","turquoise"
"ENSG00000182912.6","grey"
"ENSG00000211592.8","turquoise"
"ENSG00000186676.3","grey"
"ENSG00000164879.7","green"
"ENSG00000132465.12","turquoise"
"ENSG00000117983.17","blue"
"ENSG00000122133.17","blue"
"ENSG00000253274.1","turquoise"
"ENSG00000181143.15","blue"
"ENSG00000170162.14","green"
"ENSG00000187180.3","yellow"
"ENSG00000105664.11","brown"
"ENSG00000211654.2","turquoise"
"ENSG00000278473.1","turquoise"
"ENSG00000254056.1","turquoise"
"ENSG00000250337.7","grey"
"ENSG00000078328.22","green"
"ENSG00000178372.8","yellow"
"ENSG00000235649.2","brown"
"ENSG00000227300.12","yellow"
"ENSG00000231290.6","yellow"
"ENSG00000254709.8","turquoise"
"ENSG00000070729.14","yellow"
"ENSG00000253768.1","yellow"
"ENSG00000240041.1","turquoise"
"ENSG00000235559.1","grey"
"ENSG00000169248.13","blue"
"ENSG00000228509.6","grey"
"ENSG00000229807.12","red"
"ENSG00000126549.11","blue"
"ENSG00000168509.20","green"
"ENSG00000067646.12","red"
"ENSG00000231292.6","turquoise"
"ENSG00000236107.10","blue"
"ENSG00000163380.16","green"
"ENSG00000233999.3","turquoise"
"ENSG00000173239.14","yellow"
"ENSG00000263961.8","blue"
"ENSG00000249082.2","blue"
"ENSG00000109063.15","green"
"ENSG00000106483.12","brown"
"ENSG00000168481.9","blue"
"ENSG00000242472.1","turquoise"
"ENSG00000211905.1","turquoise"
"ENSG00000108823.16","green"
"ENSG00000257844.2","turquoise"
"ENSG00000223931.2","turquoise"
"ENSG00000187715.13","green"
"ENSG00000012817.16","red"
"ENSG00000166634.6","grey"
"ENSG00000060718.22","brown"
"ENSG00000129824.16","red"
"ENSG00000119919.11","yellow"
"ENSG00000169035.12","yellow"
"ENSG00000107807.13","grey"
"ENSG00000016602.9","blue"
"ENSG00000095917.14","grey"
"ENSG00000166897.16","grey"
"ENSG00000253132.1","turquoise"
"ENSG00000167914.12","yellow"
"ENSG00000159387.8","turquoise"
"ENSG00000211679.2","turquoise"
"ENSG00000214429.3","grey"
"ENSG00000047457.14","blue"
"ENSG00000235280.2","blue"
"ENSG00000196104.11","green"
"ENSG00000072657.9","grey"
"ENSG00000132854.19","brown"
"ENSG00000166589.13","yellow"
"ENSG00000248144.6","blue"
"ENSG00000211893.4","turquoise"
"ENSG00000182898.4","yellow"
"ENSG00000148735.15","blue"
"ENSG00000148798.11","blue"
"ENSG00000253234.1","turquoise"
"ENSG00000211597.2","turquoise"
"ENSG00000197444.10","blue"
"ENSG00000104332.12","turquoise"
"ENSG00000143631.11","yellow"
"ENSG00000134443.10","brown"
"ENSG00000227183.3","grey"
"ENSG00000253691.2","turquoise"
"ENSG00000274276.4","yellow"
"ENSG00000198488.10","blue"
"ENSG00000283227.1","yellow"
"ENSG00000167755.15","yellow"
"ENSG00000260673.1","yellow"
"ENSG00000280356.1","grey"
"ENSG00000172005.11","blue"
"ENSG00000108602.18","blue"
"ENSG00000170689.10","grey"
"ENSG00000010282.15","green"
"ENSG00000157502.13","green"
"ENSG00000087128.10","blue"
"ENSG00000232677.9","grey"
"ENSG00000242512.9","blue"
"ENSG00000260458.3","yellow"
"ENSG00000130054.5","blue"
"ENSG00000111405.9","yellow"
"ENSG00000143297.19","turquoise"
"ENSG00000283178.1","blue"
"ENSG00000185739.13","green"
"ENSG00000276430.3","yellow"
"ENSG00000131771.14","blue"
"ENSG00000268621.6","turquoise"
"ENSG00000185038.14","grey"
"ENSG00000106809.11","brown"
"ENSG00000107187.17","grey"
"ENSG00000233836.7","grey"
"ENSG00000238266.2","yellow"
"ENSG00000283992.2","yellow"
"ENSG00000069482.7","grey"
"ENSG00000136696.11","yellow"
"ENSG00000073067.14","turquoise"
"ENSG00000244649.5","grey"
"ENSG00000162891.10","yellow"
"ENSG00000183273.7","blue"
"ENSG00000149968.12","yellow"
"ENSG00000130055.14","turquoise"
"ENSG00000267577.1","turquoise"
"ENSG00000286540.1","grey"
"ENSG00000067048.17","red"
"ENSG00000273225.4","yellow"
"ENSG00000165246.14","red"
"ENSG00000183770.7","grey"
"ENSG00000163221.9","yellow"
"ENSG00000250697.2","turquoise"
"ENSG00000146938.16","brown"
"ENSG00000283183.2","blue"
"ENSG00000240764.4","yellow"
"ENSG00000189182.10","grey"
"ENSG00000178222.13","grey"
"ENSG00000271573.1","yellow"
"ENSG00000162040.7","blue"
"ENSG00000166948.10","grey"
"ENSG00000243321.3","blue"
"ENSG00000229754.1","turquoise"
"ENSG00000105369.10","turquoise"
"ENSG00000164651.17","grey"
"ENSG00000160862.13","grey"
"ENSG00000223812.8","turquoise"
"ENSG00000181333.12","yellow"
"ENSG00000189127.8","yellow"
"ENSG00000134398.15","blue"
"ENSG00000164308.17","turquoise"
"ENSG00000196616.14","turquoise"
"ENSG00000129654.8","blue"
"ENSG00000150276.8","grey"
"ENSG00000165917.10","green"
"ENSG00000162409.11","green"
"ENSG00000174226.9","blue"
"ENSG00000244128.7","turquoise"
"ENSG00000213030.5","green"
"ENSG00000130528.12","green"
"ENSG00000253545.1","turquoise"
"ENSG00000271130.1","turquoise"
"ENSG00000112183.15","green"
"ENSG00000133878.9","green"
"ENSG00000127241.18","turquoise"
"ENSG00000272405.1","grey"
"ENSG00000198854.5","yellow"
"ENSG00000228695.10","grey"
"ENSG00000159337.7","yellow"
"ENSG00000270472.2","turquoise"
"ENSG00000211676.2","turquoise"
"ENSG00000170835.16","blue"
"ENSG00000240280.7","yellow"
"ENSG00000174145.8","yellow"
"ENSG00000135333.14","blue"
"ENSG00000083782.8","brown"
"ENSG00000203995.10","blue"
"ENSG00000105889.16","grey"
"ENSG00000115616.3","blue"
"ENSG00000165300.7","turquoise"
"ENSG00000253481.2","turquoise"
"ENSG00000237290.2","yellow"
"ENSG00000287826.1","yellow"
"ENSG00000259756.1","grey"
"ENSG00000227827.3","grey"
"ENSG00000170476.16","turquoise"
"ENSG00000253120.1","turquoise"
"ENSG00000204866.8","yellow"
"ENSG00000270864.1","turquoise"
"ENSG00000260318.1","grey"
"ENSG00000174482.10","grey"
"ENSG00000101441.4","grey"
"ENSG00000260197.1","red"
"ENSG00000269994.3","grey"
"ENSG00000183117.19","yellow"
"ENSG00000287023.1","turquoise"
"ENSG00000075461.6","grey"
"ENSG00000169436.17","brown"
"ENSG00000251281.1","turquoise"
"ENSG00000147573.17","green"
"ENSG00000203650.9","grey"
"ENSG00000167653.5","blue"
"ENSG00000286133.2","grey"
"ENSG00000164530.15","turquoise"
"ENSG00000241945.8","grey"
"ENSG00000260658.6","blue"
"ENSG00000188933.16","grey"
"ENSG00000188089.13","yellow"
"ENSG00000238072.1","grey"
"ENSG00000232079.7","blue"
"ENSG00000243284.1","yellow"
"ENSG00000164488.12","grey"
"ENSG00000165621.8","blue"
"ENSG00000105388.16","blue"
"ENSG00000205086.8","blue"
"ENSG00000100170.10","yellow"
"ENSG00000048462.11","turquoise"
"ENSG00000281641.3","blue"
"ENSG00000211677.2","turquoise"
"ENSG00000259663.2","grey"
"ENSG00000253936.1","turquoise"
"ENSG00000105427.10","yellow"
"ENSG00000213058.3","grey"
"ENSG00000104044.16","blue"
"ENSG00000253742.1","turquoise"
"ENSG00000109193.12","grey"
"ENSG00000112333.12","grey"
"ENSG00000162892.16","yellow"
"ENSG00000114790.13","blue"
"ENSG00000234042.1","grey"
"ENSG00000280002.1","grey"
"ENSG00000258932.5","blue"
"ENSG00000148942.15","grey"
"ENSG00000174429.4","green"
"ENSG00000233515.2","grey"
"ENSG00000204021.4","yellow"
"ENSG00000226306.6","green"
"ENSG00000019505.8","brown"
"ENSG00000275325.4","grey"
"ENSG00000163833.8","green"
"ENSG00000181577.16","blue"
"ENSG00000138136.6","green"
"ENSG00000236120.7","blue"
"ENSG00000138755.6","turquoise"
"ENSG00000231107.2","grey"
"ENSG00000237575.4","grey"
"ENSG00000146530.14","blue"
"ENSG00000241794.2","yellow"
"ENSG00000186844.6","yellow"
"ENSG00000204538.4","yellow"
"ENSG00000189051.5","yellow"
"ENSG00000064655.19","blue"
"ENSG00000230061.2","grey"
"ENSG00000140519.14","yellow"
"ENSG00000196167.10","blue"
"ENSG00000171126.8","blue"
"ENSG00000211594.2","turquoise"
"ENSG00000227128.5","green"
"ENSG00000169245.6","turquoise"
"ENSG00000144908.14","turquoise"
"ENSG00000100473.18","blue"
"ENSG00000189001.11","yellow"
"ENSG00000152580.8","brown"
"ENSG00000211645.2","turquoise"
"ENSG00000224854.3","grey"
"ENSG00000287426.1","yellow"
"ENSG00000125813.13","grey"
"ENSG00000278263.2","turquoise"
"ENSG00000180861.9","yellow"
"ENSG00000273540.4","green"
"ENSG00000237923.1","turquoise"
"ENSG00000173253.15","blue"
"ENSG00000143355.16","grey"
"ENSG00000179046.8","blue"
"ENSG00000180316.12","yellow"
"ENSG00000211958.2","turquoise"
"ENSG00000116748.21","green"
"ENSG00000164411.12","grey"
"ENSG00000136697.13","yellow"
"ENSG00000260763.1","grey"
"ENSG00000102230.14","brown"
"ENSG00000103546.18","yellow"
"ENSG00000165188.13","blue"
"ENSG00000180999.11","green"
"ENSG00000213730.3","grey"
"ENSG00000277268.2","blue"
"ENSG00000211978.2","turquoise"
"ENSG00000149294.17","green"
"ENSG00000166736.11","blue"
"ENSG00000117971.12","grey"
"ENSG00000071991.9","brown"
"ENSG00000185272.14","blue"
"ENSG00000186529.16","blue"
"ENSG00000267795.6","blue"
"ENSG00000163464.8","yellow"
"ENSG00000171658.8","grey"
"ENSG00000177519.4","blue"
"ENSG00000166670.10","yellow"
"ENSG00000147041.12","blue"
"ENSG00000183960.9","blue"
"ENSG00000237636.3","grey"
"ENSG00000100078.4","yellow"
"ENSG00000196277.16","blue"
"ENSG00000214617.9","grey"
"ENSG00000179869.15","blue"
"ENSG00000250421.5","grey"
"ENSG00000125848.10","yellow"
"ENSG00000189212.12","blue"
"ENSG00000151632.17","turquoise"
"ENSG00000123572.17","brown"
"ENSG00000196482.18","green"
"ENSG00000170160.17","grey"
"ENSG00000236333.4","grey"
"ENSG00000259107.2","turquoise"
"ENSG00000160200.18","yellow"
"ENSG00000170426.2","yellow"
"ENSG00000244675.2","grey"
"ENSG00000272068.1","grey"
"ENSG00000144057.15","brown"
"ENSG00000234262.1","blue"
"ENSG00000079393.20","green"
"ENSG00000169474.4","yellow"
"ENSG00000165092.13","blue"
"ENSG00000071909.19","grey"
"ENSG00000165953.10","yellow"
"ENSG00000211647.1","turquoise"
"ENSG00000139865.16","blue"
"ENSG00000106031.9","yellow"
"ENSG00000134873.10","blue"
"ENSG00000117322.18","turquoise"
"ENSG00000234862.1","blue"
"ENSG00000237111.1","turquoise"
"ENSG00000136531.18","blue"
"ENSG00000255535.2","grey"
"ENSG00000258602.1","grey"
"ENSG00000149596.7","green"
"ENSG00000179066.8","blue"
"ENSG00000172752.14","turquoise"
"ENSG00000186204.15","blue"
"ENSG00000124212.6","brown"
"ENSG00000287941.1","turquoise"
"ENSG00000283098.2","blue"
"ENSG00000168754.15","yellow"
"ENSG00000105852.11","blue"
"ENSG00000224566.2","grey"
"ENSG00000167634.12","grey"
"ENSG00000197632.9","yellow"
"ENSG00000258073.1","yellow"
"ENSG00000107984.10","turquoise"
"ENSG00000232040.4","grey"
"ENSG00000180251.5","blue"
"ENSG00000211957.2","turquoise"
"ENSG00000260302.3","grey"
"ENSG00000174514.13","blue"
"ENSG00000142619.4","grey"
"ENSG00000170054.16","yellow"
"ENSG00000263946.1","grey"
"ENSG00000129991.13","turquoise"
"ENSG00000149328.15","blue"
"ENSG00000057149.16","yellow"
"ENSG00000242516.2","grey"
"ENSG00000258661.1","blue"
"ENSG00000130600.19","green"
"ENSG00000254521.7","turquoise"
"ENSG00000185640.6","yellow"
"ENSG00000286418.1","yellow"
"ENSG00000103460.17","blue"
"ENSG00000138829.12","brown"
"ENSG00000047936.11","grey"
"ENSG00000106772.18","green"
"ENSG00000185290.4","turquoise"
"ENSG00000093134.15","yellow"
"ENSG00000163331.12","blue"
"ENSG00000142623.11","blue"
"ENSG00000154274.15","blue"
"ENSG00000285753.1","yellow"
"ENSG00000124678.20","yellow"
"ENSG00000140481.15","grey"
"ENSG00000231870.4","yellow"
"ENSG00000233052.1","yellow"
"ENSG00000269993.1","grey"
"ENSG00000230183.4","grey"
"ENSG00000248370.2","yellow"
"ENSG00000224769.1","blue"
"ENSG00000184613.11","yellow"
"ENSG00000283071.1","grey"
"ENSG00000224570.1","grey"
"ENSG00000287423.1","turquoise"
"ENSG00000165164.14","blue"
"ENSG00000166510.14","grey"
"ENSG00000204539.4","yellow"
"ENSG00000188580.15","grey"
"ENSG00000286519.1","grey"
"ENSG00000176406.23","yellow"
"ENSG00000138615.6","brown"
"ENSG00000114771.14","blue"
"ENSG00000105894.12","turquoise"
"ENSG00000284727.1","blue"
"ENSG00000186395.8","yellow"
"ENSG00000206262.9","grey"
"ENSG00000108244.17","yellow"
"ENSG00000170500.13","green"
"ENSG00000214776.12","turquoise"
"ENSG00000203688.6","blue"
"ENSG00000164400.6","yellow"
"ENSG00000230838.1","brown"
"ENSG00000227392.2","blue"
"ENSG00000240922.1","blue"
"ENSG00000249199.2","grey"
"ENSG00000269416.6","blue"
"ENSG00000167941.3","grey"
"ENSG00000125851.10","turquoise"
"ENSG00000233732.5","turquoise"
"ENSG00000237659.1","red"
"ENSG00000182013.18","brown"
"ENSG00000176945.17","blue"
"ENSG00000217236.2","yellow"
"ENSG00000196611.5","yellow"
"ENSG00000267327.2","blue"
"ENSG00000006611.17","blue"
"ENSG00000143452.16","grey"
"ENSG00000237548.1","blue"
"ENSG00000254221.2","grey"
"ENSG00000125285.6","blue"
"ENSG00000184108.8","yellow"
"ENSG00000162494.6","green"
"ENSG00000179826.7","grey"
"ENSG00000273018.7","grey"
"ENSG00000142661.19","green"
"ENSG00000154165.5","turquoise"
"ENSG00000225106.1","brown"
"ENSG00000183760.11","yellow"
"ENSG00000089225.20","grey"
"ENSG00000099954.18","grey"
"ENSG00000112115.7","turquoise"
"ENSG00000248360.7","yellow"
"ENSG00000030304.14","green"
"ENSG00000185008.17","turquoise"
"ENSG00000129910.8","green"
"ENSG00000197614.11","brown"
"ENSG00000139292.13","brown"
"ENSG00000229092.2","turquoise"
"ENSG00000287158.1","grey"
"ENSG00000078295.17","green"
"ENSG00000132704.16","turquoise"
"ENSG00000213606.3","grey"
"ENSG00000233532.6","turquoise"
"ENSG00000128714.6","grey"
"ENSG00000261175.6","grey"
"ENSG00000144834.14","grey"
"ENSG00000159173.19","green"
"ENSG00000124205.18","green"
"ENSG00000187173.4","yellow"
"ENSG00000234828.9","grey"
"ENSG00000197446.9","blue"
"ENSG00000136695.15","yellow"
"ENSG00000187775.17","grey"
"ENSG00000136688.11","yellow"
"ENSG00000239528.1","grey"
"ENSG00000196542.8","grey"
"ENSG00000187957.8","grey"
"ENSG00000196136.18","grey"
"ENSG00000236360.2","grey"
"ENSG00000234685.1","blue"
"ENSG00000249853.8","green"
"ENSG00000230006.7","turquoise"
"ENSG00000236028.1","yellow"
"ENSG00000138207.14","brown"
"ENSG00000133863.9","yellow"
"ENSG00000163216.7","yellow"
"ENSG00000254349.6","grey"
"ENSG00000175928.6","brown"
"ENSG00000268104.3","yellow"
"ENSG00000155269.12","yellow"
"ENSG00000163710.9","brown"
"ENSG00000158528.12","blue"
"ENSG00000136944.19","grey"
"ENSG00000232508.1","grey"
"ENSG00000242741.2","yellow"
"ENSG00000021826.17","grey"
"ENSG00000103534.17","blue"
"ENSG00000187398.12","brown"
"ENSG00000256288.1","grey"
"ENSG00000105929.16","blue"
"ENSG00000127252.7","blue"
"ENSG00000214711.10","blue"
"ENSG00000131203.13","turquoise"
"ENSG00000225362.10","turquoise"
"ENSG00000187908.20","blue"
"ENSG00000183145.9","yellow"
"ENSG00000143469.20","brown"
"ENSG00000108342.13","grey"
"ENSG00000231772.5","blue"
"ENSG00000251095.7","grey"
"ENSG00000137077.8","turquoise"
"ENSG00000105825.14","grey"
"ENSG00000163395.17","green"
"ENSG00000211667.3","turquoise"
"ENSG00000259374.2","blue"
"ENSG00000115353.11","turquoise"
"ENSG00000172382.10","yellow"
"ENSG00000114631.11","yellow"
"ENSG00000186160.5","turquoise"
"ENSG00000073756.12","grey"
"ENSG00000174343.6","yellow"
"ENSG00000134339.9","grey"
"ENSG00000165078.13","grey"
"ENSG00000165863.17","grey"
"ENSG00000255860.3","grey"
"ENSG00000241439.1","blue"
"ENSG00000113805.8","brown"
"ENSG00000196468.8","brown"
"ENSG00000232383.1","grey"
"ENSG00000144229.12","brown"
"ENSG00000170627.11","grey"
"ENSG00000176399.4","grey"
"ENSG00000204020.6","yellow"
"ENSG00000102109.9","grey"
"ENSG00000156076.10","blue"
"ENSG00000198074.10","yellow"
"ENSG00000258654.1","grey"
"ENSG00000284928.1","grey"
"ENSG00000174611.12","green"
"ENSG00000287329.1","grey"
"ENSG00000287895.1","grey"
"ENSG00000165125.22","turquoise"
"ENSG00000127324.9","blue"
"ENSG00000284095.1","grey"
"ENSG00000186377.8","turquoise"
"ENSG00000140835.10","blue"
"ENSG00000189377.9","blue"
"ENSG00000267287.1","grey"
"ENSG00000113396.13","turquoise"
"ENSG00000197084.5","grey"
"ENSG00000181449.4","blue"
"ENSG00000178934.5","yellow"
"ENSG00000197847.12","grey"
"ENSG00000135324.6","blue"
"ENSG00000235890.2","grey"
"ENSG00000075340.23","brown"
"ENSG00000156475.18","grey"
"ENSG00000226777.7","turquoise"
"ENSG00000226025.9","blue"
"ENSG00000100721.11","turquoise"
"ENSG00000127083.7","brown"
"ENSG00000254842.6","blue"
"ENSG00000153707.17","brown"
"ENSG00000144278.15","grey"
"ENSG00000287887.1","grey"
"ENSG00000203952.9","blue"
"ENSG00000253497.1","turquoise"
"ENSG00000184809.13","turquoise"
"ENSG00000112494.10","yellow"
"ENSG00000272328.1","grey"
"ENSG00000183287.14","blue"
"ENSG00000133710.16","yellow"
"ENSG00000141668.10","turquoise"
"ENSG00000267694.1","yellow"
"ENSG00000134240.12","blue"
"ENSG00000171234.14","grey"
"ENSG00000153822.14","blue"
"ENSG00000130649.10","blue"
"ENSG00000153292.16","blue"
"ENSG00000058404.20","green"
"ENSG00000287352.1","blue"
"ENSG00000286042.1","grey"
"ENSG00000144847.13","blue"
"ENSG00000163273.4","yellow"
"ENSG00000188803.15","brown"
"ENSG00000173557.15","grey"
"ENSG00000167779.9","turquoise"
"ENSG00000263639.7","blue"
"ENSG00000257017.9","turquoise"
"ENSG00000171819.5","green"
"ENSG00000124875.10","grey"
"ENSG00000138131.4","brown"
"ENSG00000265182.1","grey"
"ENSG00000248485.2","blue"
"ENSG00000171714.12","green"
"ENSG00000181392.17","blue"
"ENSG00000084110.11","yellow"
"ENSG00000134463.15","grey"
"ENSG00000231106.2","grey"
"ENSG00000234840.2","grey"
"ENSG00000249721.1","grey"
"ENSG00000112796.10","blue"
"ENSG00000064205.10","brown"
"ENSG00000235601.1","brown"
"ENSG00000109511.12","grey"
"ENSG00000082482.14","brown"
"ENSG00000185847.8","green"
"ENSG00000254607.2","grey"
"ENSG00000234929.2","grey"
"ENSG00000143502.15","blue"
"ENSG00000133134.12","blue"
"ENSG00000172403.11","green"
"ENSG00000198848.13","brown"
"ENSG00000184163.3","turquoise"
"ENSG00000102924.12","grey"
"ENSG00000179593.16","grey"
"ENSG00000268879.1","turquoise"
"ENSG00000142449.13","blue"
"ENSG00000159648.11","grey"
"ENSG00000137673.9","brown"
"ENSG00000183674.12","turquoise"
"ENSG00000179059.10","turquoise"
"ENSG00000092295.12","yellow"
"ENSG00000137441.8","blue"
"ENSG00000094963.14","turquoise"
"ENSG00000188100.9","yellow"
"ENSG00000229970.3","grey"
"ENSG00000162009.8","grey"
"ENSG00000172724.12","turquoise"
"ENSG00000109205.16","blue"
"ENSG00000178568.15","green"
"ENSG00000172020.13","brown"
"ENSG00000186007.10","grey"
"ENSG00000232023.3","grey"
"ENSG00000136574.18","blue"
"ENSG00000171885.18","grey"
"ENSG00000261502.4","blue"
"ENSG00000138675.16","brown"
"ENSG00000075035.10","turquoise"
"ENSG00000262198.1","blue"
"ENSG00000236279.7","blue"
"ENSG00000287692.1","blue"
"ENSG00000229636.2","yellow"
"ENSG00000172346.15","green"
"ENSG00000091513.16","blue"
"ENSG00000151715.8","yellow"
"ENSG00000158825.6","yellow"
"ENSG00000224251.6","blue"
"ENSG00000248329.6","brown"
"ENSG00000166391.15","grey"
"ENSG00000205325.3","grey"
"ENSG00000114948.13","blue"
"ENSG00000204936.10","blue"
"ENSG00000138650.9","brown"
"ENSG00000130558.20","turquoise"
"ENSG00000228232.1","grey"
"ENSG00000116031.9","grey"
"ENSG00000231560.1","grey"
"ENSG00000153930.12","grey"
"ENSG00000253227.2","green"
"ENSG00000154553.16","green"
"ENSG00000188828.12","yellow"
"ENSG00000232230.1","grey"
"ENSG00000227777.1","grey"
"ENSG00000261272.1","blue"
"ENSG00000145287.11","turquoise"
"ENSG00000196734.9","yellow"
"ENSG00000128594.8","blue"
"ENSG00000165966.16","brown"
"ENSG00000198542.14","brown"
"ENSG00000108924.14","blue"
"ENSG00000054938.16","brown"
"ENSG00000275395.6","turquoise"
"ENSG00000183628.14","grey"
"ENSG00000185745.10","blue"
"ENSG00000211595.2","turquoise"
"ENSG00000228577.1","blue"
"ENSG00000230750.1","grey"
"ENSG00000232855.7","grey"
"ENSG00000278928.1","turquoise"
"ENSG00000117148.8","grey"
"ENSG00000137142.5","brown"
"ENSG00000248112.1","turquoise"
"ENSG00000164007.11","grey"
"ENSG00000211656.3","turquoise"
"ENSG00000271615.1","turquoise"
"ENSG00000285407.1","grey"
"ENSG00000163736.4","yellow"
"ENSG00000261713.6","green"
"ENSG00000106541.12","blue"
"ENSG00000267056.2","grey"
"ENSG00000243479.3","yellow"
"ENSG00000107159.13","turquoise"
"ENSG00000265179.7","turquoise"
"ENSG00000255267.4","yellow"
"ENSG00000163817.16","grey"
"ENSG00000184507.16","grey"
"ENSG00000185156.6","blue"
"ENSG00000143429.10","grey"
"ENSG00000256937.1","yellow"
"ENSG00000249413.2","grey"
"ENSG00000172927.8","grey"
"ENSG00000226601.1","blue"
"ENSG00000175315.3","yellow"
"ENSG00000261092.1","yellow"
"ENSG00000146857.4","grey"
"ENSG00000188783.6","brown"
"ENSG00000170837.3","grey"
"ENSG00000243550.3","yellow"
"ENSG00000101463.6","brown"
"ENSG00000140465.14","grey"
"ENSG00000120669.16","green"
"ENSG00000229953.1","grey"
"ENSG00000114200.10","brown"
"ENSG00000185668.8","yellow"
"ENSG00000178776.5","brown"
"ENSG00000197888.2","turquoise"
"ENSG00000173467.9","blue"
"ENSG00000283142.1","yellow"
"ENSG00000265992.1","grey"
"ENSG00000111537.5","turquoise"
"ENSG00000235126.1","turquoise"
"ENSG00000115008.6","yellow"
"ENSG00000179674.4","yellow"
"ENSG00000123500.10","brown"
"ENSG00000184343.11","green"
"ENSG00000163735.7","grey"
"ENSG00000115361.8","green"
"ENSG00000163827.13","green"
"ENSG00000196260.5","blue"
"ENSG00000279141.3","blue"
"ENSG00000250292.1","grey"
"ENSG00000175877.4","yellow"
"ENSG00000017483.15","grey"
"ENSG00000166592.12","green"
"ENSG00000233517.1","blue"
"ENSG00000100146.18","turquoise"
"ENSG00000224842.2","grey"
"ENSG00000132821.12","green"
"ENSG00000135097.7","brown"
"ENSG00000178343.5","turquoise"
"ENSG00000128606.13","brown"
"ENSG00000176490.5","green"
"ENSG00000182272.12","blue"
"ENSG00000259868.3","grey"
"ENSG00000009950.16","blue"
"ENSG00000182632.15","grey"
"ENSG00000131668.14","brown"
"ENSG00000237423.3","grey"
"ENSG00000164128.7","turquoise"
"ENSG00000261115.6","turquoise"
"ENSG00000122852.15","grey"
"ENSG00000133110.15","brown"
"ENSG00000147256.12","green"
"ENSG00000261706.1","grey"
"ENSG00000215580.11","red"
"ENSG00000222037.5","turquoise"
"ENSG00000070193.5","brown"
"ENSG00000170624.13","brown"
"ENSG00000236209.1","grey"
"ENSG00000269289.6","yellow"
"ENSG00000187223.4","yellow"
"ENSG00000249500.1","blue"
"ENSG00000260704.1","grey"
"ENSG00000211804.3","turquoise"
"ENSG00000168427.9","green"
"ENSG00000285875.1","grey"
"ENSG00000152931.9","grey"
"ENSG00000101349.17","blue"
"ENSG00000101680.15","brown"
"ENSG00000233473.2","blue"
"ENSG00000233191.2","grey"
"ENSG00000161270.20","blue"
"ENSG00000183914.14","grey"
"ENSG00000150630.4","blue"
"ENSG00000225764.2","turquoise"
"ENSG00000250509.2","grey"
"ENSG00000224721.1","yellow"
"ENSG00000107165.13","brown"
"ENSG00000115919.15","turquoise"
"ENSG00000244734.4","grey"
"ENSG00000120093.11","blue"
"ENSG00000164107.9","brown"
"ENSG00000286802.1","grey"
"ENSG00000174502.19","blue"
"ENSG00000106819.13","brown"
"ENSG00000168702.18","green"
"ENSG00000214814.7","grey"
"ENSG00000156689.7","blue"
"ENSG00000147257.15","brown"
"ENSG00000155966.14","turquoise"
"ENSG00000166396.13","yellow"
"ENSG00000130032.17","brown"
"ENSG00000197587.11","grey"
"ENSG00000158560.14","brown"
"ENSG00000104435.14","green"
"ENSG00000100593.18","yellow"
"ENSG00000204869.8","blue"
"ENSG00000198768.11","turquoise"
"ENSG00000102243.13","yellow"
"ENSG00000204296.11","grey"
"ENSG00000004776.13","green"
"ENSG00000286966.1","turquoise"
"ENSG00000256039.2","turquoise"
"ENSG00000224127.1","brown"
"ENSG00000183034.13","yellow"
"ENSG00000277586.4","grey"
"ENSG00000187550.9","green"
"ENSG00000162747.12","turquoise"
"ENSG00000184502.4","turquoise"
"ENSG00000246740.2","yellow"
"ENSG00000231971.6","yellow"
"ENSG00000179023.8","blue"
"ENSG00000175161.14","green"
"ENSG00000132321.17","grey"
"ENSG00000105668.7","yellow"
"ENSG00000100433.16","yellow"
"ENSG00000251257.2","green"
"ENSG00000269729.1","turquoise"
"ENSG00000257743.8","turquoise"
"ENSG00000156510.13","turquoise"
"ENSG00000224689.9","yellow"
"ENSG00000169752.17","turquoise"
"ENSG00000276851.1","blue"
"ENSG00000184905.9","brown"
"ENSG00000163286.9","grey"
"ENSG00000264727.1","brown"
"ENSG00000183873.18","green"
"ENSG00000258689.1","blue"
"ENSG00000181195.11","brown"
"ENSG00000133019.12","blue"
"ENSG00000146477.6","yellow"
"ENSG00000104371.5","blue"
"ENSG00000117507.6","blue"
"ENSG00000101670.12","yellow"
"ENSG00000164744.13","turquoise"
"ENSG00000261241.7","grey"
"ENSG00000112319.19","green"
"ENSG00000226476.6","grey"
"ENSG00000009694.13","brown"
"ENSG00000283674.3","blue"
"ENSG00000211891.6","turquoise"
"ENSG00000166535.20","yellow"
"ENSG00000130540.14","grey"
"ENSG00000227066.2","yellow"
"ENSG00000156968.9","grey"
"ENSG00000120907.18","turquoise"
"ENSG00000126016.16","green"
"ENSG00000127129.10","grey"
"ENSG00000215612.8","grey"
"ENSG00000264714.1","yellow"
"ENSG00000129151.9","yellow"
"ENSG00000052850.8","brown"
"ENSG00000186038.9","blue"
"ENSG00000229526.2","yellow"
"ENSG00000109321.11","yellow"
"ENSG00000148346.12","blue"
"ENSG00000236130.2","blue"
"ENSG00000205221.12","green"
"ENSG00000228340.6","grey"
"ENSG00000105143.12","blue"
"ENSG00000183230.17","green"
"ENSG00000218357.3","grey"
"ENSG00000249267.7","blue"
"ENSG00000226779.1","grey"
"ENSG00000285831.1","turquoise"
"ENSG00000166426.8","turquoise"
"ENSG00000183454.18","turquoise"
"ENSG00000129451.12","yellow"
"ENSG00000228290.7","grey"
"ENSG00000145794.17","brown"
"ENSG00000138109.11","blue"
"ENSG00000118160.14","grey"
"ENSG00000070808.16","green"
"ENSG00000211753.4","turquoise"
"ENSG00000172061.9","brown"
"ENSG00000223553.6","grey"
"ENSG00000054356.14","brown"
"ENSG00000143546.10","yellow"
"ENSG00000174175.17","turquoise"
"ENSG00000242550.6","grey"
"ENSG00000224308.1","yellow"
"ENSG00000175874.10","turquoise"
"ENSG00000187123.15","turquoise"
"ENSG00000196139.14","turquoise"
"ENSG00000162723.10","turquoise"
"ENSG00000146276.12","grey"
"ENSG00000070526.15","blue"
"ENSG00000179542.16","green"
"ENSG00000038295.8","blue"
"ENSG00000140297.13","blue"
"ENSG00000225706.2","brown"
"ENSG00000173432.12","grey"
"ENSG00000127954.13","yellow"
"ENSG00000039987.7","grey"
"ENSG00000105289.15","blue"
"ENSG00000176194.18","yellow"
"ENSG00000177570.15","blue"
"ENSG00000204385.13","blue"
"ENSG00000205436.7","turquoise"
"ENSG00000170558.10","brown"
"ENSG00000185904.12","grey"
"ENSG00000164161.10","brown"
"ENSG00000166206.15","brown"
"ENSG00000174837.15","turquoise"
"ENSG00000223813.3","blue"
"ENSG00000112852.7","brown"
"ENSG00000135447.17","green"
"ENSG00000067715.14","blue"
"ENSG00000135480.16","blue"
"ENSG00000166342.19","brown"
"ENSG00000162572.21","yellow"
"ENSG00000106689.11","grey"
"ENSG00000167749.11","yellow"
"ENSG00000286062.1","grey"
"ENSG00000161849.3","yellow"
"ENSG00000238243.3","turquoise"
"ENSG00000145824.13","yellow"
"ENSG00000286256.2","yellow"
"ENSG00000170369.4","brown"
"ENSG00000228952.1","grey"
"ENSG00000145536.15","brown"
"ENSG00000257446.4","grey"
"ENSG00000049540.18","brown"
"ENSG00000244578.1","grey"
"ENSG00000177459.11","blue"
"ENSG00000259495.3","yellow"
"ENSG00000242242.6","grey"
"ENSG00000135116.9","blue"
"ENSG00000106078.19","green"
"ENSG00000116690.13","turquoise"
"ENSG00000183971.10","grey"
"ENSG00000174403.16","green"
"ENSG00000082293.13","turquoise"
"ENSG00000216306.3","yellow"
"ENSG00000185736.16","turquoise"
"ENSG00000197479.7","grey"
"ENSG00000176769.9","grey"
"ENSG00000088386.17","yellow"
"ENSG00000231412.2","yellow"
"ENSG00000164309.15","green"
"ENSG00000153802.12","yellow"
"ENSG00000150394.14","grey"
"ENSG00000130294.17","brown"
"ENSG00000224149.1","brown"
"ENSG00000115009.13","grey"
"ENSG00000234964.4","yellow"
"ENSG00000248973.3","grey"
"ENSG00000214290.8","blue"
"ENSG00000254519.5","blue"
"ENSG00000214659.4","yellow"
"ENSG00000179242.16","grey"
"ENSG00000133135.14","turquoise"
"ENSG00000265574.1","grey"
"ENSG00000266524.3","turquoise"
"ENSG00000198092.6","yellow"
"ENSG00000281162.2","grey"
"ENSG00000154175.18","turquoise"
"ENSG00000171195.11","grey"
"ENSG00000262445.3","grey"
"ENSG00000062096.15","blue"
"ENSG00000236216.5","grey"
"ENSG00000236081.1","grey"
"ENSG00000186732.14","blue"
"ENSG00000243069.8","blue"
"ENSG00000159450.12","grey"
"ENSG00000198670.12","blue"
"ENSG00000026559.14","grey"
"ENSG00000251026.2","blue"
"ENSG00000184305.15","blue"
"ENSG00000196090.12","turquoise"
"ENSG00000133067.17","grey"
"ENSG00000206199.11","grey"
"ENSG00000255399.4","brown"
"ENSG00000099953.10","brown"
"ENSG00000269954.2","turquoise"
"ENSG00000070748.19","blue"
"ENSG00000203985.11","blue"
"ENSG00000146197.9","brown"
"ENSG00000137976.7","turquoise"
"ENSG00000134202.11","blue"
"ENSG00000122367.20","green"
"ENSG00000182742.6","turquoise"
"ENSG00000243566.7","turquoise"
"ENSG00000121446.20","blue"
"ENSG00000160221.18","grey"
"ENSG00000186207.5","yellow"
"ENSG00000260115.1","turquoise"
"ENSG00000203710.12","turquoise"
"ENSG00000151640.13","brown"
"ENSG00000149654.11","grey"
"ENSG00000188738.15","blue"
"ENSG00000224784.2","yellow"
"ENSG00000188505.5","yellow"
"ENSG00000151079.7","brown"
"ENSG00000184185.10","green"
"ENSG00000118785.14","brown"
"ENSG00000215559.8","grey"
"ENSG00000171798.18","yellow"
"ENSG00000287248.1","blue"
"ENSG00000286460.1","grey"
"ENSG00000154451.14","turquoise"
"ENSG00000147896.3","blue"
"ENSG00000206014.7","grey"
"ENSG00000273906.1","red"
"ENSG00000186094.17","blue"
"ENSG00000260289.2","grey"
"ENSG00000278518.1","blue"
"ENSG00000189410.12","yellow"
"ENSG00000154655.16","turquoise"
"ENSG00000146267.12","blue"
"ENSG00000237988.5","turquoise"
"ENSG00000233922.3","blue"
"ENSG00000180532.10","grey"
"ENSG00000167656.5","yellow"
"ENSG00000113494.17","turquoise"
"ENSG00000223872.2","grey"
"ENSG00000244573.3","grey"
"ENSG00000135625.8","grey"
"ENSG00000077274.9","green"
"ENSG00000167549.18","green"
"ENSG00000144891.18","brown"
"ENSG00000130700.7","grey"
"ENSG00000178445.10","turquoise"
"ENSG00000185028.4","green"
"ENSG00000231453.1","blue"
"ENSG00000103449.12","brown"
"ENSG00000165799.5","yellow"
"ENSG00000249102.3","grey"
"ENSG00000134321.12","blue"
"ENSG00000184515.11","grey"
"ENSG00000287656.1","yellow"
"ENSG00000101098.13","brown"
"ENSG00000137959.16","blue"
"ENSG00000089116.4","turquoise"
"ENSG00000081985.13","blue"
"ENSG00000128591.16","green"
"ENSG00000164694.17","brown"
"ENSG00000108417.4","yellow"
"ENSG00000160683.5","turquoise"
"ENSG00000257671.1","blue"
"ENSG00000287923.1","grey"
"ENSG00000188959.9","blue"
"ENSG00000117472.10","blue"
"ENSG00000276405.1","turquoise"
"ENSG00000279965.1","yellow"
"ENSG00000118520.15","yellow"
"ENSG00000176753.5","blue"
"ENSG00000149043.16","turquoise"
"ENSG00000206384.10","turquoise"
"ENSG00000239620.3","grey"
"ENSG00000129988.6","green"
"ENSG00000186226.9","grey"
"ENSG00000205038.12","turquoise"
"ENSG00000188373.5","yellow"
"ENSG00000164756.12","grey"
"ENSG00000187616.5","green"
"ENSG00000091129.21","turquoise"
"ENSG00000163661.4","brown"
"ENSG00000050030.16","turquoise"
"ENSG00000235385.2","grey"
"ENSG00000230988.3","turquoise"
"ENSG00000226004.1","turquoise"
"ENSG00000189223.15","grey"
"ENSG00000172296.13","yellow"
"ENSG00000267409.1","grey"
"ENSG00000240602.7","grey"
"ENSG00000260913.1","grey"
"ENSG00000131126.19","blue"
"ENSG00000215834.10","grey"
"ENSG00000153789.13","turquoise"
"ENSG00000266401.2","turquoise"
"ENSG00000169469.9","yellow"
"ENSG00000106631.8","grey"
"ENSG00000253196.1","yellow"
"ENSG00000187134.14","grey"
"ENSG00000233342.2","yellow"
"ENSG00000138028.16","brown"
"ENSG00000120068.7","yellow"
"ENSG00000177301.16","turquoise"
"ENSG00000135697.10","blue"
"ENSG00000150594.7","brown"
"ENSG00000234880.1","green"
"ENSG00000238837.3","grey"
"ENSG00000229876.1","grey"
"ENSG00000286358.1","grey"
"ENSG00000175287.19","grey"
"ENSG00000181234.9","brown"
"ENSG00000197406.7","green"
"ENSG00000105205.7","turquoise"
"ENSG00000163283.7","grey"
"ENSG00000120322.4","grey"
"ENSG00000224750.6","grey"
"ENSG00000108242.13","blue"
"ENSG00000124143.10","yellow"
"ENSG00000149927.18","blue"
"ENSG00000187510.10","turquoise"
"ENSG00000177272.9","turquoise"
"ENSG00000136573.14","turquoise"
"ENSG00000134028.14","turquoise"
"ENSG00000183691.6","green"
"ENSG00000128510.12","yellow"
"ENSG00000163993.7","yellow"
"ENSG00000111262.6","brown"
"ENSG00000275216.2","turquoise"
"ENSG00000225548.7","grey"
"ENSG00000188095.6","grey"
"ENSG00000119917.14","blue"
"ENSG00000227145.2","turquoise"
"ENSG00000203805.11","brown"
"ENSG00000180875.5","brown"
"ENSG00000125207.7","grey"
"ENSG00000184937.16","brown"
"ENSG00000279778.1","grey"
"ENSG00000205334.2","grey"
"ENSG00000177455.15","turquoise"
"ENSG00000250669.1","grey"
"ENSG00000236819.2","green"
"ENSG00000140323.6","blue"
"ENSG00000227094.1","green"
"ENSG00000159374.17","turquoise"
"ENSG00000170965.10","turquoise"
"ENSG00000242611.2","turquoise"
"ENSG00000169432.18","brown"
"ENSG00000170421.12","yellow"
"ENSG00000164690.8","blue"
"ENSG00000287668.1","grey"
"ENSG00000162722.9","turquoise"
"ENSG00000110195.14","blue"
"ENSG00000104760.17","grey"
"ENSG00000280414.1","blue"
"ENSG00000168447.11","blue"
"ENSG00000186115.13","grey"
"ENSG00000138798.13","green"
"ENSG00000275830.2","yellow"
"ENSG00000066382.16","brown"
"ENSG00000128683.14","grey"
"ENSG00000253658.6","grey"
"ENSG00000253553.7","blue"
"ENSG00000196172.9","grey"
"ENSG00000182601.7","turquoise"
"ENSG00000179148.10","yellow"
"ENSG00000205634.7","grey"
"ENSG00000272157.1","grey"
"ENSG00000226686.8","grey"
"ENSG00000213088.12","turquoise"
"ENSG00000187773.8","brown"
"ENSG00000188820.13","turquoise"
"ENSG00000160180.15","blue"
"ENSG00000182263.14","grey"
"ENSG00000185479.6","yellow"
"ENSG00000224259.7","blue"
"ENSG00000185842.15","grey"
"ENSG00000180818.5","grey"
"ENSG00000286351.1","turquoise"
"ENSG00000231131.8","grey"
"ENSG00000203414.2","grey"
"ENSG00000259485.2","blue"
"ENSG00000282780.1","turquoise"
"ENSG00000112379.9","blue"
"ENSG00000162078.11","blue"
"ENSG00000161905.13","blue"
"ENSG00000131686.15","grey"
"ENSG00000243225.2","grey"
"ENSG00000124664.11","blue"
"ENSG00000110777.12","turquoise"
"ENSG00000224585.1","turquoise"
"ENSG00000137878.17","yellow"
"ENSG00000177181.15","blue"
"ENSG00000176083.18","turquoise"
"ENSG00000185105.5","green"
"ENSG00000141338.14","brown"
"ENSG00000230088.1","yellow"
"ENSG00000108515.18","green"
"ENSG00000258484.4","grey"
"ENSG00000248517.1","yellow"
"ENSG00000139352.4","grey"
"ENSG00000140015.20","grey"
"ENSG00000179083.6","brown"
"ENSG00000101282.9","grey"
"ENSG00000169218.14","turquoise"
"ENSG00000187621.15","turquoise"
"ENSG00000105464.3","grey"
"ENSG00000130720.13","grey"
"ENSG00000125740.14","grey"
"ENSG00000165810.17","turquoise"
"ENSG00000136155.17","yellow"
"ENSG00000129455.15","yellow"
"ENSG00000086548.9","blue"
"ENSG00000251185.1","grey"
"ENSG00000112175.8","green"
"ENSG00000178715.8","grey"
"ENSG00000134259.5","turquoise"
"ENSG00000231625.4","blue"
"ENSG00000230863.3","grey"
"ENSG00000172478.18","yellow"
"ENSG00000185518.12","turquoise"
"ENSG00000105877.18","yellow"
"ENSG00000170128.5","turquoise"
"ENSG00000240476.1","grey"
"ENSG00000092009.10","turquoise"
"ENSG00000276547.1","brown"
"ENSG00000175121.11","yellow"
"ENSG00000145832.14","grey"
"ENSG00000122756.15","grey"
"ENSG00000174899.12","brown"
"ENSG00000241749.4","turquoise"
"ENSG00000163218.15","yellow"
"ENSG00000168124.2","grey"
"ENSG00000267924.1","yellow"
"ENSG00000281386.1","blue"
"ENSG00000287544.1","blue"
"ENSG00000108231.14","green"
"ENSG00000164556.7","grey"
"ENSG00000268460.2","turquoise"
"ENSG00000136842.14","green"
"ENSG00000136327.7","grey"
"ENSG00000279756.1","grey"
"ENSG00000256124.6","blue"
"ENSG00000138061.12","turquoise"
"ENSG00000256995.8","blue"
"ENSG00000280323.1","green"
"ENSG00000115718.18","green"
"ENSG00000272121.1","grey"
"ENSG00000100867.15","grey"
"ENSG00000133083.15","green"
"ENSG00000169306.10","grey"
"ENSG00000255733.6","turquoise"
"ENSG00000136883.14","blue"
"ENSG00000171060.11","blue"
"ENSG00000237523.2","turquoise"
"ENSG00000169515.8","grey"
"ENSG00000268686.2","yellow"
"ENSG00000113389.16","blue"
"ENSG00000137960.6","grey"
"ENSG00000279511.1","grey"
"ENSG00000166105.16","grey"
"ENSG00000185433.10","turquoise"
"ENSG00000123977.10","blue"
"ENSG00000161609.10","yellow"
"ENSG00000131737.5","yellow"
"ENSG00000253496.3","grey"
"ENSG00000007062.12","blue"
"ENSG00000077800.13","yellow"
"ENSG00000007908.16","turquoise"
"ENSG00000072133.11","brown"
"ENSG00000077063.11","turquoise"
"ENSG00000164778.4","grey"
"ENSG00000165272.16","yellow"
"ENSG00000188227.13","grey"
"ENSG00000236345.1","green"
"ENSG00000267013.6","brown"
"ENSG00000151224.13","grey"
"ENSG00000240505.9","turquoise"
"ENSG00000213892.12","grey"
"ENSG00000136267.14","blue"
"ENSG00000251230.6","yellow"
"ENSG00000168062.10","blue"
"ENSG00000101198.15","brown"
"ENSG00000171916.17","yellow"
"ENSG00000182103.5","grey"
"ENSG00000263201.1","yellow"
"ENSG00000206159.11","red"
"ENSG00000270318.1","turquoise"
"ENSG00000163207.7","yellow"
"ENSG00000234147.1","turquoise"
"ENSG00000285644.1","grey"
"ENSG00000165841.11","blue"
"ENSG00000231291.3","grey"
"ENSG00000167183.3","blue"
"ENSG00000184454.7","turquoise"
"ENSG00000205562.3","blue"
"ENSG00000258628.1","blue"
"ENSG00000162641.20","yellow"
"ENSG00000164440.15","green"
"ENSG00000176659.9","yellow"
"ENSG00000138722.10","turquoise"
"ENSG00000184564.11","grey"
"ENSG00000214546.4","grey"
"ENSG00000197582.5","grey"
"ENSG00000111218.12","grey"
"ENSG00000104055.16","yellow"
"ENSG00000099958.15","turquoise"
"ENSG00000260877.2","blue"
"ENSG00000105509.11","brown"
"ENSG00000184828.10","blue"
"ENSG00000092345.14","turquoise"
"ENSG00000253266.1","blue"
"ENSG00000226251.6","yellow"
"ENSG00000197106.7","brown"
"ENSG00000162624.14","brown"
"ENSG00000255983.1","blue"
"ENSG00000141639.12","green"
"ENSG00000198910.14","blue"
"ENSG00000173714.8","green"
"ENSG00000189052.7","green"
"ENSG00000243772.8","turquoise"
"ENSG00000267943.1","grey"
"ENSG00000113088.6","turquoise"
"ENSG00000129682.16","green"
"ENSG00000151892.15","brown"
"ENSG00000182050.13","brown"
"ENSG00000272622.2","yellow"
"ENSG00000070031.4","green"
"ENSG00000168843.14","grey"
"ENSG00000174156.15","grey"
"ENSG00000179914.5","blue"
"ENSG00000079841.18","grey"
"ENSG00000253477.5","grey"
"ENSG00000272808.4","grey"
"ENSG00000251468.2","grey"
"ENSG00000230533.4","blue"
"ENSG00000166796.12","grey"
"ENSG00000267909.3","blue"
"ENSG00000145192.13","grey"
"ENSG00000204941.14","grey"
"ENSG00000255020.1","blue"
"ENSG00000138944.8","green"
"ENSG00000229544.9","grey"
"ENSG00000229261.1","turquoise"
"ENSG00000287390.1","grey"
"ENSG00000204644.10","blue"
"ENSG00000105989.10","brown"
"ENSG00000186832.9","yellow"
"ENSG00000198788.9","blue"
"ENSG00000187094.12","grey"
"ENSG00000181690.8","grey"
"ENSG00000171903.16","turquoise"
"ENSG00000133665.13","blue"
"ENSG00000249948.6","turquoise"
"ENSG00000254271.1","yellow"
"ENSG00000161249.21","yellow"
"ENSG00000171346.16","grey"
"ENSG00000153993.13","brown"
"ENSG00000187486.5","green"
"ENSG00000118432.12","turquoise"
"ENSG00000120094.9","blue"
"ENSG00000185304.15","grey"
"ENSG00000179639.10","turquoise"
"ENSG00000183780.13","turquoise"
"ENSG00000216775.3","blue"
"ENSG00000188536.13","grey"
"ENSG00000188833.10","blue"
"ENSG00000155761.14","blue"
"ENSG00000165794.10","yellow"
"ENSG00000165694.10","brown"
"ENSG00000254951.7","grey"
"ENSG00000109846.9","green"
"ENSG00000003989.18","turquoise"
"ENSG00000204624.8","grey"
"ENSG00000167633.18","turquoise"
"ENSG00000186603.6","blue"
"ENSG00000137033.11","turquoise"
"ENSG00000137090.12","blue"
"ENSG00000275620.1","brown"
"ENSG00000117598.13","grey"
"ENSG00000287927.1","yellow"
"ENSG00000169900.8","grey"
"ENSG00000277270.2","grey"
"ENSG00000269404.7","turquoise"
"ENSG00000102271.14","brown"
"ENSG00000287335.1","turquoise"
"ENSG00000255366.1","blue"
"ENSG00000109906.14","green"
"ENSG00000173338.13","yellow"
"ENSG00000250378.4","brown"
"ENSG00000164687.11","yellow"
"ENSG00000235097.1","blue"
"ENSG00000254417.1","turquoise"
"ENSG00000169550.14","yellow"
"ENSG00000095713.14","brown"
"ENSG00000100450.13","turquoise"
"ENSG00000267057.6","blue"
"ENSG00000251521.2","grey"
"ENSG00000069535.14","grey"
"ENSG00000185633.10","grey"
"ENSG00000249096.7","turquoise"
"ENSG00000135747.11","grey"
"ENSG00000214822.8","yellow"
"ENSG00000154277.13","brown"
"ENSG00000171864.5","brown"
"ENSG00000198626.17","brown"
"ENSG00000256155.1","blue"
"ENSG00000104899.8","blue"
"ENSG00000225383.8","turquoise"
"ENSG00000248458.2","brown"
"ENSG00000104059.4","brown"
"ENSG00000165521.15","grey"
"ENSG00000161031.13","grey"
"ENSG00000163534.15","turquoise"
"ENSG00000115590.14","grey"
"ENSG00000104537.17","yellow"
"ENSG00000259772.6","turquoise"
"ENSG00000004799.8","green"
"ENSG00000009765.15","blue"
"ENSG00000179774.9","blue"
"ENSG00000166828.3","blue"
"ENSG00000158258.16","brown"
"ENSG00000211745.3","turquoise"
"ENSG00000253910.2","grey"
"ENSG00000276067.2","grey"
"ENSG00000234838.3","blue"
"ENSG00000138769.11","grey"
"ENSG00000238125.1","grey"
"ENSG00000286607.1","yellow"
"ENSG00000250982.2","grey"
"ENSG00000268089.3","grey"
"ENSG00000144488.15","grey"
"ENSG00000237438.7","yellow"
"ENSG00000123560.14","brown"
"ENSG00000124440.16","blue"
"ENSG00000204764.14","yellow"
"ENSG00000118113.12","brown"
"ENSG00000173077.16","turquoise"
"ENSG00000214856.11","yellow"
"ENSG00000163064.7","grey"
"ENSG00000144227.5","grey"
"ENSG00000159455.9","yellow"
"ENSG00000229312.2","grey"
"ENSG00000284070.1","grey"
"ENSG00000131730.16","green"
"ENSG00000021645.20","blue"
"ENSG00000260549.2","grey"
"ENSG00000259834.1","turquoise"
"ENSG00000154316.16","blue"
"ENSG00000137261.14","blue"
"ENSG00000223784.2","turquoise"
"ENSG00000122188.13","turquoise"
"ENSG00000254610.3","blue"
"ENSG00000261600.1","grey"
"ENSG00000288555.1","grey"
"ENSG00000255571.9","blue"
"ENSG00000261786.1","grey"
"ENSG00000171889.5","yellow"
"ENSG00000060709.15","yellow"
"ENSG00000169313.10","turquoise"
"ENSG00000229912.1","turquoise"
"ENSG00000149948.14","turquoise"
"ENSG00000007171.18","turquoise"
"ENSG00000260930.2","blue"
"ENSG00000173376.14","brown"
"ENSG00000153563.16","turquoise"
"ENSG00000096264.14","turquoise"
"ENSG00000122420.10","brown"
"ENSG00000189013.14","turquoise"
"ENSG00000137675.5","turquoise"
"ENSG00000224568.2","yellow"
"ENSG00000256029.6","yellow"
"ENSG00000226465.3","grey"
"ENSG00000144644.14","green"
"ENSG00000261613.2","grey"
"ENSG00000163220.11","yellow"
"ENSG00000182674.6","yellow"
"ENSG00000133328.4","grey"
"ENSG00000283486.2","grey"
"ENSG00000186442.7","yellow"
"ENSG00000266729.5","blue"
"ENSG00000100678.19","green"
"ENSG00000163499.12","grey"
"ENSG00000115290.10","green"
"ENSG00000151012.13","turquoise"
"ENSG00000256268.2","turquoise"
"ENSG00000129596.5","brown"
"ENSG00000146453.13","blue"
"ENSG00000180730.5","brown"
"ENSG00000225670.4","turquoise"
"ENSG00000255974.8","blue"
"ENSG00000129221.16","grey"
"ENSG00000186462.9","grey"
"ENSG00000131951.11","blue"
"ENSG00000130413.15","blue"
"ENSG00000204335.4","turquoise"
"ENSG00000236044.1","yellow"
"ENSG00000136244.12","turquoise"
"ENSG00000022267.19","green"
"ENSG00000168542.16","brown"
"ENSG00000078898.7","blue"
"ENSG00000198691.13","grey"
"ENSG00000156219.17","green"
"ENSG00000125878.6","blue"
"ENSG00000152932.8","turquoise"
"ENSG00000130513.6","yellow"
"ENSG00000285715.1","blue"
"ENSG00000109819.9","green"
"ENSG00000260230.5","blue"
"ENSG00000228561.2","grey"
"ENSG00000233098.9","brown"
"ENSG00000261213.1","brown"
"ENSG00000177234.7","brown"
"ENSG00000166183.16","yellow"
"ENSG00000231806.3","yellow"
"ENSG00000175894.18","grey"
"ENSG00000148948.8","brown"
"ENSG00000248347.3","grey"
"ENSG00000124391.5","grey"
"ENSG00000183833.16","turquoise"
"ENSG00000074047.22","grey"
"ENSG00000104213.13","brown"
"ENSG00000176532.4","blue"
"ENSG00000134769.21","green"
"ENSG00000182195.9","brown"
"ENSG00000179299.17","blue"
"ENSG00000073737.17","yellow"
"ENSG00000118849.10","turquoise"
"ENSG00000004846.16","grey"
"ENSG00000168952.15","turquoise"
"ENSG00000215146.5","brown"
"ENSG00000170439.7","green"
"ENSG00000108309.14","yellow"
"ENSG00000144331.20","green"
"ENSG00000185988.15","blue"
"ENSG00000160856.21","turquoise"
"ENSG00000156466.10","brown"
"ENSG00000166106.3","blue"
"ENSG00000267128.2","blue"
"ENSG00000139515.6","grey"
"ENSG00000162006.9","blue"
"ENSG00000234427.1","yellow"
"ENSG00000286546.1","turquoise"
"ENSG00000151572.18","grey"
"ENSG00000253796.2","turquoise"
"ENSG00000125869.10","brown"
"ENSG00000268388.6","turquoise"
"ENSG00000105523.3","blue"
"ENSG00000155657.28","green"
"ENSG00000171951.5","brown"
"ENSG00000150471.16","blue"
"ENSG00000162878.13","turquoise"
"ENSG00000189229.11","grey"
"ENSG00000173805.16","blue"
"ENSG00000174808.12","grey"
"ENSG00000101188.5","grey"
"ENSG00000225807.2","blue"
"ENSG00000100448.4","turquoise"
"ENSG00000168081.9","turquoise"
"ENSG00000253686.2","turquoise"
"ENSG00000177398.18","blue"
"ENSG00000158806.14","yellow"
"ENSG00000172156.4","brown"
"ENSG00000258806.2","grey"
"ENSG00000163519.14","turquoise"
"ENSG00000188269.10","blue"
"ENSG00000233080.3","grey"
"ENSG00000231863.2","yellow"
"ENSG00000204610.13","grey"
"ENSG00000133048.13","green"
"ENSG00000244300.3","grey"
"ENSG00000204128.6","blue"
"ENSG00000159495.8","blue"
"ENSG00000179873.14","turquoise"
"ENSG00000203523.3","yellow"
"ENSG00000264785.1","blue"
"ENSG00000286058.1","grey"
"ENSG00000198336.9","green"
"ENSG00000176692.8","grey"
"ENSG00000206077.13","blue"
"ENSG00000196436.8","blue"
"ENSG00000184139.8","grey"
"ENSG00000256463.8","yellow"
"ENSG00000237167.1","grey"
"ENSG00000088002.12","yellow"
"ENSG00000189056.14","brown"
"ENSG00000169031.20","green"
"ENSG00000157851.17","green"
"ENSG00000179915.24","turquoise"
"ENSG00000167751.13","grey"
"ENSG00000143595.13","grey"
"ENSG00000168079.17","brown"
"ENSG00000143318.13","green"
"ENSG00000169213.7","grey"
"ENSG00000234380.2","grey"
"ENSG00000286984.1","grey"
"ENSG00000146233.8","yellow"
"ENSG00000215644.10","blue"
"ENSG00000153132.13","yellow"
"ENSG00000229009.7","yellow"
"ENSG00000175065.12","yellow"
"ENSG00000119698.12","grey"
"ENSG00000250986.1","grey"
"ENSG00000115414.21","brown"
"ENSG00000231298.7","turquoise"
"ENSG00000183508.5","turquoise"
"ENSG00000257219.6","blue"
"ENSG00000147655.12","brown"
"ENSG00000185482.8","green"
"ENSG00000159212.13","turquoise"
"ENSG00000259590.1","grey"
"ENSG00000064218.5","blue"
"ENSG00000145451.13","yellow"
"ENSG00000162654.9","turquoise"
"ENSG00000224594.2","turquoise"
"ENSG00000187608.10","blue"
"ENSG00000197177.15","green"
"ENSG00000167757.14","yellow"
"ENSG00000273297.2","grey"
"ENSG00000229835.2","yellow"
"ENSG00000053108.17","blue"
"ENSG00000171435.14","blue"
"ENSG00000258077.2","grey"
"ENSG00000123838.11","blue"
"ENSG00000177752.14","green"
"ENSG00000251550.1","grey"
"ENSG00000250874.1","grey"
"ENSG00000085741.13","green"
"ENSG00000153923.10","yellow"
"ENSG00000228918.4","blue"
"ENSG00000229586.2","yellow"
"ENSG00000107518.18","brown"
"ENSG00000279484.2","green"
"ENSG00000223561.7","green"
"ENSG00000112218.9","blue"
"ENSG00000271830.1","grey"
"ENSG00000134538.3","grey"
"ENSG00000280870.3","brown"
"ENSG00000168484.12","grey"
"ENSG00000224237.1","grey"
"ENSG00000175920.18","green"
"ENSG00000215861.6","green"
"ENSG00000166961.15","grey"
"ENSG00000164825.4","yellow"
"ENSG00000151025.11","grey"
"ENSG00000064886.14","turquoise"
"ENSG00000160808.11","green"
"ENSG00000100604.13","grey"
"ENSG00000221986.7","grey"
"ENSG00000260398.1","green"
"ENSG00000214860.5","turquoise"
"ENSG00000175093.5","brown"
"ENSG00000237125.11","brown"
"ENSG00000170231.16","grey"
"ENSG00000239961.3","turquoise"
"ENSG00000197641.12","blue"
"ENSG00000251169.2","grey"
"ENSG00000130487.9","grey"
"ENSG00000189058.9","brown"
"ENSG00000168505.7","turquoise"
"ENSG00000198915.12","grey"
"ENSG00000260125.2","grey"
"ENSG00000132677.13","yellow"
"ENSG00000261534.1","blue"
"ENSG00000174776.11","blue"
"ENSG00000161055.4","blue"
"ENSG00000167476.10","green"
"ENSG00000036672.16","yellow"
"ENSG00000143627.19","grey"
"ENSG00000171236.10","grey"
"ENSG00000178395.7","yellow"
"ENSG00000228262.10","blue"
"ENSG00000249743.6","yellow"
"ENSG00000108018.15","turquoise"
"ENSG00000042980.13","turquoise"
"ENSG00000286504.1","blue"
"ENSG00000109339.24","turquoise"
"ENSG00000029559.7","brown"
"ENSG00000284606.1","blue"
"ENSG00000130675.15","grey"
"ENSG00000254968.7","turquoise"
"ENSG00000187987.9","grey"
"ENSG00000116035.4","grey"
"ENSG00000158246.8","yellow"
"ENSG00000188011.5","turquoise"
"ENSG00000224220.1","turquoise"
"ENSG00000229108.2","green"
"ENSG00000256916.1","blue"
"ENSG00000073150.14","grey"
"ENSG00000148680.16","yellow"
"ENSG00000214872.8","green"
"ENSG00000203722.8","yellow"
"ENSG00000281097.1","blue"
"ENSG00000254126.8","turquoise"
"ENSG00000086696.11","yellow"
"ENSG00000128833.13","blue"
"ENSG00000148219.17","blue"
"ENSG00000186479.5","turquoise"
"ENSG00000172116.23","turquoise"
"ENSG00000183671.12","yellow"
"ENSG00000103089.9","blue"
"ENSG00000165072.10","green"
"ENSG00000187258.14","blue"
"ENSG00000233085.5","yellow"
"ENSG00000132164.10","yellow"
"ENSG00000275895.7","grey"
"ENSG00000259828.1","green"
"ENSG00000204933.3","blue"
"ENSG00000182759.4","green"
"ENSG00000164729.7","blue"
"ENSG00000176381.6","yellow"
"ENSG00000267122.1","grey"
"ENSG00000212724.3","yellow"
"ENSG00000221890.6","brown"
"ENSG00000211694.2","turquoise"
"ENSG00000006016.11","grey"
"ENSG00000113211.5","brown"
"ENSG00000115138.11","blue"
"ENSG00000149305.7","blue"
"ENSG00000168539.4","blue"
"ENSG00000260710.1","turquoise"
"ENSG00000253404.1","blue"
"ENSG00000115758.13","turquoise"
"ENSG00000280027.1","grey"
"ENSG00000136546.16","turquoise"
"ENSG00000122824.11","brown"
"ENSG00000253417.5","yellow"
"ENSG00000124253.11","grey"
"ENSG00000166126.11","turquoise"
"ENSG00000140538.16","brown"
"ENSG00000164188.9","grey"
"ENSG00000198732.11","green"
"ENSG00000236972.2","yellow"
"ENSG00000204362.6","turquoise"
"ENSG00000080854.16","turquoise"
"ENSG00000135114.12","blue"
"ENSG00000248846.3","grey"
"ENSG00000186806.5","yellow"
"ENSG00000123201.14","blue"
"ENSG00000197410.14","brown"
"ENSG00000269985.1","yellow"
"ENSG00000225760.2","grey"
"ENSG00000165449.11","blue"
"ENSG00000254585.5","brown"
"ENSG00000241472.7","grey"
"ENSG00000138759.19","brown"
"ENSG00000092377.15","red"
"ENSG00000233214.1","blue"
"ENSG00000230481.2","turquoise"
"ENSG00000118322.14","yellow"
"ENSG00000102043.16","turquoise"
"ENSG00000257398.8","turquoise"
"ENSG00000184845.4","turquoise"
"ENSG00000108839.12","blue"
"ENSG00000140093.10","grey"
"ENSG00000225868.7","blue"
"ENSG00000197472.15","grey"
"ENSG00000236045.1","grey"
"ENSG00000260135.7","turquoise"
"ENSG00000135638.14","grey"
"ENSG00000146147.15","green"
"ENSG00000172137.19","yellow"
"ENSG00000156298.13","green"
"ENSG00000165617.15","brown"
"ENSG00000176887.7","brown"
"ENSG00000104313.20","brown"
"ENSG00000116661.11","yellow"
"ENSG00000128322.7","turquoise"
"ENSG00000185559.16","green"
"ENSG00000189108.13","grey"
"ENSG00000259692.6","blue"
"ENSG00000145423.5","brown"
"ENSG00000182747.5","yellow"
"ENSG00000232363.1","yellow"
"ENSG00000105048.17","green"
"ENSG00000116194.13","green"
"ENSG00000133433.11","grey"
"ENSG00000136011.15","turquoise"
"ENSG00000152092.16","grey"
"ENSG00000213468.7","blue"
"ENSG00000273415.3","grey"
"ENSG00000115602.17","yellow"
"ENSG00000173597.9","blue"
"ENSG00000213967.11","grey"
"ENSG00000103034.14","grey"
"ENSG00000224063.6","blue"
"ENSG00000180871.8","yellow"
"ENSG00000213025.2","grey"
"ENSG00000240122.1","yellow"
"ENSG00000258657.5","grey"
"ENSG00000158477.7","turquoise"
"ENSG00000154118.13","brown"
"ENSG00000287998.1","turquoise"
"ENSG00000186910.4","blue"
"ENSG00000167434.10","grey"
"ENSG00000236397.3","grey"
"ENSG00000145649.8","turquoise"
"ENSG00000254872.3","blue"
"ENSG00000135318.12","blue"
"ENSG00000266869.2","grey"
"ENSG00000070182.21","green"
"ENSG00000164935.6","turquoise"
"ENSG00000218416.4","blue"
"ENSG00000235277.1","grey"
"ENSG00000147138.3","turquoise"
"ENSG00000229314.5","grey"
"ENSG00000232613.6","turquoise"
"ENSG00000271369.1","turquoise"
"ENSG00000169715.15","yellow"
"ENSG00000116183.11","brown"
"ENSG00000286750.1","blue"
"ENSG00000136352.19","grey"
"ENSG00000261649.6","grey"
"ENSG00000223863.1","yellow"
"ENSG00000081051.8","grey"
"ENSG00000161850.3","yellow"
"ENSG00000227683.1","blue"
"ENSG00000171431.4","blue"
"ENSG00000228933.8","grey"
"ENSG00000231646.6","blue"
"ENSG00000243944.5","turquoise"
"ENSG00000251577.5","turquoise"
"ENSG00000196368.5","blue"
"ENSG00000170681.7","green"
"ENSG00000078725.13","brown"
"ENSG00000197191.6","yellow"
"ENSG00000244791.3","green"
"ENSG00000161405.17","turquoise"
"ENSG00000153956.16","brown"
"ENSG00000185069.2","yellow"
"ENSG00000146809.13","green"
"ENSG00000222033.1","grey"
"ENSG00000164591.14","green"
"ENSG00000288075.1","grey"
"ENSG00000169760.17","brown"
"ENSG00000139800.8","grey"
"ENSG00000140986.8","green"
"ENSG00000144619.15","brown"
"ENSG00000180287.17","grey"
"ENSG00000262668.2","grey"
"ENSG00000108688.11","turquoise"
"ENSG00000134612.12","grey"
"ENSG00000283283.2","yellow"
"ENSG00000253394.6","grey"
"ENSG00000181418.8","green"
"ENSG00000233610.1","yellow"
"ENSG00000117560.8","turquoise"
"ENSG00000227879.2","grey"
"ENSG00000178233.18","blue"
"ENSG00000275591.5","yellow"
"ENSG00000261040.7","blue"
"ENSG00000102452.18","brown"
"ENSG00000124749.17","brown"
"ENSG00000185924.7","grey"
"ENSG00000277200.1","blue"
"ENSG00000177359.20","yellow"
"ENSG00000224049.1","grey"
"ENSG00000234184.6","turquoise"
"ENSG00000248015.7","blue"
"ENSG00000250426.2","blue"
"ENSG00000251533.2","grey"
"ENSG00000285051.2","blue"
"ENSG00000258791.9","yellow"
"ENSG00000279754.1","yellow"
"ENSG00000253661.2","green"
"ENSG00000260220.7","blue"
"ENSG00000286962.1","yellow"
"ENSG00000249007.1","blue"
"ENSG00000141449.15","green"
"ENSG00000288610.1","turquoise"
"ENSG00000250072.6","turquoise"
"ENSG00000119147.10","green"
"ENSG00000126709.15","blue"
"ENSG00000213366.13","blue"
"ENSG00000132692.19","grey"
"ENSG00000101333.17","brown"
"ENSG00000125148.7","blue"
"ENSG00000234155.1","blue"
"ENSG00000165323.15","brown"
"ENSG00000275385.2","turquoise"
"ENSG00000179270.7","blue"
"ENSG00000227906.8","grey"
"ENSG00000155886.11","brown"
"ENSG00000159263.16","yellow"
"ENSG00000114279.13","blue"
"ENSG00000121075.11","grey"
"ENSG00000163739.5","grey"
"ENSG00000198346.11","grey"
"ENSG00000188818.12","blue"
"ENSG00000106302.10","yellow"
"ENSG00000019169.10","turquoise"
"ENSG00000249790.3","grey"
"ENSG00000101605.13","green"
"ENSG00000224940.9","green"
"ENSG00000198523.6","green"
"ENSG00000230990.2","grey"
"ENSG00000224557.7","turquoise"
"ENSG00000286480.1","grey"
"ENSG00000258808.1","turquoise"
"ENSG00000283646.2","grey"
"ENSG00000223652.2","turquoise"
"ENSG00000180535.4","turquoise"
"ENSG00000269397.1","grey"
"ENSG00000246225.7","turquoise"
"ENSG00000172318.5","green"
"ENSG00000141433.13","turquoise"
"ENSG00000165192.14","green"
"ENSG00000253131.1","turquoise"
"ENSG00000261834.2","turquoise"
"ENSG00000283686.2","grey"
"ENSG00000279741.1","blue"
"ENSG00000117525.14","yellow"
"ENSG00000140557.12","brown"
"ENSG00000006210.7","turquoise"
"ENSG00000100253.13","yellow"
"ENSG00000163623.9","brown"
"ENSG00000110427.17","brown"
"ENSG00000234663.7","turquoise"
"ENSG00000256612.7","blue"
"ENSG00000141431.12","brown"
"ENSG00000165023.7","blue"
"ENSG00000156234.7","turquoise"
"ENSG00000085265.11","turquoise"
"ENSG00000261618.2","turquoise"
"ENSG00000197085.11","blue"
"ENSG00000149575.9","green"
"ENSG00000227191.8","turquoise"
"ENSG00000221887.6","turquoise"
"ENSG00000121807.6","turquoise"
"ENSG00000114805.18","blue"
"ENSG00000170927.15","grey"
"ENSG00000165730.16","yellow"
"ENSG00000156218.13","turquoise"
"ENSG00000116983.13","green"
"ENSG00000186340.16","brown"
"ENSG00000121742.19","yellow"
"ENSG00000223534.1","turquoise"
"ENSG00000233579.1","yellow"
"ENSG00000253460.2","turquoise"
"ENSG00000145850.9","turquoise"
"ENSG00000159398.16","yellow"
"ENSG00000229228.1","turquoise"
"ENSG00000153404.14","brown"
"ENSG00000203808.12","green"
"ENSG00000171759.10","blue"
"ENSG00000279720.1","grey"
"ENSG00000236242.1","turquoise"
"ENSG00000185758.9","yellow"
"ENSG00000149054.16","grey"
"ENSG00000249894.1","grey"
"ENSG00000224511.2","yellow"
"ENSG00000187726.9","blue"
"ENSG00000091128.13","grey"
"ENSG00000006377.11","blue"
"ENSG00000138684.9","turquoise"
"ENSG00000225826.2","blue"
"ENSG00000105549.11","grey"
"ENSG00000184160.8","grey"
"ENSG00000204792.2","grey"
"ENSG00000005981.13","green"
"ENSG00000257925.1","turquoise"
"ENSG00000276476.3","grey"
"ENSG00000177807.10","turquoise"
"ENSG00000250420.8","blue"
"ENSG00000203280.4","green"
"ENSG00000233101.10","blue"
"ENSG00000206195.11","brown"
"ENSG00000282390.1","grey"
"ENSG00000235493.2","grey"
"ENSG00000196660.11","grey"
"ENSG00000176971.4","brown"
"ENSG00000131142.13","turquoise"
"ENSG00000160161.9","brown"
"ENSG00000221957.8","turquoise"
"ENSG00000285769.2","grey"
"ENSG00000162105.19","grey"
"ENSG00000229656.7","blue"
"ENSG00000250770.3","turquoise"
"ENSG00000135960.10","blue"
"ENSG00000149021.7","blue"
"ENSG00000225206.10","grey"
"ENSG00000227744.4","grey"
"ENSG00000246876.7","grey"
"ENSG00000136231.14","grey"
"ENSG00000112299.8","turquoise"
"ENSG00000019102.12","blue"
"ENSG00000253626.3","grey"
"ENSG00000260377.1","blue"
"ENSG00000154415.8","green"
"ENSG00000251273.4","grey"
"ENSG00000286544.1","grey"
"ENSG00000235244.4","grey"
"ENSG00000135063.19","green"
"ENSG00000228216.1","grey"
"ENSG00000122641.11","blue"
"ENSG00000145864.14","brown"
"ENSG00000231638.1","turquoise"
"ENSG00000205922.5","grey"
"ENSG00000182836.10","turquoise"
"ENSG00000114547.10","blue"
"ENSG00000188517.16","green"
"ENSG00000185615.16","grey"
"ENSG00000285108.1","yellow"
"ENSG00000172987.13","brown"
"ENSG00000160471.13","grey"
"ENSG00000267151.5","grey"
"ENSG00000242880.2","yellow"
"ENSG00000262061.6","green"
"ENSG00000092607.15","green"
"ENSG00000174792.11","grey"
"ENSG00000180638.19","grey"
"ENSG00000103723.16","yellow"
"ENSG00000254948.1","grey"
"ENSG00000233332.1","grey"
"ENSG00000188322.8","blue"
"ENSG00000183166.11","brown"
"ENSG00000258088.1","grey"
"ENSG00000166482.12","brown"
"ENSG00000250056.8","blue"
"ENSG00000104267.10","yellow"
"ENSG00000243635.1","grey"
"ENSG00000254098.1","turquoise"
"ENSG00000269001.2","turquoise"
"ENSG00000007216.15","blue"
"ENSG00000173546.7","green"
"ENSG00000146666.5","turquoise"
"ENSG00000108576.10","blue"
"ENSG00000224652.2","yellow"
"ENSG00000164485.15","turquoise"
"ENSG00000279036.1","yellow"
"ENSG00000287229.1","blue"
"ENSG00000105366.15","turquoise"
"ENSG00000216915.2","grey"
"ENSG00000244247.2","grey"
"ENSG00000230834.1","grey"
"ENSG00000267868.1","blue"
"ENSG00000271046.1","turquoise"
"ENSG00000058866.15","grey"
"ENSG00000185652.12","brown"
"ENSG00000248599.2","yellow"
"ENSG00000250722.6","turquoise"
"ENSG00000132170.23","grey"
"ENSG00000216921.9","grey"
"ENSG00000173917.10","brown"
"ENSG00000164185.6","green"
"ENSG00000109705.8","brown"
"ENSG00000143196.5","brown"
"ENSG00000067798.16","yellow"
"ENSG00000163421.9","grey"
"ENSG00000286952.1","green"
"ENSG00000047597.7","blue"
"ENSG00000278626.1","grey"
"ENSG00000173227.14","turquoise"
"ENSG00000128383.13","yellow"
"ENSG00000170703.15","blue"
"ENSG00000217646.1","black"
"ENSG00000253709.1","turquoise"
"ENSG00000224194.1","grey"
"ENSG00000189233.12","turquoise"
"ENSG00000088827.12","turquoise"
"ENSG00000267922.1","turquoise"
"ENSG00000274286.2","blue"
"ENSG00000123496.8","grey"
"ENSG00000261072.2","turquoise"
"ENSG00000233117.4","green"
"ENSG00000198881.10","green"
"ENSG00000153446.16","turquoise"
"ENSG00000227124.11","brown"
"ENSG00000198576.4","yellow"
"ENSG00000164520.11","yellow"
"ENSG00000160183.17","turquoise"
"ENSG00000103528.17","yellow"
"ENSG00000126950.8","brown"
"ENSG00000167971.16","turquoise"
"ENSG00000182508.14","turquoise"
"ENSG00000185915.5","green"
"ENSG00000158815.11","blue"
"ENSG00000108821.14","brown"
"ENSG00000164099.3","turquoise"
"ENSG00000151623.15","turquoise"
"ENSG00000124203.6","turquoise"
"ENSG00000079931.15","turquoise"
"ENSG00000036448.10","green"
"ENSG00000228705.2","grey"
"ENSG00000258376.2","grey"
"ENSG00000225489.7","yellow"
"ENSG00000268754.4","turquoise"
"ENSG00000019186.10","grey"
"ENSG00000068615.19","green"
"ENSG00000100181.22","brown"
"ENSG00000171033.13","green"
"ENSG00000279197.1","grey"
"ENSG00000171847.11","blue"
"ENSG00000143171.13","green"
"ENSG00000154654.15","brown"
"ENSG00000258910.3","grey"
"ENSG00000183876.9","blue"
"ENSG00000146839.19","grey"
"ENSG00000169067.4","blue"
"ENSG00000168878.19","grey"
"ENSG00000170498.9","green"
"ENSG00000165731.20","blue"
"ENSG00000157005.4","grey"
"ENSG00000224807.5","blue"
"ENSG00000132185.18","turquoise"
"ENSG00000198963.11","turquoise"
"ENSG00000261804.2","blue"
"ENSG00000285744.1","turquoise"
"ENSG00000185303.17","grey"
"ENSG00000204380.4","blue"
"ENSG00000276509.1","yellow"
"ENSG00000174567.8","yellow"
"ENSG00000231274.5","green"
"ENSG00000140274.14","blue"
"ENSG00000112293.15","blue"
"ENSG00000236427.1","turquoise"
"ENSG00000260947.1","brown"
"ENSG00000245954.8","grey"
"ENSG00000164418.21","brown"
"ENSG00000105374.10","turquoise"
"ENSG00000279058.2","grey"
"ENSG00000218014.1","grey"
"ENSG00000154764.6","yellow"
"ENSG00000150625.16","turquoise"
"ENSG00000116032.5","grey"
"ENSG00000182732.18","blue"
"ENSG00000168621.15","grey"
"ENSG00000223829.6","grey"
"ENSG00000226539.1","grey"
"ENSG00000278464.2","green"
"ENSG00000081052.13","turquoise"
"ENSG00000261104.1","turquoise"
"ENSG00000255815.3","grey"
"ENSG00000139304.16","yellow"
"ENSG00000103316.12","blue"
"ENSG00000174450.12","grey"
"ENSG00000132514.14","turquoise"
"ENSG00000120337.8","grey"
"ENSG00000253671.3","yellow"
"ENSG00000133519.12","grey"
"ENSG00000174348.14","brown"
"ENSG00000111981.5","blue"
"ENSG00000139269.3","green"
"ENSG00000141744.4","green"
"ENSG00000245164.8","turquoise"
"ENSG00000139330.6","brown"
"ENSG00000227640.3","blue"
"ENSG00000143028.9","green"
"ENSG00000215475.5","turquoise"
"ENSG00000283537.2","grey"
"ENSG00000166415.15","grey"
"ENSG00000186301.8","blue"
"ENSG00000170298.15","yellow"
"ENSG00000139219.19","turquoise"
"ENSG00000186335.9","green"
"ENSG00000143512.13","grey"
"ENSG00000231948.2","blue"
"ENSG00000258572.1","turquoise"
"ENSG00000211829.9","turquoise"
"ENSG00000237541.4","turquoise"
"ENSG00000211752.3","turquoise"
"ENSG00000287270.1","yellow"
"ENSG00000137872.17","brown"
"ENSG00000256209.2","yellow"
"ENSG00000273203.1","yellow"
"ENSG00000285417.1","turquoise"
"ENSG00000211706.2","turquoise"
"ENSG00000148204.12","turquoise"
"ENSG00000248587.8","grey"
"ENSG00000152611.12","brown"
"ENSG00000267279.2","turquoise"
"ENSG00000147588.7","green"
"ENSG00000240403.5","turquoise"
"ENSG00000120885.22","blue"
"ENSG00000256151.1","grey"
"ENSG00000130208.9","turquoise"
"ENSG00000164692.18","brown"
"ENSG00000152377.14","brown"
"ENSG00000217261.4","grey"
"ENSG00000104848.1","green"
"ENSG00000204323.5","yellow"
"ENSG00000124215.17","blue"
"ENSG00000243230.1","blue"
"ENSG00000269825.1","grey"
"ENSG00000196074.13","blue"
"ENSG00000124249.7","brown"
"ENSG00000222012.1","grey"
"ENSG00000170577.8","yellow"
"ENSG00000139874.6","brown"
"ENSG00000224260.6","turquoise"
"ENSG00000113600.11","grey"
"ENSG00000168477.19","turquoise"
"ENSG00000161929.15","turquoise"
"ENSG00000076716.9","brown"
"ENSG00000166407.14","green"
"ENSG00000243276.6","grey"
"ENSG00000287055.1","grey"
"ENSG00000124491.16","brown"
"ENSG00000197181.12","grey"
"ENSG00000158488.16","turquoise"
"ENSG00000198178.11","turquoise"
"ENSG00000255262.3","turquoise"
"ENSG00000016391.11","blue"
"ENSG00000124479.11","brown"
"ENSG00000162840.4","blue"
"ENSG00000082196.21","brown"
"ENSG00000225886.3","blue"
"ENSG00000204528.3","yellow"
"ENSG00000229961.3","turquoise"
"ENSG00000100626.17","turquoise"
"ENSG00000170381.14","blue"
"ENSG00000050730.16","turquoise"
"ENSG00000211721.2","turquoise"
"ENSG00000170214.5","grey"
"ENSG00000125726.11","turquoise"
"ENSG00000170324.21","yellow"
"ENSG00000173702.7","blue"
"ENSG00000236256.9","grey"
"ENSG00000105538.10","grey"
"ENSG00000264177.1","grey"
"ENSG00000233355.7","turquoise"
"ENSG00000170579.17","blue"
"ENSG00000231345.3","grey"
"ENSG00000181656.7","green"
"ENSG00000163751.4","turquoise"
"ENSG00000156959.9","grey"
"ENSG00000160505.16","grey"
"ENSG00000254632.2","blue"
"ENSG00000256980.5","turquoise"
"ENSG00000279220.4","blue"
"ENSG00000118194.20","grey"
"ENSG00000137674.4","grey"
"ENSG00000070601.10","yellow"
"ENSG00000214128.11","blue"
"ENSG00000230257.5","grey"
"ENSG00000254176.1","turquoise"
"ENSG00000287424.1","grey"
"ENSG00000120708.17","blue"
"ENSG00000281741.2","grey"
"ENSG00000203697.12","blue"
"ENSG00000197993.9","turquoise"
"ENSG00000228742.11","turquoise"
"ENSG00000197540.8","turquoise"
"ENSG00000124107.5","yellow"
"ENSG00000173930.9","turquoise"
"ENSG00000229618.3","grey"
"ENSG00000135406.14","turquoise"
"ENSG00000226530.2","turquoise"
"ENSG00000196549.12","brown"
"ENSG00000226125.2","yellow"
"ENSG00000122592.8","blue"
"ENSG00000145283.8","yellow"
"ENSG00000224389.9","turquoise"
"ENSG00000226383.7","grey"
"ENSG00000126262.5","yellow"
"ENSG00000255833.2","turquoise"
"ENSG00000122254.7","brown"
"ENSG00000162444.12","blue"
"ENSG00000172548.14","yellow"
"ENSG00000153012.12","turquoise"
"ENSG00000262714.1","grey"
"ENSG00000169583.13","yellow"
"ENSG00000175785.13","turquoise"
"ENSG00000188848.16","turquoise"
"ENSG00000183571.11","green"
"ENSG00000286965.1","grey"
"ENSG00000198185.11","brown"
"ENSG00000248243.1","grey"
"ENSG00000196296.14","green"
"ENSG00000145692.15","blue"
"ENSG00000255221.3","yellow"
"ENSG00000217455.8","brown"
"ENSG00000147180.17","blue"
"ENSG00000144810.16","brown"
"ENSG00000135925.9","yellow"
"ENSG00000184995.7","turquoise"
"ENSG00000243323.7","turquoise"
"ENSG00000214514.8","turquoise"
"ENSG00000273295.1","grey"
"ENSG00000258590.5","grey"
"ENSG00000178947.9","blue"
"ENSG00000188175.10","blue"
"ENSG00000137809.17","brown"
"ENSG00000180229.12","grey"
"ENSG00000172260.15","brown"
"ENSG00000090530.10","grey"
"ENSG00000257732.1","turquoise"
"ENSG00000156564.9","grey"
"ENSG00000267073.1","turquoise"
"ENSG00000175946.8","green"
"ENSG00000138083.5","brown"
"ENSG00000188385.12","blue"
"ENSG00000236496.2","grey"
"ENSG00000287097.1","grey"
"ENSG00000131386.19","brown"
"ENSG00000100302.7","green"
"ENSG00000173212.4","yellow"
"ENSG00000168350.8","grey"
"ENSG00000234948.2","grey"
"ENSG00000183114.8","brown"
"ENSG00000164929.17","brown"
"ENSG00000004848.8","green"
"ENSG00000260139.6","green"
"ENSG00000163435.16","blue"
"ENSG00000153531.13","green"
"ENSG00000182612.10","yellow"
"ENSG00000273209.1","blue"
"ENSG00000115556.14","green"
"ENSG00000166292.12","brown"
"ENSG00000099617.4","grey"
"ENSG00000137819.14","yellow"
"ENSG00000154162.15","blue"
"ENSG00000170848.16","grey"
"ENSG00000230501.1","blue"
"ENSG00000278530.4","grey"
"ENSG00000147570.10","turquoise"
"ENSG00000138311.18","grey"
"ENSG00000132026.14","grey"
"ENSG00000100156.10","yellow"
"ENSG00000242808.10","blue"
"ENSG00000204860.5","grey"
"ENSG00000215875.4","yellow"
"ENSG00000237254.2","turquoise"
"ENSG00000262484.1","blue"
"ENSG00000128218.8","turquoise"
"ENSG00000164393.8","yellow"
"ENSG00000177575.13","turquoise"
"ENSG00000075213.11","grey"
"ENSG00000188822.8","turquoise"
"ENSG00000143473.13","blue"
"ENSG00000167244.21","brown"
"ENSG00000205116.3","turquoise"
"ENSG00000073734.10","yellow"
"ENSG00000074317.11","grey"
"ENSG00000090382.7","turquoise"
"ENSG00000221947.8","grey"
"ENSG00000165474.8","yellow"
"ENSG00000168671.10","grey"
"ENSG00000162706.13","brown"
"ENSG00000224114.1","grey"
"ENSG00000005073.6","grey"
"ENSG00000095303.17","yellow"
"ENSG00000167555.14","brown"
"ENSG00000163364.10","blue"
"ENSG00000234156.3","grey"
"ENSG00000181036.14","turquoise"
"ENSG00000130829.18","turquoise"
"ENSG00000251003.9","turquoise"
"ENSG00000070019.5","blue"
"ENSG00000223658.8","grey"
"ENSG00000187855.5","turquoise"
"ENSG00000198483.13","yellow"
"ENSG00000287626.1","turquoise"
"ENSG00000115297.11","grey"
"ENSG00000183813.7","turquoise"
"ENSG00000263503.1","grey"
"ENSG00000150750.8","grey"
"ENSG00000038427.16","brown"
"ENSG00000143365.19","turquoise"
"ENSG00000188730.5","grey"
"ENSG00000102678.7","green"
"ENSG00000113905.5","grey"
"ENSG00000258811.1","blue"
"ENSG00000110675.13","green"
"ENSG00000119938.9","green"
"ENSG00000288046.1","grey"
"ENSG00000137875.4","turquoise"
"ENSG00000198574.6","turquoise"
"ENSG00000231764.10","blue"
"ENSG00000250934.2","grey"
"ENSG00000187140.6","yellow"
"ENSG00000087085.16","green"
"ENSG00000186431.19","turquoise"
"ENSG00000165972.13","grey"
"ENSG00000280135.1","turquoise"
"ENSG00000105641.4","blue"
"ENSG00000172058.16","grey"
"ENSG00000258986.7","brown"
"ENSG00000197921.6","yellow"
"ENSG00000179799.9","grey"
"ENSG00000232053.7","grey"
"ENSG00000120057.5","green"
"ENSG00000287963.1","yellow"
"ENSG00000018236.15","grey"
"ENSG00000226999.1","grey"
"ENSG00000268628.2","grey"
"ENSG00000160349.10","brown"
"ENSG00000140873.16","brown"
"ENSG00000230387.4","grey"
"ENSG00000251129.2","blue"
"ENSG00000232803.1","grey"
"ENSG00000228549.4","blue"
"ENSG00000171246.6","grey"
"ENSG00000239556.4","yellow"
"ENSG00000165556.10","grey"
"ENSG00000182256.13","grey"
"ENSG00000237412.7","green"
"ENSG00000237592.2","turquoise"
"ENSG00000196407.12","yellow"
"ENSG00000065609.14","yellow"
"ENSG00000170608.3","blue"
"ENSG00000273367.1","grey"
"ENSG00000133687.16","brown"
"ENSG00000117152.14","brown"
"ENSG00000162975.5","brown"
"ENSG00000272568.6","turquoise"
"ENSG00000087494.16","turquoise"
"ENSG00000269855.2","yellow"
"ENSG00000143882.12","yellow"
"ENSG00000160229.13","turquoise"
"ENSG00000185155.12","turquoise"
"ENSG00000162543.6","green"
"ENSG00000254814.1","yellow"
"ENSG00000164266.11","grey"
"ENSG00000228668.1","turquoise"
"ENSG00000287985.1","grey"
"ENSG00000185352.8","blue"
"ENSG00000119888.11","blue"
"ENSG00000170044.8","grey"
"ENSG00000183929.7","grey"
"ENSG00000205279.8","yellow"
"ENSG00000235899.2","turquoise"
"ENSG00000286791.1","grey"
"ENSG00000140067.6","grey"
"ENSG00000227496.3","turquoise"
"ENSG00000142515.15","grey"
"ENSG00000167800.9","grey"
"ENSG00000230033.1","grey"
"ENSG00000233441.6","turquoise"
"ENSG00000277156.1","blue"
"ENSG00000166405.15","turquoise"
"ENSG00000267069.1","turquoise"
"ENSG00000135248.15","yellow"
"ENSG00000037965.6","grey"
"ENSG00000132329.11","green"
"ENSG00000188039.16","blue"
"ENSG00000134548.11","green"
"ENSG00000230461.9","grey"
"ENSG00000287331.1","grey"
"ENSG00000184985.16","green"
"ENSG00000140284.11","turquoise"
"ENSG00000278266.1","grey"
"ENSG00000111846.19","blue"
"ENSG00000102794.10","turquoise"
"ENSG00000276122.1","blue"
"ENSG00000253125.1","grey"
"ENSG00000121743.4","grey"
"ENSG00000211727.3","turquoise"
"ENSG00000106511.6","brown"
"ENSG00000249345.8","grey"
"ENSG00000164946.20","turquoise"
"ENSG00000225783.8","turquoise"
"ENSG00000182648.13","yellow"
"ENSG00000172000.7","turquoise"
"ENSG00000015413.9","turquoise"
"ENSG00000286893.1","yellow"
"ENSG00000250748.6","turquoise"
"ENSG00000189292.16","yellow"
"ENSG00000105707.14","grey"
"ENSG00000188176.12","green"
"ENSG00000164265.9","blue"
"ENSG00000223764.2","brown"
"ENSG00000103569.10","turquoise"
"ENSG00000271392.1","grey"
"ENSG00000228295.2","grey"
"ENSG00000138642.15","blue"
"ENSG00000102466.16","brown"
"ENSG00000211672.2","turquoise"
"ENSG00000225521.1","grey"
"ENSG00000261268.1","yellow"
"ENSG00000226562.4","grey"
"ENSG00000232629.9","turquoise"
"ENSG00000154027.19","brown"
"ENSG00000140459.18","grey"
"ENSG00000144366.16","brown"
"ENSG00000168824.14","yellow"
"ENSG00000231877.1","yellow"
"ENSG00000233539.5","blue"
"ENSG00000239552.2","blue"
"ENSG00000250929.2","yellow"
"ENSG00000259755.1","grey"
"ENSG00000277748.1","grey"
"ENSG00000287259.1","grey"
"ENSG00000288541.1","grey"
"ENSG00000102886.15","yellow"
"ENSG00000204099.12","green"
"ENSG00000135744.8","green"
"ENSG00000183098.11","brown"
"ENSG00000153233.13","green"
"ENSG00000204767.4","brown"
"ENSG00000286179.1","grey"
"ENSG00000165186.12","brown"
"ENSG00000128655.18","brown"
"ENSG00000167483.19","turquoise"
"ENSG00000251151.2","grey"
"ENSG00000225210.10","grey"
"ENSG00000184669.9","blue"
"ENSG00000206531.10","blue"
"ENSG00000232680.2","blue"
"ENSG00000267453.7","grey"
"ENSG00000130035.9","brown"
"ENSG00000206432.4","turquoise"
"ENSG00000139547.7","yellow"
"ENSG00000186723.4","yellow"
"ENSG00000227632.2","grey"
"ENSG00000141622.14","yellow"
"ENSG00000171450.6","grey"
"ENSG00000183196.10","brown"
"ENSG00000256618.2","grey"
"ENSG00000286039.1","brown"
"ENSG00000235621.9","turquoise"
"ENSG00000117228.10","blue"
"ENSG00000183668.18","grey"
"ENSG00000080031.10","grey"
"ENSG00000157150.5","green"
"ENSG00000287064.1","grey"
"ENSG00000070886.12","grey"
"ENSG00000162755.14","blue"
"ENSG00000247134.7","grey"
"ENSG00000254838.5","turquoise"
"ENSG00000173068.18","brown"
"ENSG00000172264.17","turquoise"
"ENSG00000215386.13","turquoise"
"ENSG00000277587.1","grey"
"ENSG00000241656.1","grey"
"ENSG00000034239.11","turquoise"
"ENSG00000284636.1","grey"
"ENSG00000211724.3","turquoise"
"ENSG00000250546.6","grey"
"ENSG00000143341.12","brown"
"ENSG00000115457.10","turquoise"
"ENSG00000178965.14","blue"
"ENSG00000233008.6","brown"
"ENSG00000232869.2","turquoise"
"ENSG00000183317.17","grey"
"ENSG00000276557.1","turquoise"
"ENSG00000286289.1","brown"
"ENSG00000146013.11","blue"
"ENSG00000247627.2","grey"
"ENSG00000234896.1","yellow"
"ENSG00000132429.10","green"
"ENSG00000232406.7","blue"
"ENSG00000162366.8","yellow"
"ENSG00000105219.10","turquoise"
"ENSG00000242147.3","turquoise"
"ENSG00000165409.18","turquoise"
"ENSG00000186191.8","grey"
"ENSG00000250102.6","grey"
"ENSG00000169856.9","turquoise"
"ENSG00000116996.9","grey"
"ENSG00000187144.11","blue"
"ENSG00000197794.2","turquoise"
"ENSG00000197565.16","turquoise"
"ENSG00000253552.8","grey"
"ENSG00000251301.7","turquoise"
"ENSG00000182885.17","brown"
"ENSG00000196188.12","grey"
"ENSG00000116299.17","blue"
"ENSG00000175697.11","grey"
"ENSG00000172673.11","turquoise"
"ENSG00000176165.12","yellow"
"ENSG00000226747.6","blue"
"ENSG00000152078.10","turquoise"
"ENSG00000268941.2","brown"
"ENSG00000178401.16","yellow"
"ENSG00000099812.9","turquoise"
"ENSG00000054803.4","grey"
"ENSG00000144820.8","grey"
"ENSG00000270467.1","turquoise"
"ENSG00000130226.17","green"
"ENSG00000171119.2","blue"
"ENSG00000237265.6","yellow"
"ENSG00000155265.11","yellow"
"ENSG00000187323.12","turquoise"
"ENSG00000183479.12","yellow"
"ENSG00000185090.14","grey"
"ENSG00000188488.14","brown"
"ENSG00000243537.1","turquoise"
"ENSG00000237702.2","turquoise"
"ENSG00000078549.15","brown"
"ENSG00000249628.3","grey"
"ENSG00000286587.1","grey"
"ENSG00000205846.4","turquoise"
"ENSG00000124785.9","grey"
"ENSG00000250305.9","turquoise"
"ENSG00000262619.2","blue"
"ENSG00000213344.2","turquoise"
"ENSG00000287823.1","turquoise"
"ENSG00000186847.6","yellow"
"ENSG00000044524.11","brown"
"ENSG00000251144.1","brown"
"ENSG00000212916.4","brown"
"ENSG00000154252.12","blue"
"ENSG00000286667.1","grey"
"ENSG00000185565.12","brown"
"ENSG00000188056.12","grey"
"ENSG00000249780.1","grey"
"ENSG00000185271.9","green"
"ENSG00000206579.9","turquoise"
"ENSG00000132464.13","green"
"ENSG00000230936.1","grey"
"ENSG00000186188.11","turquoise"
"ENSG00000234756.1","yellow"
"ENSG00000104921.15","turquoise"
"ENSG00000167748.11","grey"
"ENSG00000182389.20","turquoise"
"ENSG00000267147.2","yellow"
"ENSG00000248383.5","turquoise"
"ENSG00000162373.13","turquoise"
"ENSG00000213556.3","yellow"
"ENSG00000121380.12","turquoise"
"ENSG00000211799.3","turquoise"
"ENSG00000168676.11","blue"
"ENSG00000143839.15","blue"
"ENSG00000101542.10","green"
"ENSG00000155816.20","brown"
"ENSG00000283453.2","grey"
"ENSG00000196867.8","turquoise"
"ENSG00000091181.20","turquoise"
"ENSG00000187912.12","turquoise"
"ENSG00000235304.2","turquoise"
"ENSG00000119922.10","blue"
"ENSG00000003137.8","yellow"
"ENSG00000274767.1","turquoise"
"ENSG00000151834.16","brown"
"ENSG00000254348.1","blue"
"ENSG00000286060.1","blue"
"ENSG00000112782.19","turquoise"
"ENSG00000213937.4","grey"
"ENSG00000181626.12","grey"
"ENSG00000121904.17","brown"
"ENSG00000235576.1","turquoise"
"ENSG00000166558.11","grey"
"ENSG00000053328.8","brown"
"ENSG00000169126.16","turquoise"
"ENSG00000150051.14","brown"
"ENSG00000157703.16","blue"
"ENSG00000154548.9","yellow"
"ENSG00000171124.13","blue"
"ENSG00000259353.1","grey"
"ENSG00000204889.10","blue"
"ENSG00000231802.1","turquoise"
"ENSG00000258128.2","grey"
"ENSG00000198478.8","blue"
"ENSG00000233792.3","yellow"
"ENSG00000090932.11","grey"
"ENSG00000240219.1","turquoise"
"ENSG00000277702.1","turquoise"
"ENSG00000253957.1","turquoise"
"ENSG00000267665.2","blue"
"ENSG00000286330.1","turquoise"
"ENSG00000130768.15","turquoise"
"ENSG00000145107.16","yellow"
"ENSG00000119547.6","grey"
"ENSG00000133106.15","blue"
"ENSG00000203747.12","turquoise"
"ENSG00000109943.9","turquoise"
"ENSG00000155659.15","turquoise"
"ENSG00000122733.12","grey"
"ENSG00000144681.10","green"
"ENSG00000171016.13","brown"
"ENSG00000229847.9","green"
"ENSG00000169495.5","turquoise"
"ENSG00000244306.11","grey"
"ENSG00000006071.15","blue"
"ENSG00000215148.11","blue"
"ENSG00000281655.1","blue"
"ENSG00000229107.2","grey"
"ENSG00000219438.9","brown"
"ENSG00000116147.17","turquoise"
"ENSG00000211785.1","turquoise"
"ENSG00000188883.5","blue"
"ENSG00000162692.12","turquoise"
"ENSG00000197057.10","turquoise"
"ENSG00000197415.12","brown"
"ENSG00000244541.6","yellow"
"ENSG00000159618.16","turquoise"
"ENSG00000171611.10","turquoise"
"ENSG00000137440.5","yellow"
"ENSG00000260186.5","grey"
"ENSG00000130427.3","turquoise"
"ENSG00000236449.2","grey"
"ENSG00000184226.15","green"
"ENSG00000140522.12","grey"
"ENSG00000072041.17","grey"
"ENSG00000196301.3","turquoise"
"ENSG00000160182.3","blue"
"ENSG00000214313.8","yellow"
"ENSG00000273933.1","blue"
"ENSG00000168309.18","turquoise"
"ENSG00000285535.2","turquoise"
"ENSG00000250490.1","blue"
"ENSG00000048540.15","grey"
"ENSG00000171560.16","grey"
"ENSG00000226690.8","yellow"
"ENSG00000181126.13","turquoise"
"ENSG00000227676.4","grey"
"ENSG00000270076.1","grey"
"ENSG00000002726.21","grey"
"ENSG00000181374.8","turquoise"
"ENSG00000258902.1","turquoise"
"ENSG00000179008.9","turquoise"
"ENSG00000211792.2","turquoise"
"ENSG00000153976.3","grey"
"ENSG00000242908.6","blue"
"ENSG00000176998.4","turquoise"
"ENSG00000183837.9","turquoise"
"ENSG00000233521.7","brown"
"ENSG00000146285.14","turquoise"
"ENSG00000255345.1","yellow"
"ENSG00000186407.7","turquoise"
"ENSG00000229867.2","grey"
"ENSG00000064300.9","grey"
"ENSG00000231574.6","grey"
"ENSG00000164120.14","turquoise"
"ENSG00000109738.11","brown"
"ENSG00000227154.4","grey"
"ENSG00000149050.10","grey"
"ENSG00000171877.21","grey"
"ENSG00000132746.15","yellow"
"ENSG00000111087.10","grey"
"ENSG00000140279.13","blue"
"ENSG00000165171.11","yellow"
"ENSG00000242715.8","yellow"
"ENSG00000105251.11","green"
"ENSG00000114455.13","blue"
"ENSG00000256546.2","grey"
"ENSG00000185818.8","green"
"ENSG00000257042.1","turquoise"
"ENSG00000257060.7","grey"
"ENSG00000225742.6","blue"
"ENSG00000125538.12","yellow"
"ENSG00000112303.14","turquoise"
"ENSG00000198133.8","blue"
"ENSG00000259038.1","grey"
"ENSG00000236008.3","turquoise"
"ENSG00000163884.4","turquoise"
"ENSG00000178538.10","turquoise"
"ENSG00000115705.22","turquoise"
"ENSG00000266278.1","grey"
"ENSG00000109272.4","grey"
"ENSG00000120332.16","brown"
"ENSG00000240045.2","green"
"ENSG00000237166.2","yellow"
"ENSG00000165685.8","turquoise"
"ENSG00000260314.3","turquoise"
"ENSG00000135423.13","blue"
"ENSG00000169429.11","grey"
"ENSG00000164047.6","grey"
"ENSG00000175265.17","blue"
"ENSG00000109163.7","yellow"
"ENSG00000080166.16","grey"
"ENSG00000233695.2","blue"
"ENSG00000250261.1","blue"
"ENSG00000140285.12","brown"
"ENSG00000286451.1","grey"
"ENSG00000271447.6","blue"
"ENSG00000183186.8","grey"
"ENSG00000287929.1","turquoise"
"ENSG00000239392.2","grey"
"ENSG00000198300.14","brown"
"ENSG00000178772.7","brown"
"ENSG00000160282.14","blue"
"ENSG00000224520.2","grey"
"ENSG00000249379.2","blue"
"ENSG00000162739.14","turquoise"
"ENSG00000113209.9","brown"
"ENSG00000082175.15","brown"
"ENSG00000180210.15","grey"
"ENSG00000272138.2","blue"
"ENSG00000271216.2","brown"
"ENSG00000078098.14","brown"
"ENSG00000231672.8","grey"
"ENSG00000213201.3","yellow"
"ENSG00000248837.7","grey"
"ENSG00000248568.1","grey"
"ENSG00000197416.4","yellow"
"ENSG00000170382.12","turquoise"
"ENSG00000160223.17","grey"
"ENSG00000213130.3","grey"
"ENSG00000248359.2","blue"
"ENSG00000251363.3","blue"
"ENSG00000205057.6","grey"
"ENSG00000163515.6","grey"
"ENSG00000180828.3","turquoise"
"ENSG00000229896.2","grey"
"ENSG00000261026.1","yellow"
"ENSG00000178773.15","grey"
"ENSG00000211801.3","turquoise"
"ENSG00000111863.13","blue"
"ENSG00000287545.1","blue"
"ENSG00000211710.3","turquoise"
"ENSG00000246465.1","blue"
"ENSG00000258609.3","grey"
"ENSG00000188306.6","blue"
"ENSG00000105357.19","blue"
"ENSG00000210195.2","grey"
"ENSG00000169884.14","grey"
"ENSG00000163915.7","turquoise"
"ENSG00000078018.20","yellow"
"ENSG00000162931.12","blue"
"ENSG00000185499.16","brown"
"ENSG00000006606.9","grey"
"ENSG00000154645.14","grey"
"ENSG00000148600.15","yellow"
"ENSG00000232679.2","brown"
"ENSG00000002745.13","grey"
"ENSG00000283897.2","blue"
"ENSG00000171551.12","turquoise"
"ENSG00000143867.7","grey"
"ENSG00000120659.15","brown"
"ENSG00000257114.3","grey"
"ENSG00000183840.7","blue"
"ENSG00000162897.16","turquoise"
"ENSG00000006059.4","blue"
"ENSG00000144712.12","green"
"ENSG00000089692.9","turquoise"
"ENSG00000204334.7","grey"
"ENSG00000125618.17","grey"
"ENSG00000239467.6","grey"
"ENSG00000130876.11","grey"
"ENSG00000230836.1","yellow"
"ENSG00000131355.15","turquoise"
"ENSG00000205809.9","turquoise"
"ENSG00000196664.5","turquoise"
"ENSG00000233452.7","yellow"
"ENSG00000275340.1","grey"
"ENSG00000214376.6","grey"
"ENSG00000073861.3","turquoise"
"ENSG00000180660.8","brown"
"ENSG00000278594.1","grey"
"ENSG00000214725.9","blue"
"ENSG00000173208.4","turquoise"
"ENSG00000079385.23","blue"
"ENSG00000268307.1","yellow"
"ENSG00000255282.6","grey"
"ENSG00000147117.8","yellow"
"ENSG00000249279.6","grey"
"ENSG00000283709.1","blue"
"ENSG00000187546.14","brown"
"ENSG00000121552.4","yellow"
"ENSG00000145103.15","blue"
"ENSG00000113763.12","brown"
"ENSG00000124939.6","blue"
"ENSG00000198358.4","blue"
"ENSG00000234665.9","grey"
"ENSG00000254046.1","turquoise"
"ENSG00000273259.3","grey"
"ENSG00000211734.3","turquoise"
"ENSG00000129009.13","brown"
"ENSG00000064195.7","yellow"
"ENSG00000254101.7","blue"
"ENSG00000167105.8","blue"
"ENSG00000237445.2","turquoise"
"ENSG00000132911.5","blue"
"ENSG00000223783.1","blue"
"ENSG00000204262.14","brown"
"ENSG00000146038.12","turquoise"
"ENSG00000172543.8","turquoise"
"ENSG00000287430.1","grey"
"ENSG00000077092.19","brown"
"ENSG00000220378.3","grey"
"ENSG00000111186.13","green"
"ENSG00000125675.18","brown"
"ENSG00000171049.9","turquoise"
"ENSG00000235295.1","grey"
"ENSG00000230709.1","turquoise"
"ENSG00000272636.4","turquoise"
"ENSG00000115523.17","turquoise"
"ENSG00000145362.20","brown"
"ENSG00000285887.1","blue"
"ENSG00000287051.1","yellow"
"ENSG00000237886.1","blue"
"ENSG00000234477.1","grey"
"ENSG00000171476.22","yellow"
"ENSG00000174697.5","grey"
"ENSG00000259230.1","yellow"
"ENSG00000106178.7","turquoise"
"ENSG00000213160.10","yellow"
"ENSG00000182393.3","grey"
"ENSG00000235205.1","green"
"ENSG00000276953.1","turquoise"
"ENSG00000176678.6","grey"
"ENSG00000226953.8","grey"
"ENSG00000213729.3","turquoise"
"ENSG00000259884.1","grey"
"ENSG00000196092.14","turquoise"
"ENSG00000129990.15","grey"
"ENSG00000157542.11","brown"
"ENSG00000179698.14","blue"
"ENSG00000169676.6","grey"
"ENSG00000267123.7","blue"
"ENSG00000223940.1","grey"
"ENSG00000236651.1","turquoise"
"ENSG00000234965.2","turquoise"
"ENSG00000167608.12","blue"
"ENSG00000226240.2","turquoise"
"ENSG00000261553.5","green"
"ENSG00000111319.13","blue"
"ENSG00000287235.1","turquoise"
"ENSG00000249577.1","brown"
"ENSG00000104237.11","grey"
"ENSG00000286015.1","grey"
"ENSG00000235034.7","blue"
"ENSG00000236124.1","yellow"
"ENSG00000170370.12","green"
"ENSG00000148702.15","grey"
"ENSG00000135773.13","blue"
"ENSG00000241479.1","blue"
"ENSG00000285205.2","brown"
"ENSG00000261704.2","turquoise"
"ENSG00000262539.1","grey"
"ENSG00000269526.1","grey"
"ENSG00000274525.1","blue"
"ENSG00000170153.11","turquoise"
"ENSG00000269376.1","blue"
"ENSG00000137573.14","brown"
"ENSG00000166257.9","green"
"ENSG00000169174.11","grey"
"ENSG00000215237.6","grey"
"ENSG00000123405.14","yellow"
"ENSG00000163518.11","turquoise"
"ENSG00000237807.4","turquoise"
"ENSG00000122778.10","brown"
"ENSG00000251320.1","brown"
"ENSG00000186790.6","grey"
"ENSG00000204033.10","grey"
"ENSG00000284646.1","grey"
"ENSG00000122025.15","turquoise"
"ENSG00000166923.12","brown"
"ENSG00000269981.1","blue"
"ENSG00000275791.1","turquoise"
"ENSG00000260604.2","green"
"ENSG00000211793.2","turquoise"
"ENSG00000139209.16","turquoise"
"ENSG00000248265.2","grey"
"ENSG00000283063.1","turquoise"
"ENSG00000125965.9","brown"
"ENSG00000205359.10","grey"
"ENSG00000095627.9","brown"
"ENSG00000101916.12","turquoise"
"ENSG00000149970.16","turquoise"
"ENSG00000211779.3","turquoise"
"ENSG00000011347.10","turquoise"
"ENSG00000112562.19","brown"
"ENSG00000262681.2","turquoise"
"ENSG00000170011.14","turquoise"
"ENSG00000169894.18","grey"
"ENSG00000236358.1","yellow"
"ENSG00000105675.9","blue"
"ENSG00000156687.11","grey"
"ENSG00000184895.8","red"
"ENSG00000115363.14","brown"
"ENSG00000233765.1","yellow"
"ENSG00000102245.8","turquoise"
"ENSG00000166473.17","grey"
"ENSG00000186265.10","turquoise"
"ENSG00000143921.9","grey"
"ENSG00000253931.1","grey"
"ENSG00000182168.15","brown"
"ENSG00000213190.4","green"
"ENSG00000029534.21","green"
"ENSG00000198354.7","brown"
"ENSG00000232316.2","grey"
"ENSG00000165495.16","green"
"ENSG00000004468.13","grey"
"ENSG00000134198.10","brown"
"ENSG00000151789.12","brown"
"ENSG00000211746.3","turquoise"
"ENSG00000196979.1","green"
"ENSG00000259439.2","grey"
"ENSG00000272872.1","grey"
"ENSG00000234703.1","brown"
"ENSG00000263655.1","brown"
"ENSG00000154874.15","grey"
"ENSG00000008300.17","grey"
"ENSG00000106018.14","green"
"ENSG00000132182.12","turquoise"
"ENSG00000113073.15","blue"
"ENSG00000100505.13","brown"
"ENSG00000226308.1","blue"
"ENSG00000106366.9","blue"
"ENSG00000254153.1","yellow"
"ENSG00000165548.11","yellow"
"ENSG00000176697.20","blue"
"ENSG00000015520.15","grey"
"ENSG00000131738.11","yellow"
"ENSG00000137265.15","turquoise"
"ENSG00000277128.2","blue"
"ENSG00000227619.3","grey"
"ENSG00000164220.7","brown"
"ENSG00000105613.10","turquoise"
"ENSG00000263301.1","grey"
"ENSG00000186715.11","blue"
"ENSG00000186810.8","turquoise"
"ENSG00000265728.1","yellow"
"ENSG00000211812.1","turquoise"
"ENSG00000197253.13","turquoise"
"ENSG00000197992.7","turquoise"
"ENSG00000198796.7","brown"
"ENSG00000224853.3","grey"
"ENSG00000234719.9","grey"
"ENSG00000265465.1","grey"
"ENSG00000135083.16","grey"
"ENSG00000275004.4","turquoise"
"ENSG00000197016.12","turquoise"
"ENSG00000103056.12","turquoise"
"ENSG00000148357.16","turquoise"
"ENSG00000165379.13","brown"
"ENSG00000279673.1","yellow"
"ENSG00000176884.16","grey"
"ENSG00000145242.13","brown"
"ENSG00000165643.11","blue"
"ENSG00000144452.15","yellow"
"ENSG00000104219.13","blue"
"ENSG00000198502.6","turquoise"
"ENSG00000249574.1","grey"
"ENSG00000128438.10","turquoise"
"ENSG00000184408.10","brown"
"ENSG00000163687.14","turquoise"
"ENSG00000240541.3","grey"
"ENSG00000255398.3","grey"
"ENSG00000249378.6","brown"
"ENSG00000187492.9","grey"
"ENSG00000088340.17","blue"
"ENSG00000234859.5","grey"
"ENSG00000103154.9","grey"
"ENSG00000233723.9","yellow"
"ENSG00000121005.9","brown"
"ENSG00000150627.16","turquoise"
"ENSG00000198756.12","brown"
"ENSG00000188573.8","grey"
"ENSG00000119715.15","green"
"ENSG00000255622.3","grey"
"ENSG00000258498.8","grey"
"ENSG00000162383.13","brown"
"ENSG00000225345.3","grey"
"ENSG00000211807.3","turquoise"
"ENSG00000254285.3","yellow"
"ENSG00000227582.2","blue"
"ENSG00000225079.2","turquoise"
"ENSG00000197013.10","turquoise"
"ENSG00000188676.13","turquoise"
"ENSG00000182636.8","brown"
"ENSG00000248810.2","grey"
"ENSG00000261742.6","brown"
"ENSG00000248540.3","brown"
"ENSG00000204949.9","yellow"
"ENSG00000134201.12","brown"
"ENSG00000256915.2","turquoise"
"ENSG00000186205.13","blue"
"ENSG00000254750.1","yellow"
"ENSG00000228789.8","yellow"
"ENSG00000272975.1","green"
"ENSG00000227141.2","yellow"
"ENSG00000171004.18","grey"
"ENSG00000189430.13","turquoise"
"ENSG00000066248.15","green"
"ENSG00000225614.4","brown"
"ENSG00000257515.1","yellow"
"ENSG00000118596.12","turquoise"
"ENSG00000237510.7","turquoise"
"ENSG00000260075.1","grey"
"ENSG00000077264.15","turquoise"
"ENSG00000267879.2","yellow"
"ENSG00000211787.1","turquoise"
"ENSG00000110786.18","brown"
"ENSG00000211788.2","turquoise"
"ENSG00000010932.17","brown"
"ENSG00000175728.4","blue"
"ENSG00000120457.12","turquoise"
"ENSG00000167046.4","yellow"
"ENSG00000215241.4","blue"
"ENSG00000139055.7","grey"
"ENSG00000142494.13","grey"
"ENSG00000285637.2","grey"
"ENSG00000236924.1","grey"
"ENSG00000264015.2","grey"
"ENSG00000181541.6","grey"
"ENSG00000226629.1","turquoise"
"ENSG00000250271.2","grey"
"ENSG00000254326.1","turquoise"
"ENSG00000266602.2","grey"
"ENSG00000167767.14","yellow"
"ENSG00000118407.15","green"
"ENSG00000165105.10","grey"
"ENSG00000242258.1","turquoise"
"ENSG00000167600.14","turquoise"
"ENSG00000198610.11","blue"
"ENSG00000230267.7","grey"
"ENSG00000124493.14","grey"
"ENSG00000211790.2","turquoise"
"ENSG00000284640.1","turquoise"
"ENSG00000204670.7","turquoise"
"ENSG00000229227.8","grey"
"ENSG00000198774.5","yellow"
"ENSG00000198168.9","turquoise"
"ENSG00000170801.10","brown"
"ENSG00000245857.3","blue"
"ENSG00000010030.14","turquoise"
"ENSG00000174325.6","brown"
"ENSG00000243710.8","grey"
"ENSG00000241717.1","turquoise"
"ENSG00000169083.18","turquoise"
"ENSG00000267750.6","grey"
"ENSG00000256975.1","grey"
"ENSG00000168243.11","grey"
"ENSG00000128815.19","turquoise"
"ENSG00000183625.15","turquoise"
"ENSG00000249001.5","grey"
"ENSG00000072858.11","turquoise"
"ENSG00000228971.3","grey"
"ENSG00000143320.9","yellow"
"ENSG00000270765.6","grey"
"ENSG00000288060.1","yellow"
"ENSG00000271503.6","turquoise"
"ENSG00000231826.6","grey"
"ENSG00000160097.20","green"
"ENSG00000063515.3","grey"
"ENSG00000113946.4","yellow"
"ENSG00000162415.7","grey"
"ENSG00000173406.16","brown"
"ENSG00000111536.5","turquoise"
"ENSG00000168070.12","turquoise"
"ENSG00000162571.14","blue"
"ENSG00000185960.14","grey"
"ENSG00000236713.1","grey"
"ENSG00000237330.3","yellow"
"ENSG00000170374.6","brown"
"ENSG00000184106.8","grey"
"ENSG00000101115.13","brown"
"ENSG00000249916.1","grey"
"ENSG00000123454.12","turquoise"
"ENSG00000287853.1","grey"
"ENSG00000249092.1","grey"
"ENSG00000211689.7","turquoise"
"ENSG00000230798.5","yellow"
"ENSG00000180264.11","brown"
"ENSG00000106013.15","brown"
"ENSG00000224116.7","blue"
"ENSG00000214456.8","grey"
"ENSG00000162398.11","yellow"
"ENSG00000050628.20","brown"
"ENSG00000250771.2","grey"
"ENSG00000164114.19","brown"
"ENSG00000144868.14","brown"
"ENSG00000238098.9","yellow"
"ENSG00000223485.4","turquoise"
"ENSG00000269516.6","blue"
"ENSG00000205364.4","green"
"ENSG00000211695.2","turquoise"
"ENSG00000101850.13","grey"
"ENSG00000230716.3","grey"
"ENSG00000008735.14","grey"
"ENSG00000102468.11","brown"
"ENSG00000138685.17","turquoise"
"ENSG00000164398.15","turquoise"
"ENSG00000176510.5","brown"
"ENSG00000147206.17","grey"
"ENSG00000178882.15","brown"
"ENSG00000234076.1","grey"
"ENSG00000151364.17","blue"
"ENSG00000172350.10","yellow"
"ENSG00000126583.11","grey"
"ENSG00000146926.11","green"
"ENSG00000258949.1","blue"
"ENSG00000287349.1","grey"
"ENSG00000238222.3","yellow"
"ENSG00000145147.20","brown"
"ENSG00000133321.11","turquoise"
"ENSG00000101197.13","turquoise"
"ENSG00000158485.11","turquoise"
"ENSG00000105370.8","blue"
"ENSG00000248874.5","grey"
"ENSG00000270187.1","turquoise"
"ENSG00000122224.18","turquoise"
"ENSG00000107562.16","brown"
"ENSG00000236212.2","grey"
"ENSG00000272279.1","grey"
"ENSG00000065618.21","yellow"
"ENSG00000174123.11","turquoise"
"ENSG00000214145.7","yellow"
"ENSG00000258168.6","grey"
"ENSG00000271856.1","turquoise"
"ENSG00000197635.11","turquoise"
"ENSG00000259803.7","grey"
"ENSG00000231760.5","grey"
"ENSG00000179277.9","brown"
"ENSG00000198807.13","blue"
"ENSG00000224110.3","yellow"
"ENSG00000181408.4","green"
"ENSG00000173578.8","turquoise"
"ENSG00000145248.7","grey"
"ENSG00000105492.16","turquoise"
"ENSG00000235532.1","turquoise"
"ENSG00000277089.4","turquoise"
"ENSG00000213023.11","brown"
"ENSG00000117407.17","turquoise"
"ENSG00000109255.11","grey"
"ENSG00000230628.1","grey"
"ENSG00000257135.7","blue"
"ENSG00000178860.8","green"
"ENSG00000185070.11","blue"
"ENSG00000179344.16","turquoise"
"ENSG00000181458.10","yellow"
"ENSG00000159871.15","yellow"
"ENSG00000248898.3","turquoise"
"ENSG00000240405.7","yellow"
"ENSG00000266265.4","turquoise"
"ENSG00000278318.5","grey"
"ENSG00000175356.14","turquoise"
"ENSG00000106688.12","turquoise"
"ENSG00000155918.8","yellow"
"ENSG00000244310.2","yellow"
"ENSG00000228623.6","grey"
"ENSG00000271252.1","grey"
"ENSG00000155011.9","brown"
"ENSG00000169302.16","brown"
"ENSG00000149295.14","brown"
"ENSG00000137868.19","grey"
"ENSG00000122477.13","green"
"ENSG00000141404.17","grey"
"ENSG00000285844.2","grey"
"ENSG00000254109.6","blue"
"ENSG00000062282.15","yellow"
"ENSG00000183709.8","grey"
"ENSG00000242575.1","blue"
"ENSG00000287958.1","turquoise"
"ENSG00000183690.13","yellow"
"ENSG00000244731.8","turquoise"
"ENSG00000237238.3","grey"
"ENSG00000091656.19","brown"
"ENSG00000127377.10","brown"
"ENSG00000103313.13","turquoise"
"ENSG00000124256.15","turquoise"
"ENSG00000250033.5","grey"
"ENSG00000286355.1","grey"
"ENSG00000108830.10","blue"
"ENSG00000167178.16","brown"
"ENSG00000115194.11","blue"
"ENSG00000163508.13","turquoise"
"ENSG00000130203.10","turquoise"
"ENSG00000169562.13","blue"
"ENSG00000186818.12","turquoise"
"ENSG00000204175.5","grey"
"ENSG00000184908.18","blue"
"ENSG00000128342.5","brown"
"ENSG00000146374.14","brown"
"ENSG00000165140.11","turquoise"
"ENSG00000253846.2","blue"
"ENSG00000158270.12","brown"
"ENSG00000085831.15","yellow"
"ENSG00000261327.5","brown"
"ENSG00000131620.17","grey"
"ENSG00000157570.12","brown"
"ENSG00000143001.5","grey"
"ENSG00000168907.13","yellow"
"ENSG00000115844.11","turquoise"
"ENSG00000156113.24","green"
"ENSG00000134245.18","grey"
"ENSG00000259341.2","turquoise"
"ENSG00000117115.13","green"
"ENSG00000183918.17","turquoise"
"ENSG00000156103.16","brown"
"ENSG00000116819.8","grey"
"ENSG00000164176.13","brown"
"ENSG00000237398.1","turquoise"
"ENSG00000228065.11","grey"
"ENSG00000206538.9","brown"
"ENSG00000181240.14","blue"
"ENSG00000261172.1","blue"
"ENSG00000211747.3","turquoise"
"ENSG00000158220.14","yellow"
"ENSG00000256660.6","grey"
"ENSG00000253616.5","grey"
"ENSG00000175857.8","turquoise"
"ENSG00000158008.10","green"
"ENSG00000122877.16","brown"
"ENSG00000118513.19","yellow"
"ENSG00000262655.4","brown"
"ENSG00000130957.5","green"
"ENSG00000257253.2","grey"
"ENSG00000124731.13","grey"
"ENSG00000269887.1","blue"
"ENSG00000213144.2","green"
"ENSG00000147614.4","turquoise"
"ENSG00000099869.8","brown"
"ENSG00000186868.16","green"
"ENSG00000269896.2","yellow"
"ENSG00000139973.16","grey"
"ENSG00000223843.5","grey"
"ENSG00000118156.12","turquoise"
"ENSG00000159899.15","brown"
"ENSG00000157601.14","blue"
"ENSG00000214999.3","yellow"
"ENSG00000170289.12","grey"
"ENSG00000204060.7","yellow"
"ENSG00000188338.15","brown"
"ENSG00000203907.9","grey"
"ENSG00000134917.10","turquoise"
"ENSG00000237686.7","turquoise"
"ENSG00000287944.1","blue"
"ENSG00000278952.1","yellow"
"ENSG00000211796.1","turquoise"
"ENSG00000177822.8","blue"
"ENSG00000262874.2","grey"
"ENSG00000228956.8","turquoise"
"ENSG00000253570.1","grey"
"ENSG00000039537.14","turquoise"
"ENSG00000205056.8","turquoise"
"ENSG00000179133.15","turquoise"
"ENSG00000214049.8","yellow"
"ENSG00000279249.3","blue"
"ENSG00000111341.10","brown"
"ENSG00000211789.2","turquoise"
"ENSG00000279670.1","grey"
"ENSG00000128268.12","turquoise"
"ENSG00000168772.11","yellow"
"ENSG00000237515.9","grey"
"ENSG00000124920.14","blue"
"ENSG00000215218.4","brown"
"ENSG00000113302.5","turquoise"
"ENSG00000164434.12","grey"
"ENSG00000270432.1","yellow"
"ENSG00000064787.13","blue"
"ENSG00000101076.17","grey"
"ENSG00000205363.6","brown"
"ENSG00000134376.16","green"
"ENSG00000185052.12","yellow"
"ENSG00000228221.6","brown"
"ENSG00000188282.12","turquoise"
"ENSG00000211750.2","turquoise"
"ENSG00000238755.3","blue"
"ENSG00000165309.14","blue"
"ENSG00000283167.2","yellow"
"ENSG00000144460.12","grey"
"ENSG00000167771.6","turquoise"
"ENSG00000167723.15","yellow"
"ENSG00000167889.13","green"
"ENSG00000109758.9","grey"
"ENSG00000281103.2","turquoise"
"ENSG00000102931.8","grey"
"ENSG00000126259.20","grey"
"ENSG00000148488.17","turquoise"
"ENSG00000265206.5","turquoise"
"ENSG00000078053.17","brown"
"ENSG00000242136.1","turquoise"
"ENSG00000151023.17","yellow"
"ENSG00000139193.4","turquoise"
"ENSG00000261123.1","blue"
"ENSG00000163631.17","grey"
"ENSG00000188816.3","yellow"
"ENSG00000235454.1","grey"
"ENSG00000185332.8","turquoise"
"ENSG00000134539.17","turquoise"
"ENSG00000258545.6","blue"
"ENSG00000250320.6","brown"
"ENSG00000237512.6","turquoise"
"ENSG00000211777.2","turquoise"
"ENSG00000171385.10","turquoise"
"ENSG00000157399.16","brown"
"ENSG00000211728.2","turquoise"
"ENSG00000230606.11","blue"
"ENSG00000204252.14","turquoise"
"ENSG00000158164.7","yellow"
"ENSG00000226521.7","grey"
"ENSG00000184374.3","blue"
"ENSG00000211806.2","turquoise"
"ENSG00000287974.1","grey"
"ENSG00000272141.1","blue"
"ENSG00000151388.11","brown"
"ENSG00000183908.7","brown"
"ENSG00000149633.12","brown"
"ENSG00000011677.13","grey"
"ENSG00000120436.4","turquoise"
"ENSG00000227471.9","yellow"
"ENSG00000265018.6","grey"
"ENSG00000259158.4","turquoise"
"ENSG00000173369.17","turquoise"
"ENSG00000198286.10","turquoise"
"ENSG00000261848.5","grey"
"ENSG00000132204.14","grey"
"ENSG00000260372.7","blue"
"ENSG00000248597.2","grey"
"ENSG00000101134.12","brown"
"ENSG00000137965.11","blue"
"ENSG00000229720.1","green"
"ENSG00000254605.1","brown"
"ENSG00000150337.13","turquoise"
"ENSG00000066294.15","turquoise"
"ENSG00000259225.7","turquoise"
"ENSG00000236824.2","turquoise"
"ENSG00000140287.11","turquoise"
"ENSG00000105967.16","turquoise"
"ENSG00000111249.14","turquoise"
"ENSG00000153157.13","blue"
"ENSG00000236908.2","grey"
"ENSG00000162004.18","blue"
"ENSG00000278030.1","turquoise"
"ENSG00000135218.19","yellow"
"ENSG00000143194.13","brown"
"ENSG00000182986.14","grey"
"ENSG00000222032.1","brown"
"ENSG00000166963.13","brown"
"ENSG00000204613.11","grey"
"ENSG00000122136.14","brown"
"ENSG00000101204.18","grey"
"ENSG00000132693.12","grey"
"ENSG00000227802.1","blue"
"ENSG00000161640.15","turquoise"
"ENSG00000086289.12","brown"
"ENSG00000240990.10","grey"
"ENSG00000165197.5","green"
"ENSG00000280422.1","blue"
"ENSG00000152463.15","grey"
"ENSG00000250891.2","yellow"
"ENSG00000257829.1","yellow"
"ENSG00000124429.18","blue"
"ENSG00000149380.12","brown"
"ENSG00000197705.10","turquoise"
"ENSG00000255774.2","grey"
"ENSG00000001561.7","turquoise"
"ENSG00000236751.2","turquoise"
"ENSG00000165325.14","blue"
"ENSG00000283633.1","brown"
"ENSG00000260293.2","yellow"
"ENSG00000143167.12","turquoise"
"ENSG00000236438.7","blue"
"ENSG00000236268.6","grey"
"ENSG00000105696.9","brown"
"ENSG00000159339.13","grey"
"ENSG00000108700.5","turquoise"
"ENSG00000233198.4","yellow"
"ENSG00000144649.9","brown"
"ENSG00000171931.13","blue"
"ENSG00000236609.4","brown"
"ENSG00000171724.3","brown"
"ENSG00000183018.9","yellow"
"ENSG00000214796.8","blue"
"ENSG00000126803.9","yellow"
"ENSG00000285155.1","green"
"ENSG00000173391.9","turquoise"
"ENSG00000214652.6","brown"
"ENSG00000244586.1","brown"
"ENSG00000174255.8","turquoise"
"ENSG00000256654.4","blue"
"ENSG00000102383.14","brown"
"ENSG00000250208.6","turquoise"
"ENSG00000181631.7","turquoise"
"ENSG00000118971.9","grey"
"ENSG00000183549.10","turquoise"
"ENSG00000228784.9","blue"
"ENSG00000164619.10","brown"
"ENSG00000242837.1","grey"
"ENSG00000248590.2","grey"
"ENSG00000253239.1","turquoise"
"ENSG00000260066.1","blue"
"ENSG00000169507.9","green"
"ENSG00000168255.20","grey"
"ENSG00000267530.3","grey"
"ENSG00000137726.17","brown"
"ENSG00000157388.19","turquoise"
"ENSG00000120075.5","grey"
"ENSG00000265531.3","turquoise"
"ENSG00000248801.7","grey"
"ENSG00000250804.1","yellow"
"ENSG00000174171.6","blue"
"ENSG00000067445.21","brown"
"ENSG00000189369.9","brown"
"ENSG00000080224.17","yellow"
"ENSG00000163898.10","blue"
"ENSG00000211820.1","turquoise"
"ENSG00000266916.7","brown"
"ENSG00000186487.20","green"
"ENSG00000154269.15","turquoise"
"ENSG00000169994.18","blue"
"ENSG00000166250.12","brown"
"ENSG00000211782.2","turquoise"
"ENSG00000203727.4","brown"
"ENSG00000162267.12","green"
"ENSG00000213401.10","grey"
"ENSG00000234471.1","grey"
"ENSG00000274150.1","yellow"
"ENSG00000160539.6","green"
"ENSG00000197580.13","grey"
"ENSG00000260711.2","turquoise"
"ENSG00000256262.1","turquoise"
"ENSG00000211776.2","turquoise"
"ENSG00000214548.18","brown"
"ENSG00000111012.10","blue"
"ENSG00000170345.10","yellow"
"ENSG00000256553.1","turquoise"
"ENSG00000259308.3","yellow"
"ENSG00000204740.11","brown"
"ENSG00000160791.13","turquoise"
"ENSG00000186481.16","turquoise"
"ENSG00000276980.1","turquoise"
"ENSG00000262585.1","grey"
"ENSG00000132744.8","turquoise"
"ENSG00000164362.21","blue"
"ENSG00000165821.12","brown"
"ENSG00000256812.2","yellow"
"ENSG00000268601.1","yellow"
"ENSG00000170959.14","blue"
"ENSG00000263155.6","yellow"
"ENSG00000081189.16","green"
"ENSG00000287759.1","blue"
"ENSG00000287736.1","turquoise"
"ENSG00000265702.2","grey"
"ENSG00000268903.1","blue"
"ENSG00000124839.13","grey"
"ENSG00000174950.11","yellow"
"ENSG00000279712.1","blue"
"ENSG00000250041.3","green"
"ENSG00000280435.1","blue"
"ENSG00000205847.6","yellow"
"ENSG00000124743.6","green"
"ENSG00000263316.1","blue"
"ENSG00000235111.1","grey"
"ENSG00000160654.11","turquoise"
"ENSG00000283378.1","grey"
"ENSG00000005001.10","yellow"
"ENSG00000107242.20","turquoise"
"ENSG00000066230.12","grey"
"ENSG00000213786.3","grey"
"ENSG00000287530.1","grey"
"ENSG00000114115.10","turquoise"
"ENSG00000255750.6","yellow"
"ENSG00000122121.11","brown"
"ENSG00000287593.1","grey"
"ENSG00000147883.12","grey"
"ENSG00000186831.11","yellow"
"ENSG00000228626.1","grey"
"ENSG00000261168.1","green"
"ENSG00000178826.11","grey"
"ENSG00000180332.6","yellow"
"ENSG00000227467.3","yellow"
"ENSG00000227082.3","green"
"ENSG00000182916.8","brown"
"ENSG00000055732.13","grey"
"ENSG00000211794.3","turquoise"
"ENSG00000205309.14","yellow"
"ENSG00000236761.6","grey"
"ENSG00000145087.13","blue"
"ENSG00000264204.2","blue"
"ENSG00000183798.5","blue"
"ENSG00000273388.1","brown"
"ENSG00000170961.7","brown"
"ENSG00000139200.14","brown"
"ENSG00000225637.1","grey"
"ENSG00000179546.4","turquoise"
"ENSG00000220154.2","grey"
"ENSG00000131650.14","grey"
"ENSG00000205611.5","yellow"
"ENSG00000237978.6","grey"
"ENSG00000198829.6","turquoise"
"ENSG00000131094.4","grey"
"ENSG00000115648.14","turquoise"
"ENSG00000232386.9","grey"
"ENSG00000240006.1","turquoise"
"ENSG00000107954.10","yellow"
"ENSG00000223923.2","turquoise"
"ENSG00000174326.14","blue"
"ENSG00000166527.8","turquoise"
"ENSG00000166501.14","turquoise"
"ENSG00000229393.1","blue"
"ENSG00000225756.1","turquoise"
"ENSG00000228824.7","grey"
"ENSG00000101307.16","turquoise"
"ENSG00000196632.10","turquoise"
"ENSG00000165443.12","turquoise"
"ENSG00000211795.3","turquoise"
"ENSG00000139910.20","brown"
"ENSG00000211800.3","turquoise"
"ENSG00000179846.10","yellow"
"ENSG00000184347.15","brown"
"ENSG00000136689.19","yellow"
"ENSG00000183631.5","green"
"ENSG00000188716.5","green"
"ENSG00000251639.2","yellow"
"ENSG00000134532.19","brown"
"ENSG00000282939.1","turquoise"
"ENSG00000167419.11","blue"
"ENSG00000222022.1","brown"
"ENSG00000166432.15","blue"
"ENSG00000070404.10","turquoise"
"ENSG00000152292.17","blue"
"ENSG00000178919.9","blue"
"ENSG00000139914.6","green"
"ENSG00000270578.1","grey"
"ENSG00000169071.15","brown"
"ENSG00000179583.19","turquoise"
"ENSG00000173267.14","grey"
"ENSG00000211797.2","turquoise"
"ENSG00000244693.1","grey"
"ENSG00000133115.12","blue"
"ENSG00000178821.13","blue"
"ENSG00000166523.8","turquoise"
"ENSG00000177679.16","grey"
"ENSG00000224272.2","blue"
"ENSG00000215914.4","grey"
"ENSG00000235942.3","yellow"
"ENSG00000253973.3","blue"
"ENSG00000253326.2","blue"
"ENSG00000243708.10","blue"
"ENSG00000162614.19","green"
"ENSG00000203799.13","grey"
"ENSG00000205108.6","grey"
"ENSG00000163359.16","brown"
"ENSG00000125804.14","grey"
"ENSG00000183160.9","brown"
"ENSG00000132702.13","blue"
"ENSG00000234362.6","turquoise"
"ENSG00000166428.14","turquoise"
"ENSG00000250159.7","grey"
"ENSG00000123689.6","grey"
"ENSG00000148848.14","brown"
"ENSG00000153303.17","yellow"
"ENSG00000102802.10","brown"
"ENSG00000147255.19","brown"
"ENSG00000012124.17","turquoise"
"ENSG00000181790.11","brown"
"ENSG00000267466.1","turquoise"
"ENSG00000141756.19","brown"
"ENSG00000229007.1","grey"
"ENSG00000180071.20","grey"
"ENSG00000256616.3","brown"
"ENSG00000274173.1","blue"
"ENSG00000206069.6","blue"
"ENSG00000250049.7","blue"
"ENSG00000215270.3","grey"
"ENSG00000187902.11","blue"
"ENSG00000259178.1","turquoise"
"ENSG00000240423.3","yellow"
"ENSG00000224137.1","turquoise"
"ENSG00000196155.13","blue"
"ENSG00000161681.16","brown"
"ENSG00000261143.1","yellow"
"ENSG00000187867.10","blue"
"ENSG00000214772.2","turquoise"
"ENSG00000255362.1","green"
"ENSG00000177494.6","yellow"
"ENSG00000186897.5","turquoise"
"ENSG00000198443.6","grey"
"ENSG00000198734.12","turquoise"
"ENSG00000226660.2","turquoise"
"ENSG00000181215.15","turquoise"
"ENSG00000124507.11","turquoise"
"ENSG00000176956.13","brown"
"ENSG00000258955.2","grey"
"ENSG00000236841.8","brown"
"ENSG00000260765.2","grey"
"ENSG00000099399.6","grey"
"ENSG00000181378.14","blue"
"ENSG00000213561.4","grey"
"ENSG00000230699.2","blue"
"ENSG00000231811.3","yellow"
"ENSG00000100095.19","brown"
"ENSG00000234115.2","grey"
"ENSG00000288049.1","red"
"ENSG00000186998.16","brown"
"ENSG00000285294.1","grey"
"ENSG00000167311.14","brown"
"ENSG00000236996.1","yellow"
"ENSG00000132031.13","brown"
"ENSG00000226321.5","grey"
"ENSG00000211778.2","turquoise"
"ENSG00000135298.14","brown"
"ENSG00000231439.4","blue"
"ENSG00000154330.13","green"
"ENSG00000128040.11","grey"
"ENSG00000228541.1","turquoise"
"ENSG00000112902.12","brown"
"ENSG00000106123.12","turquoise"
"ENSG00000164683.18","brown"
"ENSG00000261305.2","yellow"
"ENSG00000156427.8","brown"
"ENSG00000245526.11","blue"
"ENSG00000272668.2","blue"
"ENSG00000178750.3","blue"
"ENSG00000287119.1","turquoise"
"ENSG00000111110.12","blue"
"ENSG00000159958.7","turquoise"
"ENSG00000169851.15","blue"
"ENSG00000169933.16","grey"
"ENSG00000134326.11","blue"
"ENSG00000105974.13","blue"
"ENSG00000267472.1","grey"
"ENSG00000220418.1","blue"
"ENSG00000188404.10","turquoise"
"ENSG00000162779.22","grey"
"ENSG00000198944.6","turquoise"
"ENSG00000100985.7","brown"
"ENSG00000198203.10","turquoise"
"ENSG00000086717.18","brown"
"ENSG00000174015.10","grey"
"ENSG00000230099.2","turquoise"
"ENSG00000286124.1","grey"
"ENSG00000260454.2","grey"
"ENSG00000125508.3","turquoise"
"ENSG00000267074.1","turquoise"
"ENSG00000101638.14","green"
"ENSG00000125730.17","turquoise"
"ENSG00000171722.13","grey"
"ENSG00000249641.2","yellow"
"ENSG00000159247.13","green"
"ENSG00000087116.16","brown"
"ENSG00000282988.2","black"
"ENSG00000130518.17","turquoise"
"ENSG00000198569.10","grey"
"ENSG00000167676.4","green"
"ENSG00000279352.1","grey"
"ENSG00000232555.2","grey"
"ENSG00000163564.15","turquoise"
"ENSG00000138135.7","turquoise"
"ENSG00000060982.15","brown"
"ENSG00000139946.10","brown"
"ENSG00000233237.8","yellow"
"ENSG00000203740.4","brown"
"ENSG00000241743.4","grey"
"ENSG00000168329.14","turquoise"
"ENSG00000056487.16","blue"
"ENSG00000170775.3","yellow"
"ENSG00000263893.2","grey"
"ENSG00000108947.5","brown"
"ENSG00000146166.17","blue"
"ENSG00000230662.1","yellow"
"ENSG00000169252.6","yellow"
"ENSG00000228109.1","yellow"
"ENSG00000257905.1","grey"
"ENSG00000111452.13","brown"
"ENSG00000123610.5","brown"
"ENSG00000135119.15","yellow"
"ENSG00000267892.1","blue"
"ENSG00000135424.18","green"
"ENSG00000179913.11","turquoise"
"ENSG00000169876.14","blue"
"ENSG00000255346.10","yellow"
"ENSG00000087250.9","yellow"
"ENSG00000227953.7","blue"
"ENSG00000249825.6","green"
"ENSG00000254535.4","turquoise"
"ENSG00000172322.14","turquoise"
"ENSG00000237643.2","yellow"
"ENSG00000243232.6","brown"
"ENSG00000157087.20","green"
"ENSG00000157766.19","brown"
"ENSG00000169224.13","turquoise"
"ENSG00000137757.11","turquoise"
"ENSG00000276975.3","blue"
"ENSG00000269834.6","brown"
"ENSG00000223956.3","yellow"
"ENSG00000080644.16","brown"
"ENSG00000234800.2","grey"
"ENSG00000196668.4","blue"
"ENSG00000149534.9","turquoise"
"ENSG00000231609.7","turquoise"
"ENSG00000164483.17","turquoise"
"ENSG00000101955.15","brown"
"ENSG00000108511.10","grey"
"ENSG00000002822.15","turquoise"
"ENSG00000177202.3","blue"
"ENSG00000215529.12","blue"
"ENSG00000132437.18","blue"
"ENSG00000285668.1","blue"
"ENSG00000237693.4","grey"
"ENSG00000234389.1","turquoise"
"ENSG00000100218.12","blue"
"ENSG00000136542.9","brown"
"ENSG00000116824.5","turquoise"
"ENSG00000137801.11","brown"
"ENSG00000161643.13","turquoise"
"ENSG00000231742.6","grey"
"ENSG00000163141.20","yellow"
"ENSG00000230148.8","blue"
"ENSG00000211802.3","turquoise"
"ENSG00000236165.1","grey"
"ENSG00000211445.12","green"
"ENSG00000284194.3","grey"
"ENSG00000171956.7","turquoise"
"ENSG00000038945.15","turquoise"
"ENSG00000237928.6","brown"
"ENSG00000171502.15","brown"
"ENSG00000124657.1","black"
"ENSG00000110448.11","turquoise"
"ENSG00000188389.11","turquoise"
"ENSG00000278195.2","turquoise"
"ENSG00000205403.13","turquoise"
"ENSG00000196569.13","brown"
"ENSG00000151790.9","brown"
"ENSG00000184313.20","blue"
"ENSG00000175344.19","turquoise"
"ENSG00000128573.26","blue"
"ENSG00000181856.15","green"
"ENSG00000154493.19","brown"
"ENSG00000258018.2","grey"
"ENSG00000166741.8","brown"
"ENSG00000134853.12","brown"
"ENSG00000226954.1","blue"
"ENSG00000233421.4","blue"
"ENSG00000143494.15","brown"
"ENSG00000224079.1","turquoise"
"ENSG00000198216.12","grey"
"ENSG00000138678.11","grey"
"ENSG00000204361.10","blue"
"ENSG00000150551.11","grey"
"ENSG00000249679.2","green"
"ENSG00000158764.7","grey"
"ENSG00000163568.15","blue"
"ENSG00000099139.14","brown"
"ENSG00000287134.1","brown"
"ENSG00000115956.10","turquoise"
"ENSG00000280604.1","grey"
"ENSG00000142621.19","grey"
"ENSG00000259470.2","yellow"
"ENSG00000145700.10","yellow"
"ENSG00000152076.19","yellow"
"ENSG00000225964.6","blue"
"ENSG00000254024.1","blue"
"ENSG00000196263.8","turquoise"
"ENSG00000150637.9","turquoise"
"ENSG00000263264.2","turquoise"
"ENSG00000133640.20","yellow"
"ENSG00000230037.1","grey"
"ENSG00000143387.14","brown"
"ENSG00000118402.6","yellow"
"ENSG00000232938.2","grey"
"ENSG00000211698.2","turquoise"
"ENSG00000211803.2","turquoise"
"ENSG00000173705.9","brown"
"ENSG00000005379.17","blue"
"ENSG00000089101.19","green"
"ENSG00000249364.6","grey"
"ENSG00000269976.1","turquoise"
"ENSG00000205212.5","grey"
"ENSG00000233393.1","grey"
"ENSG00000234795.10","red"
"ENSG00000237136.8","blue"
"ENSG00000287394.1","grey"
"ENSG00000172915.18","brown"
"ENSG00000164743.5","brown"
"ENSG00000152128.13","turquoise"
"ENSG00000101082.14","turquoise"
"ENSG00000185168.5","yellow"
"ENSG00000135443.8","grey"
"ENSG00000176428.6","blue"
"ENSG00000278071.1","blue"
"ENSG00000111404.7","green"
"ENSG00000165091.18","grey"
"ENSG00000064270.13","yellow"
"ENSG00000185630.19","blue"
"ENSG00000255325.2","turquoise"
"ENSG00000167094.16","turquoise"
"ENSG00000169885.10","blue"
"ENSG00000280032.1","yellow"
"ENSG00000231881.2","turquoise"
"ENSG00000100453.13","turquoise"
"ENSG00000231793.5","blue"
"ENSG00000049089.15","yellow"
"ENSG00000257956.1","grey"
"ENSG00000129521.15","grey"
"ENSG00000081237.20","turquoise"
"ENSG00000211817.2","turquoise"
"ENSG00000101306.11","green"
"ENSG00000262136.1","turquoise"
"ENSG00000189320.9","brown"
"ENSG00000105609.17","turquoise"
"ENSG00000187288.12","green"
"ENSG00000112619.8","brown"
"ENSG00000228709.1","grey"
"ENSG00000102524.11","turquoise"
"ENSG00000042832.12","yellow"
"ENSG00000103522.16","turquoise"
"ENSG00000255303.2","yellow"
"ENSG00000231982.1","blue"
"ENSG00000112964.14","brown"
"ENSG00000205358.4","grey"
"ENSG00000198113.3","yellow"
"ENSG00000181885.18","blue"
"ENSG00000080007.8","grey"
"ENSG00000198467.16","green"
"ENSG00000234284.7","yellow"
"ENSG00000246430.7","brown"
"ENSG00000123843.13","blue"
"ENSG00000197584.12","yellow"
"ENSG00000260328.1","turquoise"
"ENSG00000235531.11","green"
"ENSG00000129951.19","brown"
"ENSG00000110375.3","grey"
"ENSG00000007350.17","grey"
"ENSG00000134545.14","turquoise"
"ENSG00000164638.10","grey"
"ENSG00000171557.17","grey"
"ENSG00000197915.7","yellow"
"ENSG00000089012.14","turquoise"
"ENSG00000204791.10","grey"
"ENSG00000228697.4","grey"
"ENSG00000246100.4","turquoise"
"ENSG00000159189.12","turquoise"
"ENSG00000144218.19","turquoise"
"ENSG00000225932.3","grey"
"ENSG00000070915.10","turquoise"
"ENSG00000234949.2","grey"
"ENSG00000086205.18","blue"
"ENSG00000231389.7","turquoise"
"ENSG00000272108.1","brown"
"ENSG00000125245.13","turquoise"
"ENSG00000244921.2","grey"
"ENSG00000237940.3","blue"
"ENSG00000156140.10","brown"
"ENSG00000250803.6","grey"
"ENSG00000228236.2","grey"
"ENSG00000226197.3","brown"
"ENSG00000205795.4","brown"
"ENSG00000179813.7","turquoise"
"ENSG00000188817.8","blue"
"ENSG00000255026.1","blue"
"ENSG00000039139.9","grey"
"ENSG00000068976.14","green"
"ENSG00000165626.17","grey"
"ENSG00000179292.5","grey"
"ENSG00000225907.1","yellow"
"ENSG00000100234.12","brown"
"ENSG00000171446.7","yellow"
"ENSG00000182379.10","grey"
"ENSG00000169962.5","turquoise"
"ENSG00000285420.1","turquoise"
"ENSG00000100342.21","blue"
"ENSG00000221866.9","brown"
"ENSG00000154258.17","brown"
"ENSG00000183715.13","brown"
"ENSG00000268049.1","grey"
"ENSG00000065371.17","grey"
"ENSG00000117586.11","brown"
"ENSG00000246095.2","brown"
"ENSG00000270641.1","red"
"ENSG00000138315.13","brown"
"ENSG00000260677.1","blue"
"ENSG00000273301.1","grey"
"ENSG00000225431.1","grey"
"ENSG00000254681.6","blue"
"ENSG00000142319.18","blue"
"ENSG00000197134.13","turquoise"
"ENSG00000171217.5","blue"
"ENSG00000213171.3","green"
"ENSG00000197870.12","blue"
"ENSG00000118004.18","yellow"
"ENSG00000285103.2","blue"
"ENSG00000005844.19","turquoise"
"ENSG00000272143.1","yellow"
"ENSG00000179954.16","brown"
"ENSG00000256234.1","grey"
"ENSG00000261217.2","grey"
"ENSG00000143340.6","turquoise"
"ENSG00000176177.10","turquoise"
"ENSG00000196126.11","turquoise"
"ENSG00000082074.19","turquoise"
"ENSG00000248690.8","grey"
"ENSG00000148468.17","brown"
"ENSG00000226363.3","grey"
"ENSG00000139629.16","yellow"
"ENSG00000126353.3","turquoise"
"ENSG00000197142.10","turquoise"
"ENSG00000121440.15","brown"
"ENSG00000280693.2","yellow"
"ENSG00000229425.3","brown"
"ENSG00000236047.1","grey"
"ENSG00000173404.5","turquoise"
"ENSG00000230445.4","grey"
"ENSG00000196335.13","grey"
"ENSG00000196353.11","brown"
"ENSG00000270547.6","brown"
"ENSG00000007933.13","turquoise"
"ENSG00000162998.5","turquoise"
"ENSG00000177098.9","grey"
"ENSG00000174938.14","grey"
"ENSG00000147465.12","grey"
"ENSG00000269696.2","grey"
"ENSG00000267369.1","turquoise"
"ENSG00000232810.4","grey"
"ENSG00000236871.7","blue"
"ENSG00000118308.15","turquoise"
"ENSG00000211791.2","turquoise"
"ENSG00000286529.1","blue"
"ENSG00000104972.15","turquoise"
"ENSG00000129048.7","turquoise"
"ENSG00000125872.8","grey"
"ENSG00000112837.17","grey"
"ENSG00000212237.1","grey"
"ENSG00000229699.1","yellow"
"ENSG00000160117.16","grey"
"ENSG00000166448.15","brown"
"ENSG00000246596.7","turquoise"
"ENSG00000230438.7","turquoise"
"ENSG00000186684.14","yellow"
"ENSG00000198597.9","turquoise"
"ENSG00000255422.3","turquoise"
"ENSG00000164076.17","turquoise"
"ENSG00000012171.20","turquoise"
"ENSG00000109265.14","turquoise"
"ENSG00000139970.17","turquoise"
"ENSG00000078589.13","turquoise"
"ENSG00000126733.21","grey"
"ENSG00000275212.3","blue"
"ENSG00000287538.1","yellow"
"ENSG00000168913.7","grey"
"ENSG00000128849.11","turquoise"
"ENSG00000228459.4","grey"
"ENSG00000204420.10","yellow"
"ENSG00000111796.4","turquoise"
"ENSG00000176204.13","grey"
"ENSG00000288074.1","grey"
"ENSG00000233820.2","blue"
"ENSG00000205089.8","grey"
"ENSG00000250067.12","blue"
"ENSG00000198948.12","brown"
"ENSG00000170858.10","turquoise"
"ENSG00000224961.3","turquoise"
"ENSG00000161958.11","grey"
"ENSG00000211784.2","turquoise"
"ENSG00000258754.8","blue"
"ENSG00000215866.8","blue"
"ENSG00000186777.12","grey"
"ENSG00000211448.13","brown"
"ENSG00000223387.6","grey"
"ENSG00000173372.17","turquoise"
"ENSG00000262406.3","turquoise"
"ENSG00000006788.14","brown"
"ENSG00000144115.17","grey"
"ENSG00000202318.1","blue"
"ENSG00000262097.2","grey"
"ENSG00000109654.16","blue"
"ENSG00000147434.9","turquoise"
"ENSG00000286662.2","grey"
"ENSG00000218336.9","brown"
"ENSG00000135094.11","turquoise"
"ENSG00000164627.18","brown"
"ENSG00000104368.19","blue"
"ENSG00000005108.16","brown"
"ENSG00000250230.3","grey"
"ENSG00000160801.14","brown"
"ENSG00000146070.17","turquoise"
"ENSG00000120217.14","turquoise"
"ENSG00000232598.2","grey"
"ENSG00000260840.2","grey"
"ENSG00000224189.8","grey"
"ENSG00000075429.9","yellow"
"ENSG00000279662.1","blue"
"ENSG00000224984.1","yellow"
"ENSG00000271811.1","brown"
"ENSG00000154310.17","turquoise"
"ENSG00000171360.4","grey"
"ENSG00000205696.4","blue"
"ENSG00000149243.16","yellow"
"ENSG00000159713.11","turquoise"
"ENSG00000236939.2","grey"
"ENSG00000117594.10","turquoise"
"ENSG00000185905.4","turquoise"
"ENSG00000163823.4","turquoise"
"ENSG00000178809.11","yellow"
"ENSG00000180113.16","turquoise"
"ENSG00000155754.15","grey"
"ENSG00000166840.13","grey"
"ENSG00000236740.6","yellow"
"ENSG00000240563.2","brown"
"ENSG00000115461.5","brown"
"ENSG00000167646.14","turquoise"
"ENSG00000204241.8","grey"
"ENSG00000242082.2","blue"
"ENSG00000187862.12","turquoise"
"ENSG00000080493.18","turquoise"
"ENSG00000180644.8","turquoise"
"ENSG00000136099.13","grey"
"ENSG00000198183.12","blue"
"ENSG00000260412.1","grey"
"ENSG00000116014.10","turquoise"
"ENSG00000127578.7","blue"
"ENSG00000125144.14","grey"
"ENSG00000236296.8","grey"
"ENSG00000211699.2","turquoise"
"ENSG00000147100.11","blue"
"ENSG00000095752.7","turquoise"
"ENSG00000261770.1","grey"
"ENSG00000212766.9","yellow"
"ENSG00000110900.16","brown"
"ENSG00000125788.6","grey"
"ENSG00000259094.1","grey"
"ENSG00000254991.1","turquoise"
"ENSG00000237819.5","turquoise"
"ENSG00000050555.19","brown"
"ENSG00000205426.10","grey"
"ENSG00000158714.11","turquoise"
"ENSG00000230882.1","blue"
"ENSG00000121898.13","brown"
"ENSG00000262519.1","grey"
"ENSG00000087495.17","grey"
"ENSG00000142149.9","turquoise"
"ENSG00000165887.12","green"
"ENSG00000256115.6","blue"
"ENSG00000137491.15","turquoise"
"ENSG00000185467.7","turquoise"
"ENSG00000160307.10","turquoise"
"ENSG00000188886.3","turquoise"
"ENSG00000183248.12","blue"
"ENSG00000255987.1","turquoise"
"ENSG00000159527.3","yellow"
"ENSG00000101825.8","brown"
"ENSG00000198821.11","turquoise"
"ENSG00000171451.14","brown"
"ENSG00000124116.19","grey"
"ENSG00000163873.10","turquoise"
"ENSG00000090659.18","turquoise"
"ENSG00000139211.7","blue"
"ENSG00000084674.15","brown"
"ENSG00000100344.11","turquoise"
"ENSG00000106538.10","brown"
"ENSG00000135898.10","turquoise"
"ENSG00000211786.3","turquoise"
"ENSG00000158125.10","yellow"
"ENSG00000078399.19","grey"
"ENSG00000196329.11","turquoise"
"ENSG00000167077.13","turquoise"
"ENSG00000104321.11","brown"
"ENSG00000128564.7","grey"
"ENSG00000238120.1","grey"
"ENSG00000100362.13","green"
"ENSG00000167972.14","turquoise"
"ENSG00000233487.6","yellow"
"ENSG00000163492.15","green"
"ENSG00000154153.13","green"
"ENSG00000173175.15","turquoise"
"ENSG00000112276.14","green"
"ENSG00000242041.1","grey"
"ENSG00000197977.4","brown"
"ENSG00000204991.11","blue"
"ENSG00000236039.3","grey"
"ENSG00000230570.1","grey"
"ENSG00000103269.14","turquoise"
"ENSG00000230107.1","turquoise"
"ENSG00000167964.13","grey"
"ENSG00000109794.13","turquoise"
"ENSG00000139344.8","grey"
"ENSG00000186310.10","brown"
"ENSG00000267452.3","turquoise"
"ENSG00000288029.1","blue"
"ENSG00000263325.1","blue"
"ENSG00000172379.21","yellow"
"ENSG00000262966.2","blue"
"ENSG00000204540.11","yellow"
"ENSG00000164761.9","turquoise"
"ENSG00000162545.6","turquoise"
"ENSG00000196081.10","grey"
"ENSG00000185760.17","grey"
"ENSG00000055118.16","turquoise"
"ENSG00000229140.11","grey"
"ENSG00000170178.7","grey"
"ENSG00000073464.13","turquoise"
"ENSG00000246082.2","yellow"
"ENSG00000126970.16","brown"
"ENSG00000261773.1","yellow"
"ENSG00000272512.1","blue"
"ENSG00000283000.2","yellow"
"ENSG00000160185.15","turquoise"
"ENSG00000172828.13","blue"
"ENSG00000280399.1","blue"
"ENSG00000164509.15","yellow"
"ENSG00000187260.16","brown"
"ENSG00000130176.8","brown"
"ENSG00000150275.19","grey"
"ENSG00000235947.1","grey"
"ENSG00000160716.6","yellow"
"ENSG00000267640.6","brown"
"ENSG00000105655.19","yellow"
"ENSG00000285873.1","yellow"
"ENSG00000106236.4","brown"
"ENSG00000174473.16","green"
"ENSG00000278771.1","grey"
"ENSG00000196503.5","grey"
"ENSG00000167216.17","yellow"
"ENSG00000106113.19","turquoise"
"ENSG00000257335.8","turquoise"
"ENSG00000162068.2","yellow"
"ENSG00000144821.10","green"
"ENSG00000141293.16","turquoise"
"ENSG00000133392.18","brown"
"ENSG00000177694.16","blue"
"ENSG00000270933.1","blue"
"ENSG00000135454.14","turquoise"
"ENSG00000127831.11","blue"
"ENSG00000211780.3","turquoise"
"ENSG00000152672.8","turquoise"
"ENSG00000248994.2","turquoise"
"ENSG00000163206.6","turquoise"
"ENSG00000253441.1","turquoise"
"ENSG00000250138.4","turquoise"
"ENSG00000137571.11","green"
"ENSG00000287787.1","turquoise"
"ENSG00000110665.12","turquoise"
"ENSG00000122375.12","grey"
"ENSG00000123358.20","brown"
"ENSG00000205667.3","blue"
"ENSG00000172236.18","turquoise"
"ENSG00000153495.11","blue"
"ENSG00000198535.5","grey"
"ENSG00000175592.9","yellow"
"ENSG00000134363.12","turquoise"
"ENSG00000174946.7","turquoise"
"ENSG00000130635.16","brown"
"ENSG00000214050.8","grey"
"ENSG00000170396.9","turquoise"
"ENSG00000165168.8","turquoise"
"ENSG00000250451.5","grey"
"ENSG00000213462.5","yellow"
"ENSG00000160963.14","brown"
"ENSG00000187185.4","yellow"
"ENSG00000206145.8","green"
"ENSG00000133661.17","yellow"
"ENSG00000173535.15","turquoise"
"ENSG00000154864.13","brown"
"ENSG00000226979.9","turquoise"
"ENSG00000135919.14","grey"
"ENSG00000013588.9","turquoise"
"ENSG00000174332.5","brown"
"ENSG00000276085.1","turquoise"
"ENSG00000256001.2","grey"
"ENSG00000234692.1","grey"
"ENSG00000224592.5","yellow"
"ENSG00000005102.14","turquoise"
"ENSG00000259933.6","blue"
"ENSG00000061455.11","turquoise"
"ENSG00000276644.5","brown"
"ENSG00000182459.5","yellow"
"ENSG00000182985.18","brown"
"ENSG00000287252.1","turquoise"
"ENSG00000116711.10","turquoise"
"ENSG00000154025.16","yellow"
"ENSG00000133800.9","brown"
"ENSG00000149506.11","turquoise"
"ENSG00000228536.3","brown"
"ENSG00000258659.7","blue"
"ENSG00000188211.9","grey"
"ENSG00000041982.16","grey"
"ENSG00000139329.5","brown"
"ENSG00000250155.2","turquoise"
"ENSG00000248187.1","turquoise"
"ENSG00000186150.5","turquoise"
"ENSG00000147642.17","grey"
"ENSG00000152270.9","turquoise"
"ENSG00000255690.3","turquoise"
"ENSG00000103647.13","brown"
"ENSG00000133937.5","brown"
"ENSG00000149922.11","turquoise"
"ENSG00000175040.6","yellow"
"ENSG00000253250.3","brown"
"ENSG00000267506.5","grey"
"ENSG00000133256.13","turquoise"
"ENSG00000113263.13","turquoise"
"ENSG00000182983.15","brown"
"ENSG00000279314.1","green"
"ENSG00000198353.8","grey"
"ENSG00000111291.8","blue"
"ENSG00000150045.12","turquoise"
"ENSG00000158445.10","green"
"ENSG00000174599.5","brown"
"ENSG00000228044.3","grey"
"ENSG00000187889.13","turquoise"
"ENSG00000165457.14","turquoise"
"ENSG00000211716.2","turquoise"
"ENSG00000107317.13","turquoise"
"ENSG00000254122.3","brown"
"ENSG00000107736.21","turquoise"
"ENSG00000197594.13","brown"
"ENSG00000211810.3","turquoise"
"ENSG00000148734.8","turquoise"
"ENSG00000251209.9","grey"
"ENSG00000224078.15","brown"
"ENSG00000268223.6","grey"
"ENSG00000278531.1","blue"
"ENSG00000134343.14","grey"
"ENSG00000096996.16","turquoise"
"ENSG00000161649.13","turquoise"
"ENSG00000232527.8","turquoise"
"ENSG00000157404.16","brown"
"ENSG00000115155.19","turquoise"
"ENSG00000008196.13","blue"
"ENSG00000187553.10","yellow"
"ENSG00000224999.1","grey"
"ENSG00000253766.1","grey"
"ENSG00000241475.1","grey"
"ENSG00000271013.1","turquoise"
"ENSG00000241657.1","turquoise"
"ENSG00000166111.10","green"
"ENSG00000134824.14","yellow"
"ENSG00000196735.13","turquoise"
"ENSG00000162631.19","brown"
"ENSG00000185869.15","turquoise"
"ENSG00000065621.15","turquoise"
"ENSG00000204475.10","turquoise"
"ENSG00000237975.7","grey"
"ENSG00000276819.1","turquoise"
"ENSG00000232237.3","green"
"ENSG00000131080.15","brown"
"ENSG00000158865.12","blue"
"ENSG00000205869.2","blue"
"ENSG00000167664.8","turquoise"
"ENSG00000186648.15","blue"
"ENSG00000175556.17","turquoise"
"ENSG00000112214.10","brown"
"ENSG00000258245.1","grey"
"ENSG00000170956.17","turquoise"
"ENSG00000279092.1","grey"
"ENSG00000111049.4","green"
"ENSG00000163923.10","yellow"
"ENSG00000273760.1","grey"
"ENSG00000109452.12","blue"
"ENSG00000115221.12","blue"
"ENSG00000234378.1","turquoise"
"ENSG00000171094.18","grey"
"ENSG00000142224.17","turquoise"
"ENSG00000254997.4","blue"
"ENSG00000139549.4","brown"
"ENSG00000248746.6","green"
"ENSG00000184304.16","brown"
"ENSG00000229647.2","turquoise"
"ENSG00000255129.6","grey"
"ENSG00000236548.2","turquoise"
"ENSG00000287743.1","yellow"
"ENSG00000184293.7","turquoise"
"ENSG00000259760.1","grey"
"ENSG00000140600.17","turquoise"
"ENSG00000138356.14","turquoise"
"ENSG00000203685.10","turquoise"
"ENSG00000248538.8","blue"
"ENSG00000169862.19","brown"
"ENSG00000173213.9","grey"
"ENSG00000100346.18","turquoise"
"ENSG00000197769.6","turquoise"
"ENSG00000130037.5","turquoise"
"ENSG00000034971.17","green"
"ENSG00000285201.1","grey"
"ENSG00000287460.1","blue"
"ENSG00000140937.14","brown"
"ENSG00000243753.5","blue"
"ENSG00000258521.1","turquoise"
"ENSG00000185269.12","brown"
"ENSG00000112195.9","turquoise"
"ENSG00000233705.7","turquoise"
"ENSG00000143369.15","yellow"
"ENSG00000081479.15","yellow"
"ENSG00000283175.1","turquoise"
"ENSG00000163810.12","turquoise"
"ENSG00000271474.1","brown"
"ENSG00000165071.15","turquoise"
"ENSG00000017427.17","brown"
"ENSG00000285763.1","blue"
"ENSG00000270977.2","turquoise"
"ENSG00000260862.1","turquoise"
"ENSG00000278399.1","grey"
"ENSG00000254343.2","green"
"ENSG00000182667.14","brown"
"ENSG00000160883.11","turquoise"
"ENSG00000184811.4","green"
"ENSG00000197471.12","turquoise"
"ENSG00000198976.1","blue"
"ENSG00000129744.3","green"
"ENSG00000244620.1","turquoise"
"ENSG00000231482.3","brown"
"ENSG00000253258.1","yellow"
"ENSG00000186523.14","grey"
"ENSG00000240694.9","brown"
"ENSG00000083454.22","turquoise"
"ENSG00000254338.1","grey"
"ENSG00000124302.13","brown"
"ENSG00000178562.18","turquoise"
"ENSG00000095739.11","grey"
"ENSG00000175841.8","grey"
"ENSG00000274322.1","yellow"
"ENSG00000225492.6","turquoise"
"ENSG00000134020.8","green"
"ENSG00000259091.1","brown"
"ENSG00000253741.2","yellow"
"ENSG00000277287.1","blue"
"ENSG00000229391.7","turquoise"
"ENSG00000155511.18","brown"
"ENSG00000182040.9","turquoise"
"ENSG00000284505.1","turquoise"
"ENSG00000163958.14","grey"
"ENSG00000100368.14","turquoise"
"ENSG00000197822.11","blue"
"ENSG00000284948.1","grey"
"ENSG00000095321.17","grey"
"ENSG00000128266.9","brown"
"ENSG00000272927.1","turquoise"
"ENSG00000137101.13","turquoise"
"ENSG00000249693.3","grey"
"ENSG00000225096.3","blue"
"ENSG00000231868.1","blue"
"ENSG00000089169.15","turquoise"
"ENSG00000108465.15","blue"
"ENSG00000105479.16","blue"
"ENSG00000175445.17","brown"
"ENSG00000255921.1","brown"
"ENSG00000253824.2","grey"
"ENSG00000286271.2","grey"
"ENSG00000286191.1","green"
"ENSG00000227308.2","turquoise"
"ENSG00000163734.4","grey"
"ENSG00000123570.4","green"
"ENSG00000256443.1","turquoise"
"ENSG00000236481.1","turquoise"
"ENSG00000280285.1","yellow"
"ENSG00000127951.8","turquoise"
"ENSG00000255462.1","turquoise"
"ENSG00000144481.17","blue"
"ENSG00000198795.11","brown"
"ENSG00000164684.13","brown"
"ENSG00000223855.2","blue"
"ENSG00000233217.2","blue"
"ENSG00000102098.19","yellow"
"ENSG00000256802.2","brown"
"ENSG00000171766.17","turquoise"
"ENSG00000239941.1","blue"
"ENSG00000163600.13","turquoise"
"ENSG00000229672.3","yellow"
"ENSG00000166823.5","yellow"
"ENSG00000259881.1","turquoise"
"ENSG00000041515.16","grey"
"ENSG00000174527.10","yellow"
"ENSG00000101049.17","grey"
"ENSG00000159763.4","blue"
"ENSG00000261418.1","blue"
"ENSG00000268902.3","grey"
"ENSG00000058085.15","turquoise"
"ENSG00000267508.6","brown"
"ENSG00000177932.7","turquoise"
"ENSG00000204174.8","yellow"
"ENSG00000255364.1","turquoise"
"ENSG00000251152.1","blue"
"ENSG00000152154.11","blue"
"ENSG00000285492.1","turquoise"
"ENSG00000177614.11","yellow"
"ENSG00000131711.15","brown"
"ENSG00000233968.7","brown"
"ENSG00000234614.1","turquoise"
"ENSG00000205890.3","blue"
"ENSG00000197816.16","blue"
"ENSG00000231752.6","grey"
"ENSG00000215217.7","blue"
"ENSG00000141750.7","brown"
"ENSG00000166546.14","yellow"
"ENSG00000186212.4","blue"
"ENSG00000271662.1","blue"
"ENSG00000187634.12","brown"
"ENSG00000108001.15","turquoise"
"ENSG00000246228.6","turquoise"
"ENSG00000197647.11","grey"
"ENSG00000214318.3","yellow"
"ENSG00000196109.9","green"
"ENSG00000286381.1","brown"
"ENSG00000178031.17","brown"
"ENSG00000136250.12","turquoise"
"ENSG00000235660.2","grey"
"ENSG00000163576.18","blue"
"ENSG00000134817.11","brown"
"ENSG00000279425.1","grey"
"ENSG00000163746.12","blue"
"ENSG00000188277.10","blue"
"ENSG00000214783.9","blue"
"ENSG00000171303.7","green"
"ENSG00000262152.7","grey"
"ENSG00000267709.1","blue"
"ENSG00000286389.1","blue"
"ENSG00000265246.1","grey"
"ENSG00000266302.6","grey"
"ENSG00000158516.12","grey"
"ENSG00000162804.14","brown"
"ENSG00000251365.4","grey"
"ENSG00000278934.1","brown"
"ENSG00000186567.13","yellow"
"ENSG00000112530.11","blue"
"ENSG00000113430.10","turquoise"
"ENSG00000137707.13","grey"
"ENSG00000155760.2","brown"
"ENSG00000270689.1","yellow"
"ENSG00000171051.9","turquoise"
"ENSG00000282870.1","blue"
"ENSG00000231437.3","grey"
"ENSG00000149591.17","brown"
"ENSG00000261949.6","grey"
"ENSG00000166147.14","brown"
"ENSG00000281327.2","grey"
"ENSG00000185274.12","green"
"ENSG00000246223.9","grey"
"ENSG00000019582.15","turquoise"
"ENSG00000204446.4","green"
"ENSG00000280109.3","grey"
"ENSG00000185483.12","brown"
"ENSG00000179253.3","turquoise"
"ENSG00000248515.2","grey"
"ENSG00000235904.3","green"
"ENSG00000233038.6","turquoise"
"ENSG00000278635.1","blue"
"ENSG00000153234.15","turquoise"
"ENSG00000231703.2","yellow"
"ENSG00000279954.1","blue"
"ENSG00000087245.13","brown"
"ENSG00000178803.12","turquoise"
"ENSG00000274642.1","green"
"ENSG00000184635.16","brown"
"ENSG00000213538.5","yellow"
"ENSG00000187474.5","turquoise"
"ENSG00000174600.14","turquoise"
"ENSG00000158014.15","green"
"ENSG00000233682.3","brown"
"ENSG00000206561.13","green"
"ENSG00000164344.16","turquoise"
"ENSG00000240875.6","turquoise"
"ENSG00000128284.19","turquoise"
"ENSG00000233056.3","grey"
"ENSG00000100336.17","turquoise"
"ENSG00000164746.14","yellow"
"ENSG00000154040.21","grey"
"ENSG00000079263.19","turquoise"
"ENSG00000273032.3","blue"
"ENSG00000197646.8","turquoise"
"ENSG00000149557.14","turquoise"
"ENSG00000113140.11","brown"
"ENSG00000137727.12","turquoise"
"ENSG00000177675.9","turquoise"
"ENSG00000235180.1","brown"
"ENSG00000171860.5","turquoise"
"ENSG00000171812.13","brown"
"ENSG00000178150.10","turquoise"
"ENSG00000160973.8","turquoise"
"ENSG00000269210.2","turquoise"
"ENSG00000186766.8","grey"
"ENSG00000099957.16","green"
"ENSG00000111335.13","blue"
"ENSG00000279082.4","turquoise"
"ENSG00000273837.1","turquoise"
"ENSG00000185610.6","grey"
"ENSG00000076662.10","turquoise"
"ENSG00000221852.5","grey"
"ENSG00000133124.11","blue"
"ENSG00000224899.1","grey"
"ENSG00000235689.1","blue"
"ENSG00000253435.1","turquoise"
"ENSG00000119535.18","turquoise"
"ENSG00000242779.7","turquoise"
"ENSG00000139737.22","turquoise"
"ENSG00000198959.12","turquoise"
"ENSG00000172575.12","turquoise"
"ENSG00000211818.1","turquoise"
"ENSG00000273812.3","grey"
"ENSG00000142408.6","green"
"ENSG00000221818.9","brown"
"ENSG00000146955.11","turquoise"
"ENSG00000144837.9","turquoise"
"ENSG00000136928.7","grey"
"ENSG00000116132.12","brown"
"ENSG00000145708.11","turquoise"
"ENSG00000166073.11","grey"
"ENSG00000234444.10","turquoise"
"ENSG00000257230.1","blue"
"ENSG00000276170.4","turquoise"
"ENSG00000102362.15","brown"
"ENSG00000128242.13","grey"
"ENSG00000280241.4","brown"
"ENSG00000100033.16","blue"
"ENSG00000131042.15","turquoise"
"ENSG00000166922.8","brown"
"ENSG00000187244.12","turquoise"
"ENSG00000240859.3","turquoise"
"ENSG00000104415.14","brown"
"ENSG00000205456.11","grey"
"ENSG00000179388.9","brown"
"ENSG00000243649.9","turquoise"
"ENSG00000160191.18","brown"
"ENSG00000268204.1","blue"
"ENSG00000089472.16","brown"
"ENSG00000268362.6","grey"
"ENSG00000279277.2","grey"
"ENSG00000234465.11","grey"
"ENSG00000242866.10","blue"
"ENSG00000111339.12","turquoise"
"ENSG00000113205.5","brown"
"ENSG00000137558.9","brown"
"ENSG00000230417.12","grey"
"ENSG00000254057.1","grey"
"ENSG00000145681.11","brown"
"ENSG00000162873.15","brown"
"ENSG00000128298.17","turquoise"
"ENSG00000238207.2","grey"
"ENSG00000163017.14","brown"
"ENSG00000183347.15","blue"
"ENSG00000283128.2","grey"
"ENSG00000188747.8","blue"
"ENSG00000287313.1","grey"
"ENSG00000179331.3","turquoise"
"ENSG00000168004.10","green"
"ENSG00000233093.6","turquoise"
"ENSG00000263934.5","grey"
"ENSG00000055813.6","brown"
"ENSG00000132530.17","blue"
"ENSG00000182870.13","yellow"
"ENSG00000178363.5","yellow"
"ENSG00000226051.8","grey"
"ENSG00000108684.15","grey"
"ENSG00000234771.3","blue"
"ENSG00000143199.18","blue"
"ENSG00000111674.9","grey"
"ENSG00000255624.3","yellow"
"ENSG00000196684.12","turquoise"
"ENSG00000172817.4","turquoise"
"ENSG00000171811.14","grey"
"ENSG00000092621.13","yellow"
"ENSG00000100351.17","turquoise"
"ENSG00000173210.20","green"
"ENSG00000132972.19","yellow"
"ENSG00000081041.9","grey"
"ENSG00000128165.9","blue"
"ENSG00000206052.11","brown"
"ENSG00000079112.10","turquoise"
"ENSG00000137078.9","turquoise"
"ENSG00000062524.16","turquoise"
"ENSG00000242173.10","grey"
"ENSG00000262772.2","blue"
"ENSG00000105697.9","turquoise"
"ENSG00000231606.2","grey"
"ENSG00000111181.12","turquoise"
"ENSG00000155961.5","turquoise"
"ENSG00000233110.1","brown"
"ENSG00000177294.7","grey"
"ENSG00000255920.3","grey"
"ENSG00000236213.2","turquoise"
"ENSG00000272071.1","grey"
"ENSG00000196917.6","turquoise"
"ENSG00000156414.19","turquoise"
"ENSG00000277893.2","blue"
"ENSG00000165682.14","grey"
"ENSG00000274414.1","turquoise"
"ENSG00000147234.10","turquoise"
"ENSG00000224875.2","turquoise"
"ENSG00000126878.13","yellow"
"ENSG00000260469.3","grey"
"ENSG00000287550.1","grey"
"ENSG00000146674.15","grey"
"ENSG00000276832.2","yellow"
"ENSG00000019991.18","brown"
"ENSG00000151320.11","green"
"ENSG00000244968.7","yellow"
"ENSG00000056998.20","brown"
"ENSG00000135299.17","blue"
"ENSG00000249684.6","blue"
"ENSG00000131183.11","grey"
"ENSG00000259831.1","turquoise"
"ENSG00000121413.13","brown"
"ENSG00000241735.2","yellow"
"ENSG00000278982.1","turquoise"
"ENSG00000284713.1","blue"
"ENSG00000274536.7","turquoise"
"ENSG00000183742.13","blue"
"ENSG00000224387.1","blue"
"ENSG00000130224.15","brown"
"ENSG00000135824.12","turquoise"
"ENSG00000146006.8","turquoise"
"ENSG00000102313.9","grey"
"ENSG00000254876.5","blue"
"ENSG00000111879.20","turquoise"
"ENSG00000205362.11","green"
"ENSG00000226965.2","grey"
"ENSG00000259594.6","blue"
"ENSG00000137731.14","turquoise"
"ENSG00000214575.9","turquoise"
"ENSG00000172733.11","brown"
"ENSG00000261821.2","blue"
"ENSG00000104432.14","turquoise"
"ENSG00000197937.13","brown"
"ENSG00000128045.7","grey"
"ENSG00000237440.9","turquoise"
"ENSG00000131037.15","yellow"
"ENSG00000131401.11","turquoise"
"ENSG00000253649.5","blue"
"ENSG00000100024.15","turquoise"
"ENSG00000088756.13","brown"
"ENSG00000181800.6","turquoise"
"ENSG00000279739.1","turquoise"
"ENSG00000140105.18","blue"
"ENSG00000211809.2","turquoise"
"ENSG00000239911.2","turquoise"
"ENSG00000144130.11","blue"
"ENSG00000111729.14","turquoise"
"ENSG00000233377.1","blue"
"ENSG00000257951.2","turquoise"
"ENSG00000178662.16","brown"
"ENSG00000202538.1","grey"
"ENSG00000170166.6","grey"
"ENSG00000123569.8","grey"
"ENSG00000227674.3","grey"
"ENSG00000266573.6","brown"
"ENSG00000266852.2","grey"
"ENSG00000233834.6","blue"
"ENSG00000261039.3","brown"
"ENSG00000174672.16","turquoise"
"ENSG00000128011.5","grey"
"ENSG00000224034.1","grey"
"ENSG00000157168.20","turquoise"
"ENSG00000231246.2","brown"
"ENSG00000262877.5","blue"
"ENSG00000134533.6","brown"
"ENSG00000132000.13","brown"
"ENSG00000269113.4","brown"
"ENSG00000227158.1","brown"
"ENSG00000211697.4","turquoise"
"ENSG00000224939.1","grey"
"ENSG00000196990.9","turquoise"
"ENSG00000130234.12","grey"
"ENSG00000125355.16","turquoise"
"ENSG00000213963.6","blue"
"ENSG00000004939.15","blue"
"ENSG00000011465.18","brown"
"ENSG00000225194.3","turquoise"
"ENSG00000211696.2","turquoise"
"ENSG00000131885.17","yellow"
"ENSG00000219088.1","grey"
"ENSG00000157613.11","brown"
"ENSG00000167286.10","turquoise"
"ENSG00000144802.11","yellow"
"ENSG00000261645.7","grey"
"ENSG00000277987.2","turquoise"
"ENSG00000188001.10","blue"
"ENSG00000167332.9","grey"
"ENSG00000106952.7","turquoise"
"ENSG00000104177.18","turquoise"
"ENSG00000135477.11","blue"
"ENSG00000184697.7","turquoise"
"ENSG00000271825.1","blue"
"ENSG00000111261.14","blue"
"ENSG00000184254.17","yellow"
"ENSG00000105376.5","grey"
"ENSG00000211772.11","turquoise"
"ENSG00000235290.1","grey"
"ENSG00000254319.6","grey"
"ENSG00000159674.12","brown"
"ENSG00000162881.6","turquoise"
"ENSG00000121716.20","blue"
"ENSG00000166091.21","green"
"ENSG00000261730.1","grey"
"ENSG00000106624.11","brown"
"ENSG00000146090.16","grey"
"ENSG00000215374.6","grey"
"ENSG00000154529.15","grey"
"ENSG00000184925.12","blue"
"ENSG00000245466.1","blue"
"ENSG00000268964.3","grey"
"ENSG00000136514.3","blue"
"ENSG00000286132.1","brown"
"ENSG00000272989.1","green"
"ENSG00000232692.1","turquoise"
"ENSG00000179178.11","yellow"
"ENSG00000260597.1","blue"
"ENSG00000162630.6","turquoise"
"ENSG00000039600.11","turquoise"
"ENSG00000248571.1","turquoise"
"ENSG00000253831.3","grey"
"ENSG00000286423.1","grey"
"ENSG00000288658.1","blue"
"ENSG00000109101.8","yellow"
"ENSG00000183019.7","turquoise"
"ENSG00000189238.6","blue"
"ENSG00000163145.13","brown"
"ENSG00000152592.14","grey"
"ENSG00000073605.18","grey"
"ENSG00000006468.14","brown"
"ENSG00000003249.15","blue"
"ENSG00000287232.1","brown"
"ENSG00000132958.17","turquoise"
"ENSG00000256229.8","brown"
"ENSG00000172215.6","turquoise"
"ENSG00000225889.9","blue"
"ENSG00000187642.9","green"
"ENSG00000131459.13","brown"
"ENSG00000253669.4","yellow"
"ENSG00000108759.4","grey"
"ENSG00000136457.10","grey"
"ENSG00000277619.1","blue"
"ENSG00000095970.17","turquoise"
"ENSG00000247402.2","grey"
"ENSG00000172602.11","turquoise"
"ENSG00000234899.11","grey"
"ENSG00000145335.17","grey"
"ENSG00000127990.19","brown"
"ENSG00000169918.10","grey"
"ENSG00000204850.4","brown"
"ENSG00000163354.15","blue"
"ENSG00000149809.16","yellow"
"ENSG00000145244.12","brown"
"ENSG00000271361.1","grey"
"ENSG00000283973.2","turquoise"
"ENSG00000100427.16","blue"
"ENSG00000286913.1","grey"
"ENSG00000270806.2","grey"
"ENSG00000159208.16","grey"
"ENSG00000137628.17","blue"
"ENSG00000213809.9","turquoise"
"ENSG00000172554.12","turquoise"
"ENSG00000153283.13","turquoise"
"ENSG00000197261.11","yellow"
"ENSG00000230454.1","blue"
"ENSG00000250508.1","turquoise"
"ENSG00000228203.7","brown"
"ENSG00000232164.1","grey"
"ENSG00000180066.10","turquoise"
"ENSG00000154556.18","brown"
"ENSG00000178726.7","yellow"
"ENSG00000109956.13","turquoise"
"ENSG00000283312.1","yellow"
"ENSG00000274976.1","grey"
"ENSG00000137561.5","yellow"
"ENSG00000287189.1","blue"
"ENSG00000269927.1","grey"
"ENSG00000139767.10","grey"
"ENSG00000173200.13","turquoise"
"ENSG00000159307.19","turquoise"
"ENSG00000287712.1","turquoise"
"ENSG00000149451.18","brown"
"ENSG00000244694.7","grey"
"ENSG00000239605.11","grey"
"ENSG00000155629.15","turquoise"
"ENSG00000279205.1","grey"
"ENSG00000259683.1","blue"
"ENSG00000203867.8","green"
"ENSG00000076344.16","brown"
"ENSG00000180806.5","grey"
"ENSG00000101489.20","turquoise"
"ENSG00000269155.2","brown"
"ENSG00000167613.16","turquoise"
"ENSG00000196876.18","grey"
"ENSG00000163083.6","brown"
"ENSG00000141314.13","turquoise"
"ENSG00000002079.14","turquoise"
"ENSG00000043591.6","grey"
"ENSG00000167037.19","turquoise"
"ENSG00000285517.1","turquoise"
"ENSG00000112280.17","turquoise"
"ENSG00000264007.1","turquoise"
"ENSG00000277224.2","black"
"ENSG00000184261.5","yellow"
"ENSG00000197629.6","turquoise"
"ENSG00000117707.16","grey"
"ENSG00000205702.11","blue"
"ENSG00000110693.18","grey"
"ENSG00000106333.13","brown"
"ENSG00000092067.6","grey"
"ENSG00000133962.8","grey"
"ENSG00000225968.7","brown"
"ENSG00000084710.14","yellow"
"ENSG00000171747.9","blue"
"ENSG00000264070.1","blue"
"ENSG00000164932.13","brown"
"ENSG00000254415.3","turquoise"
"ENSG00000179071.5","brown"
"ENSG00000253715.1","grey"
"ENSG00000243896.4","grey"
"ENSG00000160213.9","yellow"
"ENSG00000174740.8","brown"
"ENSG00000147231.14","grey"
"ENSG00000182631.7","brown"
"ENSG00000162482.5","turquoise"
"ENSG00000119714.11","yellow"
"ENSG00000100373.10","turquoise"
"ENSG00000134061.5","turquoise"
"ENSG00000237732.9","blue"
"ENSG00000275880.1","yellow"
"ENSG00000234753.5","blue"
"ENSG00000284690.3","turquoise"
"ENSG00000110079.18","turquoise"
"ENSG00000147509.14","yellow"
"ENSG00000181355.21","grey"
"ENSG00000172986.13","brown"
"ENSG00000132938.21","green"
"ENSG00000101144.13","blue"
"ENSG00000164106.8","green"
"ENSG00000234323.8","brown"
"ENSG00000171357.6","yellow"
"ENSG00000213420.8","blue"
"ENSG00000140807.7","brown"
"ENSG00000198723.11","yellow"
"ENSG00000188263.10","turquoise"
"ENSG00000270164.1","turquoise"
"ENSG00000267372.2","grey"
"ENSG00000004948.16","brown"
"ENSG00000104970.11","turquoise"
"ENSG00000184144.12","turquoise"
"ENSG00000089558.9","turquoise"
"ENSG00000047662.5","yellow"
"ENSG00000084628.10","yellow"
"ENSG00000185985.11","brown"
"ENSG00000228630.5","grey"
"ENSG00000142552.8","brown"
"ENSG00000182574.8","grey"
"ENSG00000099864.18","brown"
"ENSG00000088882.8","brown"
"ENSG00000166349.10","grey"
"ENSG00000122870.12","brown"
"ENSG00000287470.1","grey"
"ENSG00000234281.5","green"
"ENSG00000272908.1","turquoise"
"ENSG00000115085.14","turquoise"
"ENSG00000235214.1","yellow"
"ENSG00000198947.16","green"
"ENSG00000027644.5","brown"
"ENSG00000164303.11","turquoise"
"ENSG00000130701.4","blue"
"ENSG00000198046.12","turquoise"
"ENSG00000170629.14","yellow"
"ENSG00000169116.11","turquoise"
"ENSG00000158055.16","yellow"
"ENSG00000108852.15","brown"
"ENSG00000237594.2","turquoise"
"ENSG00000235897.1","yellow"
"ENSG00000268119.6","grey"
"ENSG00000100249.4","blue"
"ENSG00000287249.1","blue"
"ENSG00000287725.1","blue"
"ENSG00000286257.2","green"
"ENSG00000260088.1","turquoise"
"ENSG00000116675.16","grey"
"ENSG00000160867.15","grey"
"ENSG00000183128.7","grey"
"ENSG00000268812.3","brown"
"ENSG00000258884.2","grey"
"ENSG00000258636.2","brown"
"ENSG00000228318.3","grey"
"ENSG00000251141.6","grey"
"ENSG00000287600.1","yellow"
"ENSG00000108950.12","turquoise"
"ENSG00000265519.1","brown"
"ENSG00000185432.12","turquoise"
"ENSG00000091831.24","turquoise"
"ENSG00000276070.5","turquoise"
"ENSG00000232177.1","grey"
"ENSG00000173662.21","grey"
"ENSG00000285904.1","grey"
"ENSG00000273213.3","brown"
"ENSG00000215246.5","brown"
"ENSG00000276107.1","grey"
"ENSG00000085276.19","yellow"
"ENSG00000144230.16","grey"
"ENSG00000167861.16","blue"
"ENSG00000171388.12","turquoise"
"ENSG00000069702.11","turquoise"
"ENSG00000288009.1","green"
"ENSG00000213976.4","turquoise"
"ENSG00000152137.8","green"
"ENSG00000204618.8","yellow"
"ENSG00000198019.13","turquoise"
"ENSG00000255052.5","turquoise"
"ENSG00000171657.6","turquoise"
"ENSG00000204287.14","turquoise"
"ENSG00000117091.10","turquoise"
"ENSG00000157680.15","brown"
"ENSG00000265142.9","green"
"ENSG00000180537.13","brown"
"ENSG00000203797.12","turquoise"
"ENSG00000104833.12","blue"
"ENSG00000131831.18","brown"
"ENSG00000035720.8","turquoise"
"ENSG00000108405.4","turquoise"
"ENSG00000270120.1","yellow"
"ENSG00000225611.1","yellow"
"ENSG00000273274.2","yellow"
"ENSG00000185811.19","turquoise"
"ENSG00000149926.13","green"
"ENSG00000205106.4","yellow"
"ENSG00000238042.5","brown"
"ENSG00000116785.14","grey"
"ENSG00000263345.1","blue"
"ENSG00000236384.7","turquoise"
"ENSG00000171631.15","turquoise"
"ENSG00000260910.2","brown"
"ENSG00000231920.1","grey"
"ENSG00000124260.12","grey"
"ENSG00000145920.15","blue"
"ENSG00000274736.5","turquoise"
"ENSG00000179111.9","turquoise"
"ENSG00000123999.5","turquoise"
"ENSG00000179097.6","brown"
"ENSG00000226468.2","grey"
"ENSG00000140968.11","turquoise"
"ENSG00000179314.14","turquoise"
"ENSG00000260051.1","blue"
"ENSG00000229298.1","grey"
"ENSG00000226469.1","yellow"
"ENSG00000248245.1","blue"
"ENSG00000244482.10","turquoise"
"ENSG00000162745.10","brown"
"ENSG00000259087.5","blue"
"ENSG00000186235.11","turquoise"
"ENSG00000205002.4","brown"
"ENSG00000234476.3","blue"
"ENSG00000136918.8","blue"
"ENSG00000232233.1","blue"
"ENSG00000182162.11","turquoise"
"ENSG00000151778.11","turquoise"
"ENSG00000226278.1","grey"
"ENSG00000259527.2","blue"
"ENSG00000285987.1","blue"
"ENSG00000171872.5","brown"
"ENSG00000170482.17","yellow"
"ENSG00000228217.1","grey"
"ENSG00000272931.1","blue"
"ENSG00000125084.12","turquoise"
"ENSG00000011332.19","turquoise"
"ENSG00000095587.9","grey"
"ENSG00000286786.1","turquoise"
"ENSG00000187624.9","grey"
"ENSG00000181847.12","turquoise"
"ENSG00000284485.1","grey"
"ENSG00000284874.1","blue"
"ENSG00000268758.7","turquoise"
"ENSG00000120756.13","blue"
"ENSG00000125998.8","yellow"
"ENSG00000281333.2","yellow"
"ENSG00000234373.1","grey"
"ENSG00000135914.6","turquoise"
"ENSG00000203585.4","brown"
"ENSG00000126562.17","grey"
"ENSG00000136010.14","brown"
"ENSG00000101425.14","brown"
"ENSG00000258279.4","turquoise"
"ENSG00000145703.16","turquoise"
"ENSG00000170899.11","grey"
"ENSG00000143382.15","yellow"
"ENSG00000254510.2","brown"
"ENSG00000198865.10","brown"
"ENSG00000171101.13","turquoise"
"ENSG00000235370.6","grey"
"ENSG00000230102.8","blue"
"ENSG00000154760.14","grey"
"ENSG00000186281.12","turquoise"
"ENSG00000143850.16","grey"
"ENSG00000139220.17","brown"
"ENSG00000223749.11","grey"
"ENSG00000233384.3","brown"
"ENSG00000175513.9","grey"
"ENSG00000237429.1","blue"
"ENSG00000113739.10","turquoise"
"ENSG00000143375.15","blue"
"ENSG00000095932.7","grey"
"ENSG00000200879.1","blue"
"ENSG00000182687.4","grey"
"ENSG00000261218.5","turquoise"
"ENSG00000278338.4","turquoise"
"ENSG00000128918.15","turquoise"
"ENSG00000127074.15","turquoise"
"ENSG00000072954.7","green"
"ENSG00000147488.11","turquoise"
"ENSG00000143858.12","blue"
"ENSG00000113083.15","brown"
"ENSG00000174788.10","blue"
"ENSG00000233306.2","turquoise"
"ENSG00000234602.9","yellow"
"ENSG00000138080.14","brown"
"ENSG00000197576.14","blue"
"ENSG00000215548.2","grey"
"ENSG00000262482.1","blue"
"ENSG00000101104.13","blue"
"ENSG00000243836.5","turquoise"
"ENSG00000168269.10","blue"
"ENSG00000227012.3","grey"
"ENSG00000165568.18","grey"
"ENSG00000196196.3","blue"
"ENSG00000266714.9","blue"
"ENSG00000198208.12","yellow"
"ENSG00000169247.14","yellow"
"ENSG00000243554.1","blue"
"ENSG00000268658.5","grey"
"ENSG00000231119.2","grey"
"ENSG00000154736.6","brown"
"ENSG00000092758.18","turquoise"
"ENSG00000236708.1","turquoise"
"ENSG00000106927.12","grey"
"ENSG00000133985.3","blue"
"ENSG00000172247.4","turquoise"
"ENSG00000224897.8","grey"
"ENSG00000147036.12","blue"
"ENSG00000253819.2","turquoise"
"ENSG00000214425.8","turquoise"
"ENSG00000188732.11","blue"
"ENSG00000162981.14","blue"
"ENSG00000163053.11","blue"
"ENSG00000228078.1","grey"
"ENSG00000121895.8","turquoise"
"ENSG00000105711.13","green"
"ENSG00000162772.17","grey"
"ENSG00000238121.6","turquoise"
"ENSG00000085563.15","turquoise"
"ENSG00000273521.1","grey"
"ENSG00000287848.1","blue"
"ENSG00000057593.14","brown"
"ENSG00000253414.3","grey"
"ENSG00000258535.1","turquoise"
"ENSG00000277007.1","blue"
"ENSG00000170209.5","grey"
"ENSG00000198846.6","turquoise"
"ENSG00000229155.1","blue"
"ENSG00000233013.10","green"
"ENSG00000008056.14","green"
"ENSG00000080511.5","brown"
"ENSG00000259363.6","turquoise"
"ENSG00000066923.17","blue"
"ENSG00000162687.19","brown"
"ENSG00000126838.10","green"
"ENSG00000269989.1","yellow"
"ENSG00000183346.9","brown"
"ENSG00000232453.7","blue"
"ENSG00000226386.1","blue"
"ENSG00000230426.4","grey"
"ENSG00000197124.12","turquoise"
"ENSG00000275367.1","brown"
"ENSG00000251600.8","grey"
"ENSG00000162039.17","blue"
"ENSG00000241155.1","brown"
"ENSG00000139985.7","grey"
"ENSG00000170819.5","turquoise"
"ENSG00000163975.12","yellow"
"ENSG00000176788.9","blue"
"ENSG00000228252.9","blue"
"ENSG00000226816.3","grey"
"ENSG00000287860.1","yellow"
"ENSG00000232445.2","turquoise"
"ENSG00000230658.2","grey"
"ENSG00000143851.15","turquoise"
"ENSG00000162552.15","yellow"
"ENSG00000164125.16","brown"
"ENSG00000126947.13","brown"
"ENSG00000285090.1","brown"
"ENSG00000164764.11","brown"
"ENSG00000183486.13","blue"
"ENSG00000153253.19","brown"
"ENSG00000124232.11","blue"
"ENSG00000204851.7","brown"
"ENSG00000205704.7","yellow"
"ENSG00000145777.15","grey"
"ENSG00000166927.13","turquoise"
"ENSG00000173156.7","yellow"
"ENSG00000283236.1","blue"
"ENSG00000249816.7","turquoise"
"ENSG00000101222.12","blue"
"ENSG00000223460.1","grey"
"ENSG00000106327.13","blue"
"ENSG00000232884.9","turquoise"
"ENSG00000087303.18","brown"
"ENSG00000174885.13","turquoise"
"ENSG00000250794.2","grey"
"ENSG00000211805.1","turquoise"
"ENSG00000254604.1","grey"
"ENSG00000144648.16","yellow"
"ENSG00000141469.18","turquoise"
"ENSG00000253807.6","grey"
"ENSG00000165269.13","green"
"ENSG00000080293.10","blue"
"ENSG00000228612.2","grey"
"ENSG00000260581.1","turquoise"
"ENSG00000125384.7","turquoise"
"ENSG00000272070.1","grey"
"ENSG00000034053.14","brown"
"ENSG00000135519.8","grey"
"ENSG00000286596.1","blue"
"ENSG00000230333.6","brown"
"ENSG00000224982.4","green"
"ENSG00000077279.19","green"
"ENSG00000267731.1","turquoise"
"ENSG00000197934.8","grey"
"ENSG00000111732.11","turquoise"
"ENSG00000234405.2","grey"
"ENSG00000278983.1","grey"
"ENSG00000170074.19","turquoise"
"ENSG00000081818.4","brown"
"ENSG00000179300.4","brown"
"ENSG00000198851.10","turquoise"
"ENSG00000262576.3","grey"
"ENSG00000215252.11","blue"
"ENSG00000249069.8","grey"
"ENSG00000236882.8","grey"
"ENSG00000110076.19","brown"
"ENSG00000272505.1","blue"
"ENSG00000168546.11","turquoise"
"ENSG00000230630.5","brown"
"ENSG00000228741.2","brown"
"ENSG00000167701.14","blue"
"ENSG00000286811.1","grey"
"ENSG00000168916.15","brown"
"ENSG00000230953.2","blue"
"ENSG00000121769.8","green"
"ENSG00000151379.4","blue"
"ENSG00000241416.1","yellow"
"ENSG00000259630.2","yellow"
"ENSG00000102970.11","turquoise"
"ENSG00000167281.19","blue"
"ENSG00000270640.1","blue"
"ENSG00000053747.17","blue"
"ENSG00000091986.16","brown"
"ENSG00000251637.6","grey"
"ENSG00000249896.2","turquoise"
"ENSG00000180596.7","black"
"ENSG00000211751.9","turquoise"
"ENSG00000171533.11","brown"
"ENSG00000237452.3","grey"
"ENSG00000092529.25","green"
"ENSG00000225720.6","turquoise"
"ENSG00000102935.12","brown"
"ENSG00000171130.18","turquoise"
"ENSG00000177839.7","grey"
"ENSG00000196747.4","black"
"ENSG00000111344.11","yellow"
"ENSG00000166819.12","green"
"ENSG00000134962.7","turquoise"
"ENSG00000107593.17","turquoise"
"ENSG00000099937.11","grey"
"ENSG00000268027.5","turquoise"
"ENSG00000211815.3","turquoise"
"ENSG00000279806.1","grey"
"ENSG00000174564.13","yellow"
"ENSG00000235847.2","grey"
"ENSG00000112245.12","yellow"
"ENSG00000229891.2","turquoise"
"ENSG00000282995.1","grey"
"ENSG00000234678.2","blue"
"ENSG00000124721.18","turquoise"
"ENSG00000253163.1","brown"
"ENSG00000278090.3","blue"
"ENSG00000134668.12","brown"
"ENSG00000109576.14","brown"
"ENSG00000197558.13","blue"
"ENSG00000248890.2","brown"
"ENSG00000166148.4","brown"
"ENSG00000106006.6","grey"
"ENSG00000070087.14","grey"
"ENSG00000261349.1","grey"
"ENSG00000180549.8","turquoise"
"ENSG00000228727.9","blue"
"ENSG00000002746.15","brown"
"ENSG00000133246.12","turquoise"
"ENSG00000154856.13","yellow"
"ENSG00000114473.14","grey"
"ENSG00000188487.12","grey"
"ENSG00000160951.4","grey"
"ENSG00000234996.4","blue"
"ENSG00000093072.18","turquoise"
"ENSG00000172243.18","turquoise"
"ENSG00000175170.16","grey"
"ENSG00000226235.1","blue"
"ENSG00000125775.15","yellow"
"ENSG00000277829.1","brown"
"ENSG00000077420.16","turquoise"
"ENSG00000137825.11","yellow"
"ENSG00000166143.10","blue"
"ENSG00000177257.3","yellow"
"ENSG00000259129.6","grey"
"ENSG00000175264.8","brown"
"ENSG00000223547.10","turquoise"
"ENSG00000277310.1","blue"
"ENSG00000108381.11","green"
"ENSG00000103742.12","brown"
"ENSG00000164342.13","turquoise"
"ENSG00000079102.16","brown"
"ENSG00000145526.12","grey"
"ENSG00000280107.1","blue"
"ENSG00000237311.3","blue"
"ENSG00000174038.13","grey"
"ENSG00000235098.8","yellow"
"ENSG00000159261.12","brown"
"ENSG00000287906.1","grey"
"ENSG00000244998.1","green"
"ENSG00000242732.4","turquoise"
"ENSG00000075290.8","blue"
"ENSG00000260757.1","grey"
"ENSG00000171532.5","blue"
"ENSG00000225342.2","turquoise"
"ENSG00000189420.8","brown"
"ENSG00000116774.12","brown"
"ENSG00000205755.12","turquoise"
"ENSG00000265273.1","blue"
"ENSG00000117090.15","turquoise"
"ENSG00000142609.18","blue"
"ENSG00000147689.16","yellow"
"ENSG00000113594.10","turquoise"
"ENSG00000253641.6","blue"
"ENSG00000115607.9","turquoise"
"ENSG00000231768.2","blue"
"ENSG00000175985.10","blue"
"ENSG00000204136.11","turquoise"
"ENSG00000172687.13","grey"
"ENSG00000259153.2","yellow"
"ENSG00000224963.3","grey"
"ENSG00000102287.19","blue"
"ENSG00000232328.3","grey"
"ENSG00000119121.22","turquoise"
"ENSG00000235961.6","brown"
"ENSG00000197599.12","blue"
"ENSG00000196159.14","brown"
"ENSG00000180155.20","grey"
"ENSG00000158813.18","grey"
"ENSG00000196437.12","brown"
"ENSG00000135929.9","turquoise"
"ENSG00000106714.17","grey"
"ENSG00000111490.15","blue"
"ENSG00000225518.3","blue"
"ENSG00000111432.4","grey"
"ENSG00000127585.12","grey"
"ENSG00000259124.1","grey"
"ENSG00000117069.15","brown"
"ENSG00000100385.14","turquoise"
"ENSG00000250990.1","blue"
"ENSG00000185275.6","yellow"
"ENSG00000118523.6","brown"
"ENSG00000271420.1","blue"
"ENSG00000099985.4","turquoise"
"ENSG00000158856.18","blue"
"ENSG00000167780.12","grey"
"ENSG00000144476.6","grey"
"ENSG00000280099.1","yellow"
"ENSG00000284999.1","grey"
"ENSG00000225678.2","grey"
"ENSG00000148541.13","brown"
"ENSG00000273328.5","yellow"
"ENSG00000226038.5","grey"
"ENSG00000204967.12","grey"
"ENSG00000171121.16","blue"
"ENSG00000164776.10","green"
"ENSG00000286522.2","black"
"ENSG00000180767.10","turquoise"
"ENSG00000006283.18","brown"
"ENSG00000130475.14","grey"
"ENSG00000168065.16","blue"
"ENSG00000232528.3","grey"
"ENSG00000224057.1","grey"
"ENSG00000152495.11","turquoise"
"ENSG00000157445.15","blue"
"ENSG00000265158.1","green"
"ENSG00000172348.15","brown"
"ENSG00000274026.2","yellow"
"ENSG00000184599.13","grey"
"ENSG00000087842.11","blue"
"ENSG00000120129.6","yellow"
"ENSG00000115850.10","blue"
"ENSG00000187068.3","turquoise"
"ENSG00000256894.1","brown"
"ENSG00000236090.2","grey"
"ENSG00000104783.14","grey"
"ENSG00000112041.13","blue"
"ENSG00000229021.2","turquoise"
"ENSG00000250634.6","grey"
"ENSG00000255050.1","blue"
"ENSG00000225857.5","grey"
"ENSG00000237094.12","blue"
"ENSG00000287281.1","brown"
"ENSG00000154928.18","turquoise"
"ENSG00000250120.8","brown"
"ENSG00000284138.1","turquoise"
"ENSG00000005884.18","blue"
"ENSG00000227038.3","blue"
"ENSG00000153347.10","blue"
"ENSG00000154646.9","grey"
"ENSG00000170615.15","blue"
"ENSG00000203663.4","blue"
"ENSG00000254739.1","blue"
"ENSG00000130045.16","yellow"
"ENSG00000107147.14","green"
"ENSG00000272463.1","turquoise"
"ENSG00000123096.12","brown"
"ENSG00000104901.7","yellow"
"ENSG00000278910.4","grey"
"ENSG00000246889.2","grey"
"ENSG00000253348.1","turquoise"
"ENSG00000101230.6","brown"
"ENSG00000175600.16","turquoise"
"ENSG00000158481.13","turquoise"
"ENSG00000137691.13","grey"
"ENSG00000140057.9","blue"
"ENSG00000229967.1","grey"
"ENSG00000287559.1","green"
"ENSG00000230266.1","turquoise"
"ENSG00000262312.2","turquoise"
"ENSG00000226421.1","grey"
"ENSG00000134516.18","turquoise"
"ENSG00000173762.8","turquoise"
"ENSG00000261136.1","blue"
"ENSG00000277494.2","brown"
"ENSG00000231160.10","blue"
"ENSG00000163157.15","green"
"ENSG00000279805.1","turquoise"
"ENSG00000224848.2","grey"
"ENSG00000258592.1","grey"
"ENSG00000154262.13","brown"
"ENSG00000145861.9","brown"
"ENSG00000249395.4","grey"
"ENSG00000240429.1","yellow"
"ENSG00000159496.14","turquoise"
"ENSG00000072182.13","grey"
"ENSG00000214097.5","green"
"ENSG00000090539.15","brown"
"ENSG00000173262.12","grey"
"ENSG00000138772.13","yellow"
"ENSG00000278291.1","blue"
"ENSG00000261390.6","grey"
"ENSG00000132688.11","green"
"ENSG00000226891.9","blue"
"ENSG00000110848.8","turquoise"
"ENSG00000176857.5","yellow"
"ENSG00000266389.1","turquoise"
"ENSG00000160201.12","blue"
"ENSG00000223969.6","grey"
"ENSG00000273983.1","black"
"ENSG00000164236.12","grey"
"ENSG00000198182.13","grey"
"ENSG00000260027.5","grey"
"ENSG00000281706.3","grey"
"ENSG00000151322.19","brown"
"ENSG00000136869.16","turquoise"
"ENSG00000229422.2","blue"
"ENSG00000232000.3","grey"
"ENSG00000111664.11","blue"
"ENSG00000226259.10","grey"
"ENSG00000110436.13","turquoise"
"ENSG00000253771.6","yellow"
"ENSG00000101187.16","yellow"
"ENSG00000241935.9","grey"
"ENSG00000269918.1","turquoise"
"ENSG00000283511.1","grey"
"ENSG00000077935.17","turquoise"
"ENSG00000132840.10","brown"
"ENSG00000132749.11","yellow"
"ENSG00000274641.2","black"
"ENSG00000139648.7","turquoise"
"ENSG00000180543.5","brown"
"ENSG00000284734.1","turquoise"
"ENSG00000168491.10","brown"
"ENSG00000130303.13","blue"
"ENSG00000233221.7","turquoise"
"ENSG00000275552.1","blue"
"ENSG00000147145.12","brown"
"ENSG00000183734.4","grey"
"ENSG00000278828.1","black"
"ENSG00000177710.6","grey"
"ENSG00000140961.14","turquoise"
"ENSG00000250328.6","grey"
"ENSG00000256128.6","blue"
"ENSG00000244486.9","brown"
"ENSG00000139044.12","yellow"
"ENSG00000158517.15","turquoise"
"ENSG00000021488.13","blue"
"ENSG00000086991.13","brown"
"ENSG00000155070.8","grey"
"ENSG00000184544.12","green"
"ENSG00000267934.1","grey"
"ENSG00000168589.15","blue"
"ENSG00000250685.7","blue"
"ENSG00000231690.3","turquoise"
"ENSG00000261235.1","grey"
"ENSG00000226864.2","yellow"
"ENSG00000270332.2","blue"
"ENSG00000026751.17","turquoise"
"ENSG00000104951.16","turquoise"
"ENSG00000249307.7","grey"
"ENSG00000279833.1","blue"
"ENSG00000275894.1","grey"
"ENSG00000142173.16","brown"
"ENSG00000267301.1","grey"
"ENSG00000256417.1","grey"
"ENSG00000167588.13","green"
"ENSG00000205502.4","turquoise"
"ENSG00000214401.4","grey"
"ENSG00000181031.16","blue"
"ENSG00000166118.8","grey"
"ENSG00000287242.1","grey"
"ENSG00000249304.1","grey"
"ENSG00000182132.14","turquoise"
"ENSG00000181019.13","turquoise"
"ENSG00000180061.10","turquoise"
"ENSG00000088836.14","turquoise"
"ENSG00000269970.1","yellow"
"ENSG00000073910.22","brown"
"ENSG00000162643.13","turquoise"
"ENSG00000183378.12","grey"
"ENSG00000187944.5","blue"
"ENSG00000264707.1","turquoise"
"ENSG00000188763.5","blue"
"ENSG00000286048.1","grey"
"ENSG00000231187.3","turquoise"
"ENSG00000166402.9","brown"
"ENSG00000261150.3","yellow"
"ENSG00000164484.12","brown"
"ENSG00000182752.10","brown"
"ENSG00000106976.21","brown"
"ENSG00000259728.5","grey"
"ENSG00000255152.8","blue"
"ENSG00000163131.11","turquoise"
"ENSG00000168970.22","blue"
"ENSG00000143847.15","green"
"ENSG00000240793.1","turquoise"
"ENSG00000198010.13","grey"
"ENSG00000259704.2","grey"
"ENSG00000163864.17","blue"
"ENSG00000160321.15","brown"
"ENSG00000217733.2","yellow"
"ENSG00000259969.1","brown"
"ENSG00000165816.13","grey"
"ENSG00000156509.14","yellow"
"ENSG00000182492.16","brown"
"ENSG00000137634.10","turquoise"
"ENSG00000236993.2","grey"
"ENSG00000272720.1","blue"
"ENSG00000137948.18","blue"
"ENSG00000226900.2","grey"
"ENSG00000128645.15","grey"
"ENSG00000254245.3","brown"
"ENSG00000127472.11","brown"
"ENSG00000228325.5","turquoise"
"ENSG00000110324.11","turquoise"
"ENSG00000257596.1","blue"
"ENSG00000137473.18","blue"
"ENSG00000077327.16","turquoise"
"ENSG00000172572.7","brown"
"ENSG00000286324.1","blue"
"ENSG00000171368.12","turquoise"
"ENSG00000172508.10","green"
"ENSG00000043355.12","grey"
"ENSG00000235725.1","grey"
"ENSG00000240207.7","blue"
"ENSG00000023445.16","turquoise"
"ENSG00000254995.4","blue"
"ENSG00000247970.2","yellow"
"ENSG00000153714.6","grey"
"ENSG00000167208.15","turquoise"
"ENSG00000228204.2","yellow"
"ENSG00000122122.10","turquoise"
"ENSG00000035862.12","brown"
"ENSG00000162733.19","brown"
"ENSG00000135046.14","yellow"
"ENSG00000197497.11","brown"
"ENSG00000114757.19","grey"
"ENSG00000284523.2","blue"
"ENSG00000270112.4","green"
"ENSG00000235568.7","turquoise"
"ENSG00000188549.12","green"
"ENSG00000287535.1","grey"
"ENSG00000196376.11","brown"
"ENSG00000198759.12","brown"
"ENSG00000185710.9","grey"
"ENSG00000287969.1","green"
"ENSG00000272088.1","grey"
"ENSG00000055957.11","turquoise"
"ENSG00000250295.6","blue"
"ENSG00000169439.12","brown"
"ENSG00000163121.10","turquoise"
"ENSG00000043039.7","yellow"
"ENSG00000131969.15","turquoise"
"ENSG00000159164.10","brown"
"ENSG00000185942.13","grey"
"ENSG00000138152.10","turquoise"
"ENSG00000241359.1","blue"
"ENSG00000275312.1","blue"
"ENSG00000182685.7","blue"
"ENSG00000066735.14","grey"
"ENSG00000086159.13","grey"
"ENSG00000140795.13","green"
"ENSG00000257859.2","green"
"ENSG00000262943.7","blue"
"ENSG00000253853.3","grey"
"ENSG00000166763.8","blue"
"ENSG00000109684.15","turquoise"
"ENSG00000160593.19","turquoise"
"ENSG00000250687.6","turquoise"
"ENSG00000233175.2","blue"
"ENSG00000135312.7","brown"
"ENSG00000288156.1","turquoise"
"ENSG00000134551.13","blue"
"ENSG00000139187.10","turquoise"
"ENSG00000263033.2","blue"
"ENSG00000125735.11","turquoise"
"ENSG00000205413.8","yellow"
"ENSG00000187672.14","grey"
"ENSG00000230638.4","blue"
"ENSG00000253633.2","brown"
"ENSG00000183850.14","grey"
"ENSG00000138115.14","blue"
"ENSG00000128285.4","brown"
"ENSG00000287687.2","yellow"
"ENSG00000230650.1","grey"
"ENSG00000231666.7","grey"
"ENSG00000186891.14","grey"
"ENSG00000223949.8","brown"
"ENSG00000249815.1","grey"
"ENSG00000232022.7","grey"
"ENSG00000079337.16","yellow"
"ENSG00000108813.11","grey"
"ENSG00000168995.13","turquoise"
"ENSG00000164845.16","grey"
"ENSG00000005381.8","green"
"ENSG00000166341.8","brown"
"ENSG00000236901.6","blue"
"ENSG00000107796.13","brown"
"ENSG00000159904.11","grey"
"ENSG00000251364.7","turquoise"
"ENSG00000179144.5","turquoise"
"ENSG00000260855.1","brown"
"ENSG00000144935.15","brown"
"ENSG00000263834.1","brown"
"ENSG00000119699.8","brown"
"ENSG00000276386.1","grey"
"ENSG00000285600.1","blue"
"ENSG00000166920.13","grey"
"ENSG00000141574.8","turquoise"
"ENSG00000113212.7","brown"
"ENSG00000271134.1","turquoise"
"ENSG00000216906.2","grey"
"ENSG00000251537.4","grey"
"ENSG00000254248.1","grey"
"ENSG00000101977.21","grey"
"ENSG00000249437.8","turquoise"
"ENSG00000100206.10","yellow"
"ENSG00000115267.8","blue"
"ENSG00000204839.9","yellow"
"ENSG00000161281.11","green"
"ENSG00000274114.2","blue"
"ENSG00000226674.11","brown"
"ENSG00000166268.11","grey"
"ENSG00000276550.4","blue"
"ENSG00000245080.7","grey"
"ENSG00000254815.6","blue"
"ENSG00000134323.12","turquoise"
"ENSG00000248988.1","blue"
"ENSG00000146678.10","grey"
"ENSG00000283787.2","green"
"ENSG00000287188.1","blue"
"ENSG00000120820.12","brown"
"ENSG00000261126.7","blue"
"ENSG00000100003.18","turquoise"
"ENSG00000122574.11","yellow"
"ENSG00000284610.1","brown"
"ENSG00000241322.11","grey"
"ENSG00000008277.14","turquoise"
"ENSG00000138696.11","grey"
"ENSG00000286785.1","grey"
"ENSG00000230453.9","grey"
"ENSG00000165949.12","blue"
"ENSG00000169291.10","turquoise"
"ENSG00000203446.2","turquoise"
"ENSG00000226856.7","yellow"
"ENSG00000250327.1","grey"
"ENSG00000100298.16","turquoise"
"ENSG00000240204.3","grey"
"ENSG00000135472.9","turquoise"
"ENSG00000237222.4","blue"
"ENSG00000138823.13","yellow"
"ENSG00000154263.17","grey"
"ENSG00000122012.14","grey"
"ENSG00000280087.1","turquoise"
"ENSG00000249755.2","grey"
"ENSG00000142583.18","green"
"ENSG00000153064.12","turquoise"
"ENSG00000262454.4","turquoise"
"ENSG00000164972.13","blue"
"ENSG00000188037.12","grey"
"ENSG00000103489.12","brown"
"ENSG00000232229.6","brown"
"ENSG00000281091.3","grey"
"ENSG00000150556.17","grey"
"ENSG00000249917.3","grey"
"ENSG00000008516.17","turquoise"
"ENSG00000272674.3","grey"
"ENSG00000240498.9","grey"
"ENSG00000146250.7","brown"
"ENSG00000226580.1","grey"
"ENSG00000092850.12","blue"
"ENSG00000171403.10","yellow"
"ENSG00000154342.6","grey"
"ENSG00000242366.3","blue"
"ENSG00000124334.17","turquoise"
"ENSG00000105880.7","grey"
"ENSG00000287978.1","blue"
"ENSG00000188013.6","brown"
"ENSG00000132932.17","brown"
"ENSG00000284700.1","yellow"
"ENSG00000259261.2","turquoise"
"ENSG00000287263.1","grey"
"ENSG00000167912.6","brown"
"ENSG00000225982.1","grey"
"ENSG00000235770.6","brown"
"ENSG00000244479.7","grey"
"ENSG00000244560.7","blue"
"ENSG00000181291.8","brown"
"ENSG00000155428.12","yellow"
"ENSG00000147606.9","yellow"
"ENSG00000204291.11","brown"
"ENSG00000235142.10","grey"
"ENSG00000014257.16","blue"
"ENSG00000183644.13","blue"
"ENSG00000152402.11","brown"
"ENSG00000160255.18","turquoise"
"ENSG00000262703.1","blue"
"ENSG00000248405.10","blue"
"ENSG00000183638.6","blue"
"ENSG00000279970.1","grey"
"ENSG00000122223.13","turquoise"
"ENSG00000274204.1","turquoise"
"ENSG00000239445.6","grey"
"ENSG00000182183.15","turquoise"
"ENSG00000167618.10","turquoise"
"ENSG00000137198.10","green"
"ENSG00000142156.15","brown"
"ENSG00000176293.20","brown"
"ENSG00000189068.11","turquoise"
"ENSG00000280304.1","brown"
"ENSG00000205832.7","turquoise"
"ENSG00000279347.1","blue"
"ENSG00000214694.12","yellow"
"ENSG00000282317.1","grey"
"ENSG00000226652.3","turquoise"
"ENSG00000143119.14","turquoise"
"ENSG00000205181.7","brown"
"ENSG00000139725.8","grey"
"ENSG00000219607.4","turquoise"
"ENSG00000253161.5","yellow"
"ENSG00000257221.4","turquoise"
"ENSG00000262003.1","grey"
"ENSG00000112394.17","brown"
"ENSG00000231424.3","turquoise"
"ENSG00000189143.9","blue"
"ENSG00000144596.13","green"
"ENSG00000103044.11","yellow"
"ENSG00000187955.12","brown"
"ENSG00000142611.17","brown"
"ENSG00000228061.7","green"
"ENSG00000184774.10","grey"
"ENSG00000147697.9","yellow"
"ENSG00000214146.3","blue"
"ENSG00000258670.1","grey"
"ENSG00000256955.2","grey"
"ENSG00000157856.12","blue"
"ENSG00000228412.9","blue"
"ENSG00000286710.1","grey"
"ENSG00000275743.1","turquoise"
"ENSG00000251692.8","grey"
"ENSG00000280202.1","grey"
"ENSG00000274460.1","blue"
"ENSG00000055163.20","turquoise"
"ENSG00000223802.8","green"
"ENSG00000232456.1","grey"
"ENSG00000157423.18","blue"
"ENSG00000185477.5","turquoise"
"ENSG00000241158.7","brown"
"ENSG00000214121.4","grey"
"ENSG00000136931.10","grey"
"ENSG00000170745.12","yellow"
"ENSG00000183066.14","turquoise"
"ENSG00000254966.1","yellow"
"ENSG00000102096.9","turquoise"
"ENSG00000259471.1","grey"
"ENSG00000259807.2","brown"
"ENSG00000127863.16","brown"
"ENSG00000163618.18","brown"
"ENSG00000136167.15","turquoise"
"ENSG00000154188.10","brown"
"ENSG00000136114.17","yellow"
"ENSG00000123119.12","brown"
"ENSG00000261068.2","yellow"
"ENSG00000198515.16","yellow"
"ENSG00000162882.15","turquoise"
"ENSG00000058335.16","turquoise"
"ENSG00000240038.6","blue"
"ENSG00000253247.1","turquoise"
"ENSG00000287088.1","blue"
"ENSG00000287367.1","turquoise"
"ENSG00000249326.1","grey"
"ENSG00000083807.10","blue"
"ENSG00000281920.1","grey"
"ENSG00000260196.1","yellow"
"ENSG00000198892.7","green"
"ENSG00000177103.15","turquoise"
"ENSG00000173838.12","grey"
"ENSG00000249407.1","yellow"
"ENSG00000174944.9","turquoise"
"ENSG00000135077.9","turquoise"
"ENSG00000111331.13","blue"
"ENSG00000117016.10","yellow"
"ENSG00000196890.4","black"
"ENSG00000135917.16","turquoise"
"ENSG00000237609.1","grey"
"ENSG00000231123.1","brown"
"ENSG00000176049.16","turquoise"
"ENSG00000174669.12","blue"
"ENSG00000170356.9","grey"
"ENSG00000167306.20","blue"
"ENSG00000220008.3","turquoise"
"ENSG00000164287.13","blue"
"ENSG00000128422.17","yellow"
"ENSG00000225774.2","turquoise"
"ENSG00000169750.9","turquoise"
"ENSG00000103888.17","brown"
"ENSG00000166033.13","brown"
"ENSG00000254369.6","grey"
"ENSG00000100167.20","turquoise"
"ENSG00000111799.21","brown"
"ENSG00000205277.9","grey"
"ENSG00000232850.3","blue"
"ENSG00000164691.18","turquoise"
"ENSG00000138030.13","turquoise"
"ENSG00000228696.10","blue"
"ENSG00000144355.15","yellow"
"ENSG00000261159.1","blue"
"ENSG00000237624.1","grey"
"ENSG00000261572.1","brown"
"ENSG00000183801.8","brown"
"ENSG00000236017.8","blue"
"ENSG00000189423.13","grey"
"ENSG00000048052.22","green"
"ENSG00000178462.12","grey"
"ENSG00000136383.7","green"
"ENSG00000229676.3","grey"
"ENSG00000272235.1","brown"
"ENSG00000181754.7","turquoise"
"ENSG00000197301.7","brown"
"ENSG00000172818.10","yellow"
"ENSG00000115415.20","blue"
"ENSG00000010610.10","turquoise"
"ENSG00000158106.14","blue"
"ENSG00000008323.15","turquoise"
"ENSG00000151948.12","turquoise"
"ENSG00000270343.1","yellow"
"ENSG00000260542.1","green"
"ENSG00000274447.1","blue"
"ENSG00000198681.7","grey"
"ENSG00000205592.15","blue"
"ENSG00000255583.2","grey"
"ENSG00000288070.1","green"
"ENSG00000172201.12","brown"
"ENSG00000230490.3","grey"
"ENSG00000286615.1","turquoise"
"ENSG00000123338.13","turquoise"
"ENSG00000198857.3","brown"
"ENSG00000141665.13","yellow"
"ENSG00000073849.16","turquoise"
"ENSG00000109832.14","turquoise"
"ENSG00000189221.10","blue"
"ENSG00000225279.2","grey"
"ENSG00000004809.14","turquoise"
"ENSG00000108551.5","brown"
"ENSG00000112139.16","brown"
"ENSG00000276710.4","blue"
"ENSG00000215267.8","grey"
"ENSG00000127530.4","brown"
"ENSG00000100625.9","yellow"
"ENSG00000188906.16","turquoise"
"ENSG00000163347.6","grey"
"ENSG00000272849.1","blue"
"ENSG00000213412.3","grey"
"ENSG00000225269.3","turquoise"
"ENSG00000100197.22","blue"
"ENSG00000260719.1","turquoise"
"ENSG00000250486.5","brown"
"ENSG00000172955.17","yellow"
"ENSG00000259370.2","grey"
"ENSG00000267259.1","yellow"
"ENSG00000255182.2","blue"
"ENSG00000169548.3","grey"
"ENSG00000110148.10","blue"
"ENSG00000165633.13","brown"
"ENSG00000237372.4","turquoise"
"ENSG00000286248.1","turquoise"
"ENSG00000007174.18","blue"
"ENSG00000006747.15","turquoise"
"ENSG00000225138.8","turquoise"
"ENSG00000188681.11","grey"
"ENSG00000065325.13","grey"
"ENSG00000102174.9","grey"
"ENSG00000125657.5","grey"
"ENSG00000249626.1","blue"
"ENSG00000279400.1","grey"
"ENSG00000220267.1","grey"
"ENSG00000115526.11","brown"
"ENSG00000229604.2","grey"
"ENSG00000142233.14","blue"
"ENSG00000215912.12","blue"
"ENSG00000063438.19","grey"
"ENSG00000157368.11","turquoise"
"ENSG00000168077.14","blue"
"ENSG00000286646.1","turquoise"
"ENSG00000253746.1","yellow"
"ENSG00000163520.14","brown"
"ENSG00000229536.3","blue"
"ENSG00000117154.12","turquoise"
"ENSG00000269720.2","turquoise"
"ENSG00000180539.8","turquoise"
"ENSG00000265752.3","grey"
"ENSG00000150687.12","blue"
"ENSG00000224666.3","turquoise"
"ENSG00000223865.11","turquoise"
"ENSG00000142512.15","turquoise"
"ENSG00000286732.1","blue"
"ENSG00000105750.15","brown"
"ENSG00000177025.3","blue"
"ENSG00000287750.1","grey"
"ENSG00000239887.6","grey"
"ENSG00000197506.8","yellow"
"ENSG00000131471.7","brown"
"ENSG00000135373.13","blue"
"ENSG00000125823.12","blue"
"ENSG00000127561.15","turquoise"
"ENSG00000138646.9","blue"
"ENSG00000177409.12","blue"
"ENSG00000259705.1","brown"
"ENSG00000189431.8","blue"
"ENSG00000249695.6","grey"
"ENSG00000187116.14","turquoise"
"ENSG00000255893.1","grey"
"ENSG00000198521.12","turquoise"
"ENSG00000250786.2","grey"
"ENSG00000123870.10","turquoise"
"ENSG00000130508.11","brown"
"ENSG00000269514.3","blue"
"ENSG00000131409.13","turquoise"
"ENSG00000178033.6","brown"
"ENSG00000272482.1","turquoise"
"ENSG00000107742.13","turquoise"
"ENSG00000237380.7","grey"
"ENSG00000275302.2","turquoise"
"ENSG00000064042.18","green"
"ENSG00000154096.14","brown"
"ENSG00000150681.10","turquoise"
"ENSG00000259459.6","blue"
"ENSG00000258674.5","blue"
"ENSG00000008226.20","blue"
"ENSG00000021300.14","turquoise"
"ENSG00000170075.9","grey"
"ENSG00000275329.1","blue"
"ENSG00000286689.1","blue"
"ENSG00000185133.14","grey"
"ENSG00000205955.4","blue"
"ENSG00000261456.6","blue"
"ENSG00000188171.16","brown"
"ENSG00000228427.3","turquoise"
"ENSG00000231233.1","yellow"
"ENSG00000182487.12","turquoise"
"ENSG00000271930.1","grey"
"ENSG00000185634.12","brown"
"ENSG00000126217.21","blue"
"ENSG00000165695.10","yellow"
"ENSG00000261888.1","yellow"
"ENSG00000267058.1","brown"
"ENSG00000120949.15","turquoise"
"ENSG00000286122.1","turquoise"
"ENSG00000225872.4","blue"
"ENSG00000186510.12","blue"
"ENSG00000082684.16","brown"
"ENSG00000253293.5","yellow"
"ENSG00000286313.1","turquoise"
"ENSG00000262179.3","green"
"ENSG00000130038.10","grey"
"ENSG00000183807.8","brown"
"ENSG00000182366.10","turquoise"
"ENSG00000285427.1","blue"
"ENSG00000179934.7","turquoise"
"ENSG00000272695.2","grey"
"ENSG00000170891.11","brown"
"ENSG00000169896.18","turquoise"
"ENSG00000281392.2","brown"
"ENSG00000112799.9","turquoise"
"ENSG00000121316.11","yellow"
"ENSG00000266088.6","grey"
"ENSG00000175463.12","turquoise"
"ENSG00000139155.9","brown"
"ENSG00000066629.18","brown"
"ENSG00000285966.1","grey"
"ENSG00000259723.1","yellow"
"ENSG00000240225.10","brown"
"ENSG00000285933.1","yellow"
"ENSG00000248514.1","blue"
"ENSG00000170099.6","blue"
"ENSG00000280587.1","grey"
"ENSG00000188761.13","blue"
"ENSG00000149131.17","turquoise"
"ENSG00000169427.8","grey"
"ENSG00000117013.17","green"
"ENSG00000185519.9","turquoise"
"ENSG00000230731.3","green"
"ENSG00000225854.2","blue"
"ENSG00000260084.1","yellow"
"ENSG00000236671.9","grey"
"ENSG00000179820.16","brown"
"ENSG00000261587.2","grey"
"ENSG00000145506.14","brown"
"ENSG00000119411.11","blue"
"ENSG00000172901.20","grey"
"ENSG00000115596.4","grey"
"ENSG00000166086.13","brown"
"ENSG00000180178.11","grey"
"ENSG00000286868.1","grey"
"ENSG00000116254.18","blue"
"ENSG00000168421.13","turquoise"
"ENSG00000166866.13","turquoise"
"ENSG00000242574.9","turquoise"
"ENSG00000181652.19","yellow"
"ENSG00000135426.16","turquoise"
"ENSG00000104941.8","blue"
"ENSG00000121871.4","brown"
"ENSG00000204790.9","grey"
"ENSG00000260048.2","turquoise"
"ENSG00000261373.1","turquoise"
"ENSG00000149735.7","grey"
"ENSG00000182583.12","blue"
"ENSG00000257084.1","turquoise"
"ENSG00000174807.4","brown"
"ENSG00000023839.12","turquoise"
"ENSG00000226334.1","grey"
"ENSG00000163563.8","turquoise"
"ENSG00000101298.15","brown"
"ENSG00000166928.11","turquoise"
"ENSG00000251350.2","grey"
"ENSG00000233936.1","yellow"
"ENSG00000140945.17","brown"
"ENSG00000092421.17","turquoise"
"ENSG00000089041.17","turquoise"
"ENSG00000229205.5","grey"
"ENSG00000011201.12","brown"
"ENSG00000268416.1","blue"
"ENSG00000120280.6","turquoise"
"ENSG00000118094.12","grey"
"ENSG00000196132.14","grey"
"ENSG00000249022.2","grey"
"ENSG00000100628.12","grey"
"ENSG00000217801.10","grey"
"ENSG00000269388.1","grey"
"ENSG00000268442.1","brown"
"ENSG00000234593.3","grey"
"ENSG00000260572.1","blue"
"ENSG00000283930.1","blue"
"ENSG00000132554.20","brown"
"ENSG00000279296.1","blue"
"ENSG00000166816.15","blue"
"ENSG00000136872.20","turquoise"
"ENSG00000170786.12","yellow"
"ENSG00000168356.13","turquoise"
"ENSG00000220161.4","grey"
"ENSG00000102445.20","turquoise"
"ENSG00000101445.10","turquoise"
"ENSG00000102387.16","turquoise"
"ENSG00000131773.14","brown"
"ENSG00000234041.1","turquoise"
"ENSG00000285280.2","grey"
"ENSG00000256196.2","grey"
"ENSG00000226281.4","yellow"
"ENSG00000182175.14","blue"
"ENSG00000255438.2","blue"
"ENSG00000105088.8","brown"
"ENSG00000285373.2","green"
"ENSG00000161638.11","blue"
"ENSG00000119514.7","blue"
"ENSG00000282933.2","grey"
"ENSG00000227388.3","blue"
"ENSG00000186907.8","brown"
"ENSG00000286010.1","yellow"
"ENSG00000228510.2","grey"
"ENSG00000256771.4","turquoise"
"ENSG00000233435.2","yellow"
"ENSG00000277149.5","grey"
"ENSG00000184867.14","brown"
"ENSG00000154898.15","grey"
"ENSG00000163606.11","turquoise"
"ENSG00000180720.7","brown"
"ENSG00000174640.15","turquoise"
"ENSG00000227925.2","brown"
"ENSG00000054179.12","turquoise"
"ENSG00000173890.17","turquoise"
"ENSG00000248727.6","yellow"
"ENSG00000143869.7","turquoise"
"ENSG00000279656.1","grey"
"ENSG00000136943.11","yellow"
"ENSG00000147059.8","brown"
"ENSG00000150782.12","yellow"
"ENSG00000128482.16","brown"
"ENSG00000104808.8","grey"
"ENSG00000110811.20","brown"
"ENSG00000168646.13","brown"
"ENSG00000225101.6","turquoise"
"ENSG00000133317.16","turquoise"
"ENSG00000266256.3","yellow"
"ENSG00000198440.9","brown"
"ENSG00000146221.10","blue"
"ENSG00000143248.13","brown"
"ENSG00000265194.1","grey"
"ENSG00000274528.1","turquoise"
"ENSG00000230795.3","grey"
"ENSG00000270441.1","blue"
"ENSG00000010310.9","blue"
"ENSG00000124466.9","yellow"
"ENSG00000007264.15","turquoise"
"ENSG00000186976.15","blue"
"ENSG00000253972.6","blue"
"ENSG00000267523.1","blue"
"ENSG00000138449.11","turquoise"
"ENSG00000197291.9","turquoise"
"ENSG00000106066.15","turquoise"
"ENSG00000227825.4","turquoise"
"ENSG00000230479.1","green"
"ENSG00000135245.10","turquoise"
"ENSG00000132518.7","grey"
"ENSG00000245768.7","blue"
"ENSG00000140839.11","grey"
"ENSG00000197496.6","brown"
"ENSG00000100321.15","blue"
"ENSG00000108984.15","turquoise"
"ENSG00000196793.14","yellow"
"ENSG00000134830.6","turquoise"
"ENSG00000007312.13","turquoise"
"ENSG00000187372.11","grey"
"ENSG00000125409.13","brown"
"ENSG00000241549.8","blue"
"ENSG00000115232.14","turquoise"
"ENSG00000232063.2","brown"
"ENSG00000173110.8","grey"
"ENSG00000183695.3","yellow"
"ENSG00000153823.19","brown"
"ENSG00000277744.1","blue"
"ENSG00000104814.13","turquoise"
"ENSG00000154917.11","blue"
"ENSG00000286654.1","grey"
"ENSG00000225762.1","grey"
"ENSG00000136235.17","grey"
"ENSG00000180929.6","blue"
"ENSG00000282608.2","turquoise"
"ENSG00000244953.1","brown"
"ENSG00000218358.2","yellow"
"ENSG00000198883.12","grey"
"ENSG00000280890.1","grey"
"ENSG00000205189.12","brown"
"ENSG00000233143.2","green"
"ENSG00000163239.12","turquoise"
"ENSG00000074211.14","yellow"
"ENSG00000258708.1","blue"
"ENSG00000287024.1","grey"
"ENSG00000133466.14","brown"
"ENSG00000117009.12","turquoise"
"ENSG00000188051.7","blue"
"ENSG00000163792.6","blue"
"ENSG00000286285.1","turquoise"
"ENSG00000205361.8","blue"
"ENSG00000233930.4","blue"
"ENSG00000273445.1","turquoise"
"ENSG00000230918.2","grey"
"ENSG00000273172.1","turquoise"
"ENSG00000124557.12","turquoise"
"ENSG00000124575.7","black"
"ENSG00000225511.7","grey"
"ENSG00000232140.2","brown"
"ENSG00000181085.15","blue"
"ENSG00000163060.8","grey"
"ENSG00000231367.6","grey"
"ENSG00000232124.3","turquoise"
"ENSG00000184194.6","brown"
"ENSG00000285820.1","yellow"
"ENSG00000186628.12","green"
"ENSG00000147166.11","green"
"ENSG00000221923.9","brown"
"ENSG00000241288.8","grey"
"ENSG00000259518.2","grey"
"ENSG00000246084.5","turquoise"
"ENSG00000197272.2","turquoise"
"ENSG00000227210.2","yellow"
"ENSG00000251676.2","grey"
"ENSG00000224635.2","blue"
"ENSG00000286288.1","grey"
"ENSG00000169442.9","turquoise"
"ENSG00000168811.7","turquoise"
"ENSG00000248309.7","green"
"ENSG00000111913.20","turquoise"
"ENSG00000196604.13","grey"
"ENSG00000167207.14","yellow"
"ENSG00000182950.3","turquoise"
"ENSG00000223704.2","turquoise"
"ENSG00000128578.10","yellow"
"ENSG00000226808.3","brown"
"ENSG00000078114.19","blue"
"ENSG00000234261.4","grey"
"ENSG00000204876.4","grey"
"ENSG00000256673.1","blue"
"ENSG00000276241.1","grey"
"ENSG00000273989.1","turquoise"
"ENSG00000213303.3","grey"
"ENSG00000257556.2","turquoise"
"ENSG00000189433.7","turquoise"
"ENSG00000224287.2","grey"
"ENSG00000264769.1","blue"
"ENSG00000176912.5","turquoise"
"ENSG00000234997.2","grey"
"ENSG00000223511.7","turquoise"
"ENSG00000179761.12","brown"
"ENSG00000228189.5","grey"
"ENSG00000174844.14","blue"
"ENSG00000258733.6","blue"
"ENSG00000120645.12","brown"
"ENSG00000226026.6","brown"
"ENSG00000263080.1","yellow"
"ENSG00000063127.16","turquoise"
"ENSG00000169860.7","blue"
"ENSG00000276445.1","blue"
"ENSG00000286214.1","blue"
"ENSG00000069188.17","grey"
"ENSG00000260001.6","grey"
"ENSG00000136014.12","turquoise"
"ENSG00000279561.2","blue"
"ENSG00000259985.1","yellow"
"ENSG00000013725.14","turquoise"
"ENSG00000277758.5","turquoise"
"ENSG00000151090.20","grey"
"ENSG00000260810.1","yellow"
"ENSG00000244752.3","grey"
"ENSG00000185345.23","green"
"ENSG00000073146.16","brown"
"ENSG00000152582.14","brown"
"ENSG00000119283.15","brown"
"ENSG00000167554.15","brown"
"ENSG00000134716.11","grey"
"ENSG00000231407.6","brown"
"ENSG00000087589.16","turquoise"
"ENSG00000164669.13","grey"
"ENSG00000267565.1","turquoise"
"ENSG00000243491.1","turquoise"
"ENSG00000280157.1","blue"
"ENSG00000167772.12","turquoise"
"ENSG00000107859.10","green"
"ENSG00000270020.1","yellow"
"ENSG00000186973.11","grey"
"ENSG00000102878.17","blue"
"ENSG00000267751.5","blue"
"ENSG00000117600.12","brown"
"ENSG00000157927.17","brown"
"ENSG00000075826.17","blue"
"ENSG00000283445.1","blue"
"ENSG00000287879.1","grey"
"ENSG00000163040.15","yellow"
"ENSG00000204131.9","brown"
"ENSG00000162493.16","blue"
"ENSG00000267374.2","yellow"
"ENSG00000134207.17","green"
"ENSG00000279330.1","blue"
"ENSG00000160188.10","blue"
"ENSG00000105409.19","turquoise"
"ENSG00000080573.7","brown"
"ENSG00000274225.1","grey"
"ENSG00000273492.6","grey"
"ENSG00000250829.2","grey"
"ENSG00000227375.6","turquoise"
"ENSG00000136960.13","turquoise"
"ENSG00000188613.7","grey"
"ENSG00000167858.13","blue"
"ENSG00000133401.16","grey"
"ENSG00000170442.12","turquoise"
"ENSG00000142513.6","grey"
"ENSG00000265975.1","turquoise"
"ENSG00000178175.12","turquoise"
"ENSG00000105419.18","brown"
"ENSG00000168658.19","grey"
"ENSG00000214018.3","yellow"
"ENSG00000285667.1","blue"
"ENSG00000261996.1","turquoise"
"ENSG00000198838.14","grey"
"ENSG00000112981.5","grey"
"ENSG00000253309.6","grey"
"ENSG00000254419.1","blue"
"ENSG00000134160.14","blue"
"ENSG00000253339.2","blue"
"ENSG00000234869.1","turquoise"
"ENSG00000182557.8","turquoise"
"ENSG00000287721.1","turquoise"
"ENSG00000263711.6","grey"
"ENSG00000105278.12","turquoise"
"ENSG00000165084.16","brown"
"ENSG00000277639.2","blue"
"ENSG00000225840.2","grey"
"ENSG00000100079.7","turquoise"
"ENSG00000235885.8","grey"
"ENSG00000106133.18","blue"
"ENSG00000094796.5","grey"
"ENSG00000183032.12","blue"
"ENSG00000166450.13","brown"
"ENSG00000113924.12","blue"
"ENSG00000265485.7","green"
"ENSG00000131400.8","blue"
"ENSG00000198468.9","grey"
"ENSG00000065833.9","grey"
"ENSG00000260265.1","turquoise"
"ENSG00000197358.9","turquoise"
"ENSG00000286705.1","yellow"
"ENSG00000283031.2","blue"
"ENSG00000258471.2","blue"
"ENSG00000267570.1","grey"
"ENSG00000227051.7","brown"
"ENSG00000241057.2","blue"
"ENSG00000155970.12","brown"
"ENSG00000255310.2","turquoise"
"ENSG00000167766.18","grey"
"ENSG00000273403.1","brown"
"ENSG00000240065.8","blue"
"ENSG00000168918.14","turquoise"
"ENSG00000278493.1","grey"
"ENSG00000273108.1","yellow"
"ENSG00000180044.5","brown"
"ENSG00000258121.1","grey"
"ENSG00000108691.9","turquoise"
"ENSG00000013297.12","brown"
"ENSG00000286051.1","grey"
"ENSG00000127903.14","brown"
"ENSG00000262580.5","blue"
"ENSG00000278932.4","grey"
"ENSG00000187037.8","turquoise"
"ENSG00000230191.1","blue"
"ENSG00000150281.7","grey"
"ENSG00000114405.11","grey"
"ENSG00000109944.11","blue"
"ENSG00000271781.1","brown"
"ENSG00000284624.1","blue"
"ENSG00000273443.1","grey"
"ENSG00000278709.2","brown"
"ENSG00000157152.17","blue"
"ENSG00000113327.17","grey"
"ENSG00000236543.3","yellow"
"ENSG00000286449.1","brown"
"ENSG00000134755.17","yellow"
"ENSG00000260423.2","blue"
"ENSG00000077984.6","turquoise"
"ENSG00000158458.21","grey"
"ENSG00000180139.11","brown"
"ENSG00000272079.2","grey"
"ENSG00000205978.6","grey"
"ENSG00000241544.2","turquoise"
"ENSG00000173698.18","grey"
"ENSG00000261812.6","green"
"ENSG00000284707.2","blue"
"ENSG00000172638.13","brown"
"ENSG00000105352.10","turquoise"
"ENSG00000182010.11","turquoise"
"ENSG00000151704.16","grey"
"ENSG00000140955.11","blue"
"ENSG00000275191.1","grey"
"ENSG00000237813.4","turquoise"
"ENSG00000271303.2","grey"
"ENSG00000179031.8","grey"
"ENSG00000159625.15","blue"
"ENSG00000074966.11","turquoise"
"ENSG00000179284.5","blue"
"ENSG00000268062.1","turquoise"
"ENSG00000203326.12","grey"
"ENSG00000260941.1","brown"
"ENSG00000158427.15","yellow"
"ENSG00000165646.14","turquoise"
"ENSG00000152953.13","brown"
"ENSG00000242899.1","grey"
"ENSG00000255240.6","turquoise"
"ENSG00000229757.2","grey"
"ENSG00000177627.11","grey"
"ENSG00000214282.3","yellow"
"ENSG00000082556.14","blue"
"ENSG00000233725.7","blue"
"ENSG00000271620.1","turquoise"
"ENSG00000285681.2","green"
"ENSG00000184344.4","turquoise"
"ENSG00000171044.11","grey"
"ENSG00000158406.5","black"
"ENSG00000086288.12","turquoise"
"ENSG00000141854.9","blue"
"ENSG00000243970.3","blue"
"ENSG00000158578.21","grey"
"ENSG00000043143.20","grey"
"ENSG00000202058.1","blue"
"ENSG00000155465.20","turquoise"
"ENSG00000156486.8","green"
"ENSG00000186074.19","turquoise"
"ENSG00000132970.14","grey"
"ENSG00000141968.8","turquoise"
"ENSG00000236391.3","grey"
"ENSG00000166770.11","turquoise"
"ENSG00000277883.1","turquoise"
"ENSG00000235440.1","blue"
"ENSG00000287569.1","blue"
"ENSG00000226237.2","turquoise"
"ENSG00000227039.6","turquoise"
"ENSG00000236790.6","turquoise"
"ENSG00000115423.19","blue"
"ENSG00000264808.1","grey"
"ENSG00000124191.18","grey"
"ENSG00000197721.17","turquoise"
"ENSG00000124406.16","turquoise"
"ENSG00000060566.14","turquoise"
"ENSG00000078401.7","grey"
"ENSG00000282572.2","blue"
"ENSG00000187210.14","grey"
"ENSG00000174945.13","green"
"ENSG00000226330.1","blue"
"ENSG00000284428.1","turquoise"
"ENSG00000118898.16","yellow"
"ENSG00000287735.1","blue"
"ENSG00000145198.14","blue"
"ENSG00000283907.1","grey"
"ENSG00000179406.8","grey"
"ENSG00000248858.7","grey"
"ENSG00000253256.1","grey"
"ENSG00000228399.1","grey"
"ENSG00000100055.21","turquoise"
"ENSG00000171873.8","brown"
"ENSG00000173530.6","grey"
"ENSG00000135074.16","turquoise"
"ENSG00000241163.8","turquoise"
"ENSG00000243415.2","grey"
"ENSG00000224409.1","turquoise"
"ENSG00000204882.4","turquoise"
"ENSG00000249978.1","turquoise"
"ENSG00000124092.12","blue"
"ENSG00000234695.1","grey"
"ENSG00000173988.13","turquoise"
"ENSG00000021355.13","yellow"
"ENSG00000134775.15","brown"
"ENSG00000240291.1","blue"
"ENSG00000113070.8","yellow"
"ENSG00000183696.14","yellow"
"ENSG00000204103.4","yellow"
"ENSG00000167850.4","turquoise"
"ENSG00000147378.11","turquoise"
"ENSG00000277734.8","turquoise"
"ENSG00000268182.6","grey"
"ENSG00000116544.12","grey"
"ENSG00000261559.1","turquoise"
"ENSG00000236451.3","grey"
"ENSG00000166035.11","brown"
"ENSG00000188002.10","grey"
"ENSG00000131095.13","grey"
"ENSG00000224020.1","grey"
"ENSG00000197249.14","turquoise"
"ENSG00000185674.9","blue"
"ENSG00000132561.14","grey"
"ENSG00000214553.10","turquoise"
"ENSG00000108370.17","yellow"
"ENSG00000137709.10","yellow"
"ENSG00000231645.3","yellow"
"ENSG00000120149.9","brown"
"ENSG00000007129.18","turquoise"
"ENSG00000241644.2","turquoise"
"ENSG00000276923.1","turquoise"
"ENSG00000248429.5","brown"
"ENSG00000076555.15","turquoise"
"ENSG00000100558.9","blue"
"ENSG00000113262.16","blue"
"ENSG00000270557.1","blue"
"ENSG00000143195.13","brown"
"ENSG00000134242.16","turquoise"
"ENSG00000181007.9","brown"
"ENSG00000090534.20","brown"
"ENSG00000283199.3","brown"
"ENSG00000253368.4","turquoise"
"ENSG00000114646.10","grey"
"ENSG00000116157.6","brown"
"ENSG00000178531.6","turquoise"
"ENSG00000275160.1","grey"
"ENSG00000125462.19","blue"
"ENSG00000270659.1","blue"
"ENSG00000104419.17","turquoise"
"ENSG00000228288.7","turquoise"
"ENSG00000233974.3","blue"
"ENSG00000224728.1","yellow"
"ENSG00000162576.17","brown"
"ENSG00000111728.10","brown"
"ENSG00000266995.1","brown"
"ENSG00000259342.1","turquoise"
"ENSG00000275410.5","grey"
"ENSG00000254016.3","blue"
"ENSG00000241220.1","grey"
"ENSG00000205622.11","grey"
"ENSG00000187595.16","yellow"
"ENSG00000242048.3","turquoise"
"ENSG00000119608.14","turquoise"
"ENSG00000261326.4","blue"
"ENSG00000104918.8","brown"
"ENSG00000149090.12","brown"
"ENSG00000258727.1","blue"
"ENSG00000280011.1","blue"
"ENSG00000091844.8","brown"
"ENSG00000163406.11","blue"
"ENSG00000115507.10","turquoise"
"ENSG00000172361.6","blue"
"ENSG00000147576.17","blue"
"ENSG00000167414.4","turquoise"
"ENSG00000232759.1","grey"
"ENSG00000120498.14","turquoise"
"ENSG00000105851.11","turquoise"
"ENSG00000217275.2","black"
"ENSG00000079101.16","yellow"
"ENSG00000187013.4","blue"
"ENSG00000284977.2","turquoise"
"ENSG00000237529.2","grey"
"ENSG00000184357.5","black"
"ENSG00000118997.14","blue"
"ENSG00000260078.3","grey"
"ENSG00000183150.8","yellow"
"ENSG00000284633.1","green"
"ENSG00000197050.11","turquoise"
"ENSG00000234176.1","grey"
"ENSG00000227719.1","turquoise"
"ENSG00000268970.1","turquoise"
"ENSG00000111058.8","brown"
"ENSG00000234707.3","turquoise"
"ENSG00000255120.5","yellow"
"ENSG00000279672.1","grey"
"ENSG00000136859.10","brown"
"ENSG00000174939.11","grey"
"ENSG00000244682.7","turquoise"
"ENSG00000142910.16","grey"
"ENSG00000172349.17","turquoise"
"ENSG00000287080.2","black"
"ENSG00000244723.3","blue"
"ENSG00000229666.1","green"
"ENSG00000069696.7","brown"
"ENSG00000176907.5","turquoise"
"ENSG00000137267.6","yellow"
"ENSG00000109107.14","grey"
"ENSG00000232354.8","grey"
"ENSG00000078596.11","turquoise"
"ENSG00000204950.4","brown"
"ENSG00000223715.3","grey"
"ENSG00000283297.2","blue"
"ENSG00000239830.1","grey"
"ENSG00000103740.10","yellow"
"ENSG00000213658.12","blue"
"ENSG00000273143.2","grey"
"ENSG00000196169.15","turquoise"
"ENSG00000142606.16","blue"
"ENSG00000227053.1","grey"
"ENSG00000280537.2","blue"
"ENSG00000147485.13","brown"
"ENSG00000160886.13","turquoise"
"ENSG00000259786.7","blue"
"ENSG00000107201.10","blue"
"ENSG00000153060.8","yellow"
"ENSG00000279459.1","grey"
"ENSG00000088538.13","grey"
"ENSG00000138316.11","brown"
"ENSG00000163016.10","turquoise"
"ENSG00000237484.6","turquoise"
"ENSG00000188242.4","blue"
"ENSG00000238164.6","turquoise"
"ENSG00000265939.1","yellow"
"ENSG00000101194.18","turquoise"
"ENSG00000204482.11","turquoise"
"ENSG00000274471.2","blue"
"ENSG00000088881.21","brown"
"ENSG00000249167.2","yellow"
"ENSG00000092068.20","turquoise"
"ENSG00000110077.14","turquoise"
"ENSG00000167654.18","blue"
"ENSG00000177133.11","brown"
"ENSG00000231648.2","turquoise"
"ENSG00000115165.10","turquoise"
"ENSG00000278389.1","yellow"
"ENSG00000243368.2","blue"
"ENSG00000077943.8","brown"
"ENSG00000258793.1","turquoise"
"ENSG00000243811.11","turquoise"
"ENSG00000274373.1","grey"
"ENSG00000171659.15","turquoise"
"ENSG00000261655.1","grey"
"ENSG00000274565.1","brown"
"ENSG00000162069.16","yellow"
"ENSG00000163106.11","turquoise"
"ENSG00000111199.12","blue"
"ENSG00000274928.6","yellow"
"ENSG00000233429.9","blue"
"ENSG00000170484.10","turquoise"
"ENSG00000273712.1","grey"
"ENSG00000270300.2","blue"
"ENSG00000271605.6","turquoise"
"ENSG00000177699.4","turquoise"
"ENSG00000100341.12","grey"
"ENSG00000258515.1","blue"
"ENSG00000184979.10","blue"
"ENSG00000114656.12","grey"
"ENSG00000173868.12","green"
"ENSG00000120738.8","grey"
"ENSG00000198754.5","grey"
"ENSG00000241860.7","blue"
"ENSG00000112499.13","grey"
"ENSG00000164116.17","brown"
"ENSG00000233818.1","grey"
"ENSG00000145934.16","yellow"
"ENSG00000185532.20","brown"
"ENSG00000134042.14","brown"
"ENSG00000133561.15","turquoise"
"ENSG00000268849.5","turquoise"
"ENSG00000253485.2","brown"
"ENSG00000176984.6","yellow"
"ENSG00000181218.5","black"
"ENSG00000063015.20","blue"
"ENSG00000252690.3","blue"
"ENSG00000120693.14","brown"
"ENSG00000248445.5","turquoise"
"ENSG00000211714.3","turquoise"
"ENSG00000259488.2","blue"
"ENSG00000114812.13","yellow"
"ENSG00000180347.13","blue"
"ENSG00000113657.13","brown"
"ENSG00000184588.18","turquoise"
"ENSG00000142549.9","brown"
"ENSG00000229962.2","blue"
"ENSG00000189350.13","turquoise"
"ENSG00000196218.13","green"
"ENSG00000287575.1","yellow"
"ENSG00000131016.17","brown"
"ENSG00000233913.7","grey"
"ENSG00000176244.7","yellow"
"ENSG00000172476.4","grey"
"ENSG00000181634.8","turquoise"
"ENSG00000123388.4","grey"
"ENSG00000227482.1","brown"
"ENSG00000185862.7","turquoise"
"ENSG00000153291.16","blue"
"ENSG00000163297.17","turquoise"
"ENSG00000197083.11","brown"
"ENSG00000248693.1","blue"
"ENSG00000170458.14","turquoise"
"ENSG00000185972.6","brown"
"ENSG00000162374.18","turquoise"
"ENSG00000064201.16","turquoise"
"ENSG00000185100.11","grey"
"ENSG00000166924.9","turquoise"
"ENSG00000144583.5","grey"
"ENSG00000267607.1","grey"
"ENSG00000240522.1","blue"
"ENSG00000125531.7","turquoise"
"ENSG00000251002.8","turquoise"
"ENSG00000163590.14","turquoise"
"ENSG00000235888.3","grey"
"ENSG00000232931.6","blue"
"ENSG00000119630.14","turquoise"
"ENSG00000185015.8","grey"
"ENSG00000158186.13","brown"
"ENSG00000106034.18","brown"
"ENSG00000258976.1","grey"
"ENSG00000197457.10","grey"
"ENSG00000148483.9","turquoise"
"ENSG00000221953.5","grey"
"ENSG00000178217.14","grey"
"ENSG00000159167.12","brown"
"ENSG00000180432.6","yellow"
"ENSG00000243696.5","green"
"ENSG00000226491.1","turquoise"
"ENSG00000276900.1","turquoise"
"ENSG00000125337.19","turquoise"
"ENSG00000253522.6","turquoise"
"ENSG00000109158.11","grey"
"ENSG00000261520.5","turquoise"
"ENSG00000079257.8","brown"
"ENSG00000186453.13","brown"
"ENSG00000276168.1","grey"
"ENSG00000176920.13","yellow"
"ENSG00000147394.18","yellow"
"ENSG00000157992.12","turquoise"
"ENSG00000260086.3","turquoise"
"ENSG00000272970.3","brown"
"ENSG00000162520.15","green"
"ENSG00000065675.15","green"
"ENSG00000286156.1","grey"
"ENSG00000271947.1","brown"
"ENSG00000005249.13","turquoise"
"ENSG00000182264.9","blue"
"ENSG00000226450.2","blue"
"ENSG00000146411.6","grey"
"ENSG00000275993.3","grey"
"ENSG00000197099.8","blue"
"ENSG00000177363.5","brown"
"ENSG00000117226.12","blue"
"ENSG00000224023.10","grey"
"ENSG00000225217.1","turquoise"
"ENSG00000234456.8","brown"
"ENSG00000185885.16","blue"
"ENSG00000232729.8","blue"
"ENSG00000176593.8","yellow"
"ENSG00000226948.2","grey"
"ENSG00000103021.9","grey"
"ENSG00000237870.6","turquoise"
"ENSG00000065320.9","turquoise"
"ENSG00000280916.2","grey"
"ENSG00000263089.1","blue"
"ENSG00000122691.13","brown"
"ENSG00000146592.17","brown"
"ENSG00000136449.15","blue"
"ENSG00000286013.1","yellow"
"ENSG00000008438.5","blue"
"ENSG00000198453.13","turquoise"
"ENSG00000239335.4","yellow"
"ENSG00000178795.9","blue"
"ENSG00000141028.6","grey"
"ENSG00000253159.3","brown"
"ENSG00000177707.11","grey"
"ENSG00000240032.1","grey"
"ENSG00000234084.1","blue"
"ENSG00000232104.3","turquoise"
"ENSG00000139364.10","brown"
"ENSG00000130707.18","grey"
"ENSG00000171462.15","turquoise"
"ENSG00000130988.13","brown"
"ENSG00000196209.13","turquoise"
"ENSG00000125910.6","turquoise"
"ENSG00000260578.1","brown"
"ENSG00000182578.14","turquoise"
"ENSG00000273156.2","grey"
"ENSG00000183570.16","brown"
"ENSG00000074706.13","turquoise"
"ENSG00000224945.1","blue"
"ENSG00000212123.4","blue"
"ENSG00000108846.16","grey"
"ENSG00000154319.16","grey"
"ENSG00000249116.1","turquoise"
"ENSG00000189045.15","grey"
"ENSG00000213903.9","yellow"
"ENSG00000223572.10","yellow"
"ENSG00000263740.2","grey"
"ENSG00000138622.4","grey"
"ENSG00000229167.2","grey"
"ENSG00000055955.17","green"
"ENSG00000250506.8","blue"
"ENSG00000126218.12","brown"
"ENSG00000132274.16","blue"
"ENSG00000229644.6","grey"
"ENSG00000213279.2","turquoise"
"ENSG00000254726.3","brown"
"ENSG00000260123.2","blue"
"ENSG00000199753.1","blue"
"ENSG00000234546.4","yellow"
"ENSG00000145431.11","brown"
"ENSG00000168405.17","turquoise"
"ENSG00000165985.10","grey"
"ENSG00000235121.1","blue"
"ENSG00000204632.11","grey"
"ENSG00000123901.9","blue"
"ENSG00000213996.13","brown"
"ENSG00000197696.10","turquoise"
"ENSG00000225173.1","grey"
"ENSG00000140527.15","blue"
"ENSG00000054219.11","turquoise"
"ENSG00000230724.9","blue"
"ENSG00000279631.1","turquoise"
"ENSG00000205838.14","yellow"
"ENSG00000175262.14","green"
"ENSG00000271788.1","blue"
"ENSG00000158869.11","turquoise"
"ENSG00000274272.1","turquoise"
"ENSG00000163075.13","blue"
"ENSG00000137941.17","green"
"ENSG00000196337.12","grey"
"ENSG00000148926.10","turquoise"
"ENSG00000178199.14","turquoise"
"ENSG00000076864.19","turquoise"
"ENSG00000286176.2","yellow"
"ENSG00000286320.1","brown"
"ENSG00000142405.22","turquoise"
"ENSG00000183023.18","turquoise"
"ENSG00000224988.1","blue"
"ENSG00000112818.10","turquoise"
"ENSG00000170017.12","yellow"
"ENSG00000249852.1","green"
"ENSG00000281008.1","blue"
"ENSG00000110492.15","yellow"
"ENSG00000059728.11","yellow"
"ENSG00000272274.2","grey"
"ENSG00000132517.15","blue"
"ENSG00000122862.5","turquoise"
"ENSG00000279415.1","grey"
"ENSG00000178201.4","grey"
"ENSG00000140398.14","blue"
"ENSG00000198108.4","brown"
"ENSG00000196381.11","turquoise"
"ENSG00000141052.18","brown"
"ENSG00000267191.2","grey"
"ENSG00000151882.11","grey"
"ENSG00000196534.5","grey"
"ENSG00000115112.8","yellow"
"ENSG00000230415.1","blue"
"ENSG00000214491.8","turquoise"
"ENSG00000235217.6","brown"
"ENSG00000125571.9","yellow"
"ENSG00000126860.12","turquoise"
"ENSG00000074370.18","turquoise"
"ENSG00000186076.5","yellow"
"ENSG00000198003.12","grey"
"ENSG00000137648.19","blue"
"ENSG00000075223.14","blue"
"ENSG00000175267.15","blue"
"ENSG00000233680.4","yellow"
"ENSG00000274752.1","turquoise"
"ENSG00000215417.13","blue"
"ENSG00000104974.12","turquoise"
"ENSG00000168209.5","grey"
"ENSG00000278966.2","grey"
"ENSG00000272347.1","grey"
"ENSG00000003147.19","turquoise"
"ENSG00000256139.2","turquoise"
"ENSG00000165113.13","yellow"
"ENSG00000113303.12","turquoise"
"ENSG00000100031.19","grey"
"ENSG00000273374.1","blue"
"ENSG00000172458.4","green"
"ENSG00000196932.12","brown"
"ENSG00000114251.15","brown"
"ENSG00000158525.16","grey"
"ENSG00000268895.6","grey"
"ENSG00000130005.13","grey"
"ENSG00000147003.7","grey"
"ENSG00000106069.23","turquoise"
"ENSG00000205853.12","blue"
"ENSG00000138964.17","turquoise"
"ENSG00000069431.11","brown"
"ENSG00000168765.17","blue"
"ENSG00000105383.15","turquoise"
"ENSG00000232065.1","blue"
"ENSG00000265055.2","yellow"
"ENSG00000227218.7","blue"
"ENSG00000175505.11","turquoise"
"ENSG00000126759.14","turquoise"
"ENSG00000287707.1","blue"
"ENSG00000227060.7","grey"
"ENSG00000213139.8","blue"
"ENSG00000226985.7","grey"
"ENSG00000133216.17","turquoise"
"ENSG00000263280.2","yellow"
"ENSG00000107249.23","brown"
"ENSG00000005513.10","turquoise"
"ENSG00000236499.2","blue"
"ENSG00000080709.16","green"
"ENSG00000189184.12","brown"
"ENSG00000251179.1","grey"
"ENSG00000126231.15","blue"
"ENSG00000169385.3","turquoise"
"ENSG00000255274.9","blue"
"ENSG00000229671.3","turquoise"
"ENSG00000279881.1","brown"
"ENSG00000276649.1","yellow"
"ENSG00000136367.14","turquoise"
"ENSG00000187122.17","turquoise"
"ENSG00000166664.14","turquoise"
"ENSG00000102385.12","brown"
"ENSG00000067840.12","brown"
"ENSG00000280179.1","grey"
"ENSG00000176485.12","green"
"ENSG00000132681.17","turquoise"
"ENSG00000105246.6","turquoise"
"ENSG00000089127.14","blue"
"ENSG00000152527.14","blue"
"ENSG00000214612.3","grey"
"ENSG00000233828.5","turquoise"
"ENSG00000138395.17","brown"
"ENSG00000228126.1","blue"
"ENSG00000011600.12","turquoise"
"ENSG00000162711.18","turquoise"
"ENSG00000069812.11","yellow"
"ENSG00000130270.16","grey"
"ENSG00000169946.14","brown"
"ENSG00000258881.6","grey"
"ENSG00000124780.14","turquoise"
"ENSG00000196730.13","turquoise"
"ENSG00000245648.2","blue"
"ENSG00000102962.5","turquoise"
"ENSG00000176040.13","grey"
"ENSG00000268230.5","grey"
"ENSG00000265107.3","brown"
"ENSG00000126264.10","turquoise"
"ENSG00000105996.7","yellow"
"ENSG00000255650.6","yellow"
"ENSG00000279255.1","blue"
"ENSG00000262873.2","grey"
"ENSG00000279622.2","turquoise"
"ENSG00000267197.1","blue"
"ENSG00000152766.6","yellow"
"ENSG00000248323.7","yellow"
"ENSG00000174871.11","blue"
"ENSG00000274191.1","blue"
"ENSG00000278954.1","turquoise"
"ENSG00000285938.1","blue"
"ENSG00000215045.8","blue"
"ENSG00000213876.4","turquoise"
"ENSG00000118473.22","brown"
"ENSG00000135643.5","brown"
"ENSG00000203930.12","brown"
"ENSG00000248213.3","turquoise"
"ENSG00000273802.2","black"
"ENSG00000204577.11","turquoise"
"ENSG00000249992.2","turquoise"
"ENSG00000121594.12","turquoise"
"ENSG00000123095.6","brown"
"ENSG00000204219.11","yellow"
"ENSG00000103485.19","grey"
"ENSG00000215841.3","grey"
"ENSG00000137098.14","grey"
"ENSG00000095585.17","turquoise"
"ENSG00000285852.1","brown"
"ENSG00000081181.8","grey"
"ENSG00000163599.17","turquoise"
"ENSG00000282508.2","blue"
"ENSG00000224743.7","brown"
"ENSG00000157322.17","grey"
"ENSG00000198555.7","grey"
"ENSG00000280022.1","blue"
"ENSG00000286828.1","grey"
"ENSG00000105467.9","turquoise"
"ENSG00000175779.4","turquoise"
"ENSG00000119915.5","grey"
"ENSG00000155926.14","turquoise"
"ENSG00000084734.9","blue"
"ENSG00000141579.7","yellow"
"ENSG00000183111.12","yellow"
"ENSG00000168032.10","grey"
"ENSG00000286216.1","blue"
"ENSG00000270885.2","brown"
"ENSG00000215915.10","grey"
"ENSG00000219797.2","grey"
"ENSG00000175745.14","brown"
"ENSG00000196208.14","brown"
"ENSG00000280162.1","yellow"
"ENSG00000136999.5","grey"
"ENSG00000180878.3","blue"
"ENSG00000234511.10","turquoise"
"ENSG00000288079.1","grey"
"ENSG00000049249.9","turquoise"
"ENSG00000241170.3","blue"
"ENSG00000140379.9","turquoise"
"ENSG00000181781.9","blue"
"ENSG00000227097.5","grey"
"ENSG00000167968.13","grey"
"ENSG00000272195.1","yellow"
"ENSG00000139971.15","brown"
"ENSG00000269235.2","turquoise"
"ENSG00000287218.1","grey"
"ENSG00000255202.1","yellow"
"ENSG00000236700.6","grey"
"ENSG00000259438.1","grey"
"ENSG00000125347.14","turquoise"
"ENSG00000262583.1","yellow"
"ENSG00000101096.20","turquoise"
"ENSG00000112320.12","brown"
"ENSG00000204472.13","turquoise"
"ENSG00000174827.14","turquoise"
"ENSG00000258752.2","blue"
"ENSG00000121236.21","blue"
"ENSG00000267454.6","brown"
"ENSG00000253666.2","grey"
"ENSG00000281344.1","green"
"ENSG00000073670.14","blue"
"ENSG00000129295.9","grey"
"ENSG00000204257.15","turquoise"
"ENSG00000179057.14","yellow"
"ENSG00000162877.13","turquoise"
"ENSG00000275393.1","turquoise"
"ENSG00000234630.1","blue"
"ENSG00000099822.3","grey"
"ENSG00000164841.5","grey"
"ENSG00000205238.9","blue"
"ENSG00000177182.11","grey"
"ENSG00000287608.1","blue"
"ENSG00000164049.14","blue"
"ENSG00000250334.6","turquoise"
"ENSG00000255521.2","turquoise"
"ENSG00000089356.18","blue"
"ENSG00000119771.15","brown"
"ENSG00000176268.5","blue"
"ENSG00000130592.17","turquoise"
"ENSG00000163815.6","brown"
"ENSG00000149781.13","turquoise"
"ENSG00000272282.1","turquoise"
"ENSG00000180447.7","brown"
"ENSG00000255966.1","yellow"
"ENSG00000287603.1","yellow"
"ENSG00000170962.13","brown"
"ENSG00000204677.13","blue"
"ENSG00000228917.1","turquoise"
"ENSG00000168779.20","brown"
"ENSG00000204934.10","turquoise"
"ENSG00000079215.14","turquoise"
"ENSG00000214279.13","blue"
"ENSG00000177875.5","brown"
"ENSG00000100285.10","turquoise"
"ENSG00000125845.7","yellow"
"ENSG00000114770.17","blue"
"ENSG00000187479.8","brown"
"ENSG00000223756.7","blue"
"ENSG00000091972.18","brown"
"ENSG00000213640.3","blue"
"ENSG00000283959.1","turquoise"
"ENSG00000279692.1","grey"
"ENSG00000179088.15","grey"
"ENSG00000244480.1","blue"
"ENSG00000155893.13","yellow"
"ENSG00000104894.12","turquoise"
"ENSG00000248927.1","brown"
"ENSG00000225616.2","grey"
"ENSG00000226711.7","brown"
"ENSG00000288547.3","turquoise"
"ENSG00000233030.2","blue"
"ENSG00000261222.3","turquoise"
"ENSG00000225905.1","blue"
"ENSG00000274372.5","blue"
"ENSG00000240449.1","turquoise"
"ENSG00000204616.11","blue"
"ENSG00000263680.2","blue"
"ENSG00000203814.6","black"
"ENSG00000246526.2","turquoise"
"ENSG00000171097.14","blue"
"ENSG00000148082.10","brown"
"ENSG00000078814.17","green"
"ENSG00000168685.15","turquoise"
"ENSG00000106004.5","grey"
"ENSG00000132386.11","brown"
"ENSG00000286677.1","blue"
"ENSG00000238086.5","turquoise"
"ENSG00000240954.1","turquoise"
"ENSG00000106823.12","brown"
"ENSG00000238142.2","grey"
"ENSG00000273129.1","blue"
"ENSG00000180525.13","grey"
"ENSG00000163357.11","blue"
"ENSG00000244198.7","grey"
"ENSG00000188660.4","grey"
"ENSG00000130287.14","blue"
"ENSG00000129595.14","turquoise"
"ENSG00000247903.1","blue"
"ENSG00000240005.6","grey"
"ENSG00000140030.6","turquoise"
"ENSG00000239998.6","turquoise"
"ENSG00000270127.2","blue"
"ENSG00000241489.8","blue"
"ENSG00000279118.1","green"
"ENSG00000250274.2","turquoise"
"ENSG00000126778.12","yellow"
"ENSG00000207751.3","yellow"
"ENSG00000148426.13","brown"
"ENSG00000187730.9","brown"
"ENSG00000251188.1","grey"
"ENSG00000156675.16","blue"
"ENSG00000243978.8","grey"
"ENSG00000247624.6","yellow"
"ENSG00000213203.3","turquoise"
"ENSG00000267767.3","grey"
"ENSG00000269837.1","turquoise"
"ENSG00000175489.10","turquoise"
"ENSG00000139318.8","blue"
"ENSG00000234779.1","brown"
"ENSG00000257838.5","turquoise"
"ENSG00000159239.13","blue"
"ENSG00000225969.2","blue"
"ENSG00000196421.8","blue"
"ENSG00000226944.1","blue"
"ENSG00000142959.5","grey"
"ENSG00000092096.18","brown"
"ENSG00000175538.11","turquoise"
"ENSG00000135678.12","turquoise"
"ENSG00000251576.1","blue"
"ENSG00000164742.16","brown"
"ENSG00000115255.12","turquoise"
"ENSG00000279713.1","blue"
"ENSG00000167191.12","brown"
"ENSG00000246662.6","yellow"
"ENSG00000224903.2","blue"
"ENSG00000135636.14","green"
"ENSG00000224577.3","grey"
"ENSG00000280079.1","brown"
"ENSG00000138639.18","brown"
"ENSG00000229153.5","grey"
"ENSG00000089820.16","turquoise"
"ENSG00000185933.7","grey"
"ENSG00000158296.14","grey"
"ENSG00000183580.10","brown"
"ENSG00000261409.1","yellow"
"ENSG00000233975.1","blue"
"ENSG00000072195.15","green"
"ENSG00000086506.3","grey"
"ENSG00000163081.4","grey"
"ENSG00000267733.5","turquoise"
"ENSG00000130477.15","turquoise"
"ENSG00000286830.1","grey"
"ENSG00000184530.9","blue"
"ENSG00000260528.5","blue"
"ENSG00000158286.13","blue"
"ENSG00000175426.11","brown"
"ENSG00000254154.8","blue"
"ENSG00000277399.5","yellow"
"ENSG00000259070.7","turquoise"
"ENSG00000273432.1","blue"
"ENSG00000230916.2","grey"
"ENSG00000145908.12","yellow"
"ENSG00000239713.9","turquoise"
"ENSG00000177283.7","brown"
"ENSG00000279518.1","blue"
"ENSG00000168874.13","green"
"ENSG00000164112.13","turquoise"
"ENSG00000278558.5","grey"
"ENSG00000286757.2","blue"
"ENSG00000162595.7","brown"
"ENSG00000176595.4","brown"
"ENSG00000248610.1","brown"
"ENSG00000104490.18","brown"
"ENSG00000228775.8","turquoise"
"ENSG00000227258.6","grey"
"ENSG00000209082.1","grey"
"ENSG00000280294.1","grey"
"ENSG00000126500.3","blue"
"ENSG00000283839.1","turquoise"
"ENSG00000224905.7","yellow"
"ENSG00000163154.6","turquoise"
"ENSG00000251396.7","yellow"
"ENSG00000221963.6","blue"
"ENSG00000134571.11","blue"
"ENSG00000142677.4","yellow"
"ENSG00000143603.19","brown"
"ENSG00000261437.1","blue"
"ENSG00000120262.10","turquoise"
"ENSG00000204516.10","blue"
"ENSG00000049247.14","turquoise"
"ENSG00000250221.1","grey"
"ENSG00000085514.16","turquoise"
"ENSG00000248415.1","grey"
"ENSG00000221968.9","blue"
"ENSG00000140932.10","grey"
"ENSG00000158859.10","brown"
"ENSG00000263006.6","yellow"
"ENSG00000261693.1","grey"
"ENSG00000279365.1","green"
"ENSG00000105122.13","turquoise"
"ENSG00000100154.14","brown"
"ENSG00000250608.2","blue"
"ENSG00000161381.14","brown"
"ENSG00000168040.5","grey"
"ENSG00000113749.7","turquoise"
"ENSG00000151490.15","turquoise"
"ENSG00000133169.6","grey"
"ENSG00000226124.8","grey"
"ENSG00000244242.2","grey"
"ENSG00000160781.17","blue"
"ENSG00000246640.1","grey"
"ENSG00000196972.9","grey"
"ENSG00000212864.3","blue"
"ENSG00000007237.19","brown"
"ENSG00000182489.9","yellow"
"ENSG00000097096.9","yellow"
"ENSG00000261490.1","blue"
"ENSG00000049768.16","turquoise"
"ENSG00000285918.1","brown"
"ENSG00000053438.11","green"
"ENSG00000188219.14","grey"
"ENSG00000276368.2","black"
"ENSG00000132639.13","brown"
"ENSG00000231443.2","blue"
"ENSG00000213988.11","grey"
"ENSG00000002933.9","turquoise"
"ENSG00000204410.16","blue"
"ENSG00000113578.18","brown"
"ENSG00000162490.7","brown"
"ENSG00000267121.6","turquoise"
"ENSG00000105519.18","blue"
"ENSG00000156222.12","blue"
"ENSG00000185507.21","blue"
"ENSG00000261308.3","brown"
"ENSG00000117122.14","brown"
"ENSG00000099194.6","green"
"ENSG00000197465.14","turquoise"
"ENSG00000123364.5","yellow"
"ENSG00000155792.10","green"
"ENSG00000237709.1","grey"
"ENSG00000162676.12","turquoise"
"ENSG00000204176.14","turquoise"
"ENSG00000066405.13","blue"
"ENSG00000178187.8","brown"
"ENSG00000279530.2","grey"
"ENSG00000273045.7","blue"
"ENSG00000143416.21","turquoise"
"ENSG00000184956.16","blue"
"ENSG00000158955.11","turquoise"
"ENSG00000278962.1","brown"
"ENSG00000141448.11","brown"
"ENSG00000043462.13","turquoise"
"ENSG00000262410.1","blue"
"ENSG00000185306.13","turquoise"
"ENSG00000151117.9","yellow"
"ENSG00000184500.16","grey"
"ENSG00000238005.4","brown"
"ENSG00000115257.15","grey"
"ENSG00000132874.15","green"
"ENSG00000010379.16","green"
"ENSG00000178053.20","turquoise"
"ENSG00000283265.1","grey"
"ENSG00000240063.1","grey"
"ENSG00000120162.10","blue"
"ENSG00000230526.1","grey"
"ENSG00000152767.17","brown"
"ENSG00000273151.1","blue"
"ENSG00000207554.1","blue"
"ENSG00000172935.9","brown"
"ENSG00000020181.18","brown"
"ENSG00000137747.16","yellow"
"ENSG00000109472.14","brown"
"ENSG00000167741.11","blue"
"ENSG00000213997.3","blue"
"ENSG00000102409.10","brown"
"ENSG00000231185.7","grey"
"ENSG00000264304.1","blue"
"ENSG00000126010.6","brown"
"ENSG00000271327.1","blue"
"ENSG00000112541.17","brown"
"ENSG00000007516.14","turquoise"
"ENSG00000163673.7","brown"
"ENSG00000265763.4","yellow"
"ENSG00000240668.1","grey"
"ENSG00000170561.13","grey"
"ENSG00000236056.1","grey"
"ENSG00000260306.1","blue"
"ENSG00000181585.7","grey"
"ENSG00000140749.9","turquoise"
"ENSG00000237916.1","blue"
"ENSG00000165178.9","turquoise"
"ENSG00000257443.1","grey"
"ENSG00000254887.1","grey"
"ENSG00000117425.14","blue"
"ENSG00000220773.1","yellow"
"ENSG00000173198.6","turquoise"
"ENSG00000186862.20","turquoise"
"ENSG00000246528.3","turquoise"
"ENSG00000214897.5","grey"
"ENSG00000179862.7","yellow"
"ENSG00000260249.3","yellow"
"ENSG00000176533.13","turquoise"
"ENSG00000049246.14","grey"
"ENSG00000103241.7","turquoise"
"ENSG00000161082.13","blue"
"ENSG00000228495.2","brown"
"ENSG00000185046.18","turquoise"
"ENSG00000197380.11","brown"
"ENSG00000260455.2","brown"
"ENSG00000016402.13","blue"
"ENSG00000287236.1","grey"
"ENSG00000259727.1","grey"
"ENSG00000233593.10","brown"
"ENSG00000178752.16","grey"
"ENSG00000276855.1","brown"
"ENSG00000008517.18","turquoise"
"ENSG00000186493.13","turquoise"
"ENSG00000275294.4","blue"
"ENSG00000164199.18","blue"
"ENSG00000118495.20","brown"
"ENSG00000153162.9","turquoise"
"ENSG00000104369.5","green"
"ENSG00000232949.2","turquoise"
"ENSG00000183682.8","brown"
"ENSG00000145040.4","grey"
"ENSG00000279926.1","blue"
"ENSG00000279375.1","grey"
"ENSG00000092969.12","brown"
"ENSG00000267284.2","grey"
"ENSG00000242950.7","blue"
"ENSG00000250878.3","green"
"ENSG00000272666.1","yellow"
"ENSG00000224040.1","grey"
"ENSG00000114124.2","blue"
"ENSG00000171596.7","turquoise"
"ENSG00000280339.1","brown"
"ENSG00000183439.9","brown"
"ENSG00000227262.3","grey"
"ENSG00000226243.1","grey"
"ENSG00000225684.4","brown"
"ENSG00000274925.1","blue"
"ENSG00000232504.5","green"
"ENSG00000232194.1","grey"
"ENSG00000205177.6","yellow"
"ENSG00000286656.1","turquoise"
"ENSG00000262823.1","turquoise"
"ENSG00000197928.10","brown"
"ENSG00000233858.4","brown"
"ENSG00000178732.5","turquoise"
"ENSG00000263718.2","grey"
"ENSG00000213370.3","grey"
"ENSG00000197748.13","blue"
"ENSG00000270299.1","blue"
"ENSG00000178789.9","turquoise"
"ENSG00000270882.2","black"
"ENSG00000121753.12","brown"
"ENSG00000152207.7","turquoise"
"ENSG00000058091.17","brown"
"ENSG00000247199.5","grey"
"ENSG00000231205.11","brown"
"ENSG00000112182.15","brown"
"ENSG00000061918.14","brown"
"ENSG00000229020.4","blue"
"ENSG00000240950.1","grey"
"ENSG00000272323.1","blue"
"ENSG00000166825.15","brown"
"ENSG00000176046.9","yellow"
"ENSG00000137285.10","grey"
"ENSG00000197880.9","turquoise"
"ENSG00000015285.11","turquoise"
"ENSG00000120328.6","brown"
"ENSG00000287054.1","grey"
"ENSG00000075043.19","grey"
"ENSG00000254363.6","grey"
"ENSG00000229474.7","turquoise"
"ENSG00000270562.1","blue"
"ENSG00000126895.15","turquoise"
"ENSG00000155052.14","blue"
"ENSG00000224318.6","blue"
"ENSG00000197536.11","turquoise"
"ENSG00000110446.11","turquoise"
"ENSG00000119508.18","turquoise"
"ENSG00000106804.8","yellow"
"ENSG00000160323.19","blue"
"ENSG00000125378.16","brown"
"ENSG00000287110.1","blue"
"ENSG00000232977.7","brown"
"ENSG00000147168.13","turquoise"
"ENSG00000151468.11","brown"
"ENSG00000106003.13","grey"
"ENSG00000152926.15","blue"
"ENSG00000243024.6","turquoise"
"ENSG00000196338.13","turquoise"
"ENSG00000232545.1","grey"
"ENSG00000236529.2","blue"
"ENSG00000182218.9","brown"
"ENSG00000137411.19","blue"
"ENSG00000154227.13","yellow"
"ENSG00000227765.4","yellow"
"ENSG00000286977.1","blue"
"ENSG00000260317.1","brown"
"ENSG00000198885.10","turquoise"
"ENSG00000287855.1","blue"
"ENSG00000267293.1","grey"
"ENSG00000278991.1","blue"
"ENSG00000225778.5","grey"
"ENSG00000271366.1","blue"
"ENSG00000262503.1","blue"
"ENSG00000277075.2","black"
"ENSG00000100097.12","blue"
"ENSG00000075884.14","turquoise"
"ENSG00000259940.2","blue"
"ENSG00000237595.5","grey"
"ENSG00000213057.5","blue"
"ENSG00000264425.1","turquoise"
"ENSG00000261105.6","yellow"
"ENSG00000100065.15","yellow"
"ENSG00000170412.18","grey"
"ENSG00000270277.1","grey"
"ENSG00000163116.10","grey"
"ENSG00000255216.2","blue"
"ENSG00000090104.12","turquoise"
"ENSG00000276337.1","blue"
"ENSG00000279908.1","turquoise"
"ENSG00000225361.4","yellow"
"ENSG00000260430.2","grey"
"ENSG00000196872.12","grey"
"ENSG00000095637.22","green"
"ENSG00000275024.1","grey"
"ENSG00000154734.16","brown"
"ENSG00000260177.1","turquoise"
"ENSG00000255507.6","grey"
"ENSG00000279526.1","turquoise"
"ENSG00000211454.15","blue"
"ENSG00000111885.7","turquoise"
"ENSG00000240661.3","grey"
"ENSG00000143845.15","blue"
"ENSG00000250742.4","brown"
"ENSG00000286909.1","blue"
"ENSG00000131015.5","yellow"
"ENSG00000249846.7","blue"
"ENSG00000196268.12","grey"
"ENSG00000223117.1","blue"
"ENSG00000136378.15","brown"
"ENSG00000241886.1","turquoise"
"ENSG00000102010.15","turquoise"
"ENSG00000239704.11","blue"
"ENSG00000146192.15","turquoise"
"ENSG00000262663.1","blue"
"ENSG00000171791.14","turquoise"
"ENSG00000143185.4","turquoise"
"ENSG00000263120.1","blue"
"ENSG00000188958.9","turquoise"
"ENSG00000215156.5","blue"
"ENSG00000249242.8","turquoise"
"ENSG00000226091.7","turquoise"
"ENSG00000136274.9","brown"
"ENSG00000146005.4","grey"
"ENSG00000231240.1","grey"
"ENSG00000244215.2","green"
"ENSG00000273238.3","blue"
"ENSG00000128713.14","grey"
"ENSG00000176029.14","blue"
"ENSG00000276317.1","yellow"
"ENSG00000153898.13","turquoise"
"ENSG00000123453.18","turquoise"
"ENSG00000143590.14","yellow"
"ENSG00000116117.18","turquoise"
"ENSG00000170571.12","turquoise"
"ENSG00000207650.1","blue"
"ENSG00000144063.4","yellow"
"ENSG00000219375.1","grey"
"ENSG00000214975.4","grey"
"ENSG00000244086.1","grey"
"ENSG00000072694.21","turquoise"
"ENSG00000169181.13","grey"
"ENSG00000138795.10","brown"
"ENSG00000248787.2","turquoise"
"ENSG00000168314.17","grey"
"ENSG00000280219.1","brown"
"ENSG00000162174.12","turquoise"
"ENSG00000099834.19","blue"
"ENSG00000174099.12","brown"
"ENSG00000025039.15","turquoise"
"ENSG00000133574.10","turquoise"
"ENSG00000251593.1","blue"
"ENSG00000103253.19","grey"
"ENSG00000272398.6","yellow"
"ENSG00000081853.15","brown"
"ENSG00000248473.2","turquoise"
"ENSG00000158473.8","turquoise"
"ENSG00000223886.3","grey"
"ENSG00000279742.1","blue"
"ENSG00000286443.1","blue"
"ENSG00000135549.15","grey"
"ENSG00000235545.1","yellow"
"ENSG00000170006.12","yellow"
"ENSG00000126337.13","turquoise"
"ENSG00000267041.6","yellow"
"ENSG00000233578.1","blue"
"ENSG00000228037.1","turquoise"
"ENSG00000117643.14","turquoise"
"ENSG00000189134.4","green"
"ENSG00000243004.6","blue"
"ENSG00000265750.1","yellow"
"ENSG00000287742.1","grey"
"ENSG00000028137.19","turquoise"
"ENSG00000262370.6","turquoise"
"ENSG00000110934.13","turquoise"
"ENSG00000204381.12","brown"
"ENSG00000151651.16","grey"
"ENSG00000151617.17","brown"
"ENSG00000122176.12","brown"
"ENSG00000287016.1","grey"
"ENSG00000237017.1","blue"
"ENSG00000284966.3","grey"
"ENSG00000078081.8","blue"
"ENSG00000158113.13","blue"
"ENSG00000144671.10","grey"
"ENSG00000173947.14","blue"
"ENSG00000197863.9","grey"
"ENSG00000104112.9","turquoise"
"ENSG00000235703.6","blue"
"ENSG00000223722.3","grey"
"ENSG00000140675.13","grey"
"ENSG00000198624.13","turquoise"
"ENSG00000285847.2","blue"
"ENSG00000160678.12","blue"
"ENSG00000099769.6","blue"
"ENSG00000233297.4","grey"
"ENSG00000179750.16","yellow"
"ENSG00000229727.7","turquoise"
"ENSG00000227733.10","yellow"
"ENSG00000233251.8","brown"
"ENSG00000170954.11","brown"
"ENSG00000214842.5","grey"
"ENSG00000286659.1","blue"
"ENSG00000162511.8","turquoise"
"ENSG00000227885.3","turquoise"
"ENSG00000186051.7","green"
"ENSG00000279138.1","grey"
"ENSG00000151491.14","brown"
"ENSG00000259306.2","grey"
"ENSG00000273381.1","blue"
"ENSG00000104723.21","blue"
"ENSG00000083067.23","brown"
"ENSG00000100027.17","turquoise"
"ENSG00000261625.1","brown"
"ENSG00000140543.15","blue"
"ENSG00000257681.1","yellow"
"ENSG00000261801.6","blue"
"ENSG00000156127.8","turquoise"
"ENSG00000163638.13","brown"
"ENSG00000232298.2","turquoise"
"ENSG00000268401.2","blue"
"ENSG00000073598.6","blue"
"ENSG00000239559.2","turquoise"
"ENSG00000256574.8","blue"
"ENSG00000213901.11","blue"
"ENSG00000258919.1","grey"
"ENSG00000139626.16","turquoise"
"ENSG00000169991.11","yellow"
"ENSG00000273179.1","brown"
"ENSG00000227329.2","blue"
"ENSG00000272468.1","black"
"ENSG00000287074.1","blue"
"ENSG00000250790.4","turquoise"
"ENSG00000248964.7","blue"
"ENSG00000166165.13","turquoise"
"ENSG00000247774.7","turquoise"
"ENSG00000121653.11","brown"
"ENSG00000108176.15","brown"
"ENSG00000046889.19","brown"
"ENSG00000176601.13","blue"
"ENSG00000140678.17","turquoise"
"ENSG00000287737.1","blue"
"ENSG00000197766.8","grey"
"ENSG00000238133.6","turquoise"
"ENSG00000130711.5","grey"
"ENSG00000243055.1","grey"
"ENSG00000251287.8","grey"
"ENSG00000273249.1","blue"
"ENSG00000004139.14","turquoise"
"ENSG00000151006.7","blue"
"ENSG00000171509.16","grey"
"ENSG00000237614.3","brown"
